monthly_income,monthly_expenses,existing_debt_payment,credit_score,age,debt_to_income_ratio,max_affordable_loan
72417.85,39471.08,7285.17,718.0,44,0.646,393533.11
56543.39,26827.15,2351.93,654.0,39,0.516,488535.63
76192.21,39935.67,2233.69,634.0,66,0.553,525442.25
98075.75,64456.34,10630.42,838.0,66,0.766,408590.2
54146.17,40159.05,6253.93,636.0,24,0.857,141854.44
54146.58,34414.11,3687.97,733.0,63,0.704,352894.96
99480.32,56232.09,2621.52,711.0,28,0.592,799468.86
79185.87,61345.43,3465.72,558.0,33,0.818,276812.62
48263.14,24279.96,4648.56,626.0,53,0.599,272706.53
73564.0,51835.98,1504.51,746.0,68,0.725,402106.12
48414.56,24536.04,3905.95,669.0,39,0.587,392486.38
48356.76,29722.65,1617.08,563.0,57,0.648,277424.02
66049.06,35201.88,1941.22,712.0,54,0.562,580283.59
15000.0,8124.33,699.79,633.0,20,0.588,136550.34
16877.05,8327.0,2140.78,715.0,52,0.62,120843.51
45942.81,34536.5,4281.78,850.0,66,0.845,138494.44
34679.22,15260.98,2576.75,711.0,55,0.514,347400.14
67856.18,29786.5,14843.51,729.0,59,0.658,483726.19
37299.4,32381.44,4578.61,660.0,58,0.991,5910.16
24692.41,17202.64,1151.81,590.0,55,0.743,102089.12
96641.22,19328.24,4862.7,762.0,41,0.25,1541198.86
54355.59,25286.83,5697.47,632.0,51,0.57,392348.22
61688.21,17161.76,4612.4,662.0,52,0.353,711529.79
24381.3,9932.85,419.84,823.0,28,0.425,287784.43
46390.43,9278.09,405.68,653.0,32,0.209,641838.6
62773.06,33235.3,8694.71,777.0,31,0.668,403939.89
31225.16,11825.24,5765.49,711.0,62,0.563,231769.09
69392.45,38789.39,4556.99,636.0,34,0.625,484369.28
44984.03,13775.54,8293.35,707.0,38,0.491,406389.9
52707.66,29644.72,3424.93,623.0,45,0.627,395111.38
44957.33,21928.5,2746.25,752.0,60,0.549,390645.69
106306.95,82419.03,16515.4,780.0,55,0.931,157518.35
59662.57,45445.19,1296.13,684.0,39,0.783,249908.39
33557.23,22409.58,494.59,787.0,51,0.683,230605.86
80563.62,40363.01,3058.67,693.0,18,0.539,649446.11
29478.91,24992.43,3242.31,753.0,40,0.958,20889.91
65221.59,20678.16,2014.05,850.0,49,0.348,783201.24
15000.0,5091.99,792.4,850.0,21,0.392,166508.81
26795.35,14400.69,1812.32,665.0,58,0.605,174599.32
64921.53,57657.18,1920.18,703.0,60,0.918,86951.5
78461.66,40772.54,4781.2,596.0,23,0.581,556668.22
64284.21,33589.35,1306.76,744.0,33,0.543,597928.31
57108.79,19057.97,4655.73,711.0,27,0.415,538819.16
52472.41,36305.1,1467.86,618.0,52,0.72,238410.12
23036.95,15964.06,874.16,775.0,41,0.731,131959.14
42003.89,28073.78,2867.61,659.0,27,0.737,167261.94
48484.03,22090.14,7839.47,638.0,29,0.617,327226.4
86428.06,38373.54,4053.88,712.0,50,0.491,863843.77
68590.46,24420.37,413.63,643.0,44,0.362,935638.92
15924.0,8958.54,792.52,677.0,42,0.612,85435.58
68102.1,26419.45,6243.07,820.0,27,0.48,611125.24
50372.94,18808.63,2304.79,631.0,42,0.419,528389.1
43076.95,20954.63,713.86,734.0,49,0.503,387660.64
75291.91,35886.12,4737.92,633.0,59,0.54,442338.24
85774.99,40254.48,2986.65,602.0,43,0.504,698754.59
83282.0,51632.07,9359.71,673.0,21,0.732,366223.94
39019.56,21923.42,415.02,850.0,26,0.572,281851.11
52269.69,26489.06,7543.57,743.0,44,0.651,331829.45
68281.59,39429.33,8313.0,717.0,26,0.699,331421.19
84388.63,33862.7,976.82,638.0,61,0.413,798108.76
48020.64,27169.69,1128.05,649.0,43,0.589,396024.36
55358.53,31697.76,2990.68,561.0,28,0.627,409379.16
32341.63,10496.25,4756.38,824.0,55,0.472,309529.46
30094.83,21046.94,778.05,702.0,49,0.725,154025.55
80313.15,33553.62,2866.0,695.0,47,0.453,854551.61
93906.0,52920.4,10367.88,696.0,56,0.674,514250.41
58199.75,42175.13,3731.01,847.0,26,0.789,224228.04
85088.32,58613.22,5320.09,704.0,28,0.751,414961.86
69040.9,38328.06,1599.0,665.0,40,0.578,510899.74
43872.01,21744.07,4488.33,824.0,34,0.598,343688.79
69034.89,47780.9,9508.03,670.0,49,0.83,186911.19
98450.91,64111.65,10761.1,545.0,28,0.761,349009.24
59104.35,27025.18,3736.99,558.0,39,0.52,474866.42
99116.09,42695.84,7026.02,665.0,67,0.502,848448.01
15000.0,3587.2,498.32,703.0,49,0.272,203048.6
80547.56,46162.19,7470.68,746.0,26,0.666,558145.67
62176.18,33425.62,5920.71,607.0,34,0.633,399596.54
52524.82,37840.39,4382.17,662.0,42,0.804,172685.72
62294.02,37616.76,2546.72,615.0,33,0.645,418830.7
15000.0,11252.02,766.09,769.0,63,0.801,57181.76
54508.2,24277.7,2069.53,783.0,50,0.483,618134.91
68927.81,49677.83,4826.46,837.0,19,0.791,268872.57
96947.35,45629.49,4776.42,708.0,60,0.52,850753.65
47043.24,31360.88,1955.17,829.0,56,0.708,264890.84
39787.66,13177.13,9076.46,625.0,59,0.559,309505.3
47456.07,27774.63,2647.34,697.0,29,0.641,319977.6
82885.05,20911.63,6431.55,595.0,60,0.33,949439.41
68218.78,34786.76,8894.1,726.0,51,0.64,496124.75
46755.99,28804.18,2321.07,703.0,42,0.666,299800.7
72831.69,34365.97,4201.68,484.0,31,0.53,671185.12
62426.94,24498.48,12189.91,769.0,26,0.588,624084.19
84216.12,57007.39,5857.21,748.0,47,0.746,376880.69
42448.67,22687.99,1917.93,636.0,29,0.58,297510.71
51808.45,24690.06,8099.21,702.0,27,0.633,305357.59
50197.3,27923.97,4803.66,561.0,41,0.652,338463.78
23412.13,21070.91,1845.87,618.0,51,0.979,8235.82
67403.01,48734.09,376.72,814.0,29,0.729,371057.44
66526.38,48190.78,3279.7,588.0,43,0.774,225242.16
60127.84,36998.58,2080.6,681.0,49,0.65,386835.06
54135.32,31126.34,8192.85,568.0,52,0.726,204667.65
24615.73,4923.15,1350.05,707.0,30,0.255,379434.36
49483.87,22176.34,3555.29,725.0,36,0.52,525608.64
51432.14,24580.13,3838.56,738.0,30,0.553,464309.65
39943.07,10735.35,4174.39,717.0,39,0.373,421599.81
55967.86,21065.61,5264.44,794.0,65,0.47,611466.07
70101.27,17726.83,7391.13,636.0,40,0.358,807542.9
107154.65,58319.07,14168.16,595.0,18,0.676,675594.69
64364.45,43305.36,446.01,633.0,25,0.68,392867.42
66438.76,47571.23,2769.49,572.0,62,0.758,241796.13
58138.85,35593.63,6112.94,686.0,56,0.717,334297.38
15000.0,6082.36,211.65,669.0,51,0.42,155540.14
59337.15,15438.95,7599.09,718.0,30,0.388,764702.78
61505.76,17619.53,6425.88,551.0,61,0.391,523331.47
121581.05,43726.94,1568.61,679.0,66,0.373,1456312.09
55190.98,22996.48,2285.04,777.0,58,0.458,561394.7
67538.68,35527.9,3028.22,726.0,27,0.571,547431.82
59132.21,23527.25,4348.09,528.0,20,0.471,474583.46
30783.05,18495.88,1564.83,679.0,45,0.652,204211.09
88570.57,45627.92,2558.9,621.0,44,0.544,637969.33
78798.33,43463.73,11436.46,681.0,38,0.697,366082.85
79775.8,57521.35,3125.79,650.0,28,0.76,314503.61
37265.31,13898.67,2228.94,819.0,41,0.433,388638.94
95069.86,58259.35,8301.97,687.0,29,0.7,503416.24
24953.72,13672.25,1041.91,705.0,24,0.59,202483.19
74671.43,37334.0,6434.8,676.0,59,0.586,507273.03
114761.39,78357.75,5086.15,718.0,49,0.727,628983.04
35236.59,24026.14,5816.91,663.0,27,0.847,102345.4
45842.56,18704.97,1610.63,742.0,45,0.443,531303.87
62491.28,32662.69,2545.46,649.0,43,0.563,466818.53
47413.11,28077.18,5176.52,790.0,46,0.701,319131.77
21233.41,10808.85,2787.48,720.0,44,0.64,138081.43
61714.07,39358.35,3803.23,668.0,69,0.699,363871.46
33442.41,19803.88,5828.89,747.0,27,0.766,172981.32
71839.81,59259.52,6958.2,719.0,21,0.922,117377.4
37014.39,11861.56,902.32,746.0,59,0.345,454473.34
98748.36,52498.05,3587.69,687.0,39,0.568,691553.12
40418.67,16722.2,7417.41,661.0,27,0.597,263670.85
51948.46,33279.02,1782.31,691.0,21,0.675,278161.0
80337.93,24697.83,10062.78,640.0,24,0.433,749477.71
29228.39,17593.94,3760.13,758.0,67,0.731,149950.18
65686.5,29919.72,1297.83,798.0,40,0.475,718685.08
92678.57,40767.05,10039.3,726.0,20,0.548,844776.02
19812.92,6598.2,1348.7,793.0,41,0.401,254145.91
64615.85,31031.02,4446.47,770.0,64,0.549,611593.73
66497.07,47390.8,5592.26,659.0,54,0.797,238725.44
79545.57,43449.52,12445.29,747.0,47,0.703,477816.89
29076.23,18729.51,2190.17,577.0,58,0.719,134103.98
26988.58,21582.67,606.4,695.0,69,0.822,90653.3
73048.54,43066.74,2605.0,585.0,29,0.625,454500.94
67424.62,31432.01,11193.41,671.0,38,0.632,446383.17
66262.32,41088.46,8669.58,565.0,65,0.751,266686.05
68661.21,32157.86,763.46,768.0,60,0.479,564723.22
42999.38,20396.18,1080.02,648.0,34,0.499,371964.11
65806.34,21190.7,10682.36,753.0,20,0.484,684940.09
67326.81,46384.04,998.44,674.0,32,0.704,394702.52
42141.21,20737.68,891.71,532.0,53,0.513,351571.92
106644.36,61567.36,6127.65,641.0,49,0.635,622513.64
71845.82,28350.77,2105.8,638.0,26,0.424,692991.1
30217.41,18595.56,1483.91,679.0,57,0.664,154340.13
76413.84,33294.18,6628.61,801.0,67,0.522,764838.63
35632.96,18840.7,4927.4,814.0,39,0.667,213858.84
79677.12,54313.81,3349.14,662.0,53,0.724,409212.69
88964.89,59483.16,15778.41,579.0,49,0.846,242146.69
39482.94,21585.15,5118.89,620.0,22,0.676,202809.05
84084.4,23945.59,2016.05,718.0,58,0.309,1111519.25
70319.52,63287.57,9530.68,671.0,65,1.036,0.0
80551.5,65398.06,2190.38,554.0,21,0.839,207680.84
107419.82,70725.34,1488.01,640.0,65,0.672,688950.97
53865.3,23540.18,1327.32,785.0,22,0.462,578577.58
41156.6,21934.87,1855.72,703.0,24,0.578,329931.09
37762.14,17691.07,204.55,684.0,28,0.474,358156.01
39604.74,29290.81,951.13,649.0,56,0.764,181861.94
58072.46,34226.48,419.02,643.0,23,0.597,408069.31
68528.8,29630.17,12338.93,724.0,46,0.612,525972.23
66917.27,32079.25,2944.51,691.0,68,0.523,637768.79
80679.58,57942.32,6691.37,742.0,34,0.801,334140.54
60325.05,47657.67,2154.33,724.0,45,0.826,207512.82
96338.35,75071.64,5526.55,682.0,55,0.837,307677.94
53383.58,35422.93,706.34,711.0,36,0.677,320584.32
128004.23,65551.77,3582.49,633.0,66,0.54,990255.62
75641.68,15128.34,5247.03,676.0,61,0.269,1033383.25
38571.06,22933.35,458.42,787.0,29,0.606,305470.88
33227.69,18266.11,1080.63,681.0,62,0.582,260492.15
72061.81,41147.1,4640.95,663.0,55,0.635,523759.3
54413.43,30367.3,784.27,697.0,36,0.572,428422.29
77850.01,27330.08,10172.31,587.0,50,0.482,593273.15
71830.94,45512.89,3480.62,698.0,62,0.682,334054.44
58179.28,37515.89,5085.39,816.0,22,0.732,314442.42
38830.16,25330.88,1833.31,615.0,18,0.7,223263.67
22128.82,15312.85,1539.93,701.0,52,0.762,95097.77
48837.13,31285.44,1658.72,678.0,52,0.675,342177.65
81409.97,39768.41,1737.3,676.0,64,0.51,734150.76
65352.34,35249.39,1087.3,675.0,64,0.556,650852.6
28856.53,16265.52,2384.16,737.0,48,0.646,190738.66
64329.52,36420.48,3032.12,592.0,53,0.613,491876.98
69632.93,48724.44,2368.44,735.0,57,0.734,334744.69
37903.56,24506.56,409.18,686.0,52,0.657,261972.42
63843.13,55007.34,3182.98,539.0,57,0.911,98374.28
61455.22,54140.22,2773.82,710.0,29,0.926,87124.53
31425.74,17659.62,2383.48,689.0,35,0.638,215216.09
68944.68,13788.94,5219.4,610.0,45,0.276,986981.28
74019.61,54443.27,8795.05,693.0,30,0.854,194228.89
87076.28,40833.86,608.21,575.0,47,0.476,779039.1
86345.05,37109.15,6049.77,625.0,57,0.5,962241.44
25558.27,12529.51,1068.46,683.0,34,0.532,229705.96
36554.37,17655.89,1445.38,545.0,26,0.523,323926.6
72875.88,46774.69,2305.39,588.0,56,0.673,395793.55
72844.65,23025.07,1006.76,600.0,39,0.33,794590.15
72876.19,28300.88,1990.92,686.0,32,0.416,837391.65
156318.29,94021.35,8582.83,715.0,46,0.656,1021887.27
74272.26,47789.86,6148.59,609.0,33,0.726,344862.33
88389.14,57119.82,7673.12,604.0,37,0.733,338451.07
83850.04,36218.57,1527.45,691.0,42,0.45,693692.2
76284.78,30762.61,4115.55,689.0,57,0.457,610553.04
52118.27,24704.31,3419.04,624.0,41,0.54,433975.27
78974.23,46277.39,4252.04,826.0,33,0.64,507232.63
40679.37,31437.9,163.37,695.0,68,0.777,137655.32
54079.53,13135.08,3216.5,666.0,33,0.302,619549.83
47865.91,24741.44,1860.81,649.0,42,0.556,305965.2
62046.85,21722.49,2549.97,761.0,63,0.391,679036.11
117866.46,35614.95,13323.01,724.0,65,0.415,1203229.24
15000.0,10425.65,1621.62,541.0,18,0.803,51018.78
77156.5,48739.28,3082.91,624.0,67,0.672,449707.94
19682.1,12152.03,932.52,644.0,67,0.665,111221.0
48201.7,33170.19,865.45,679.0,50,0.706,273882.05
87223.76,41696.64,1311.45,730.0,66,0.493,726714.79
61607.0,29885.83,7167.66,594.0,69,0.601,399820.5
33056.38,29018.86,4666.52,674.0,24,1.019,0.0
42117.41,21606.83,3965.51,816.0,55,0.607,325939.09
76989.94,50834.14,13156.95,682.0,62,0.831,187375.74
41740.83,22997.41,2619.37,624.0,45,0.614,345945.16
65411.46,17841.71,3924.19,573.0,56,0.333,760940.24
61139.3,14875.54,4984.98,641.0,45,0.325,757628.18
43709.99,20244.39,2918.6,594.0,49,0.53,279754.64
113598.6,80474.98,6389.07,648.0,41,0.765,485310.97
75847.98,50684.94,4362.07,723.0,25,0.726,379873.72
15000.0,10306.67,957.17,683.0,61,0.751,75535.19
64661.36,25990.18,6003.49,642.0,49,0.495,560795.89
43455.34,34433.18,929.95,537.0,45,0.814,127949.35
81310.83,32952.52,8170.36,747.0,65,0.506,757893.13
40186.98,23385.76,3545.18,652.0,20,0.67,268672.69
57131.59,31333.66,498.01,689.0,24,0.557,389160.06
72624.68,38049.45,4924.02,607.0,23,0.592,422508.76
81643.88,61297.31,7472.12,647.0,46,0.842,177159.76
29992.59,13323.71,882.39,634.0,62,0.474,307517.4
51637.47,17947.08,4708.41,573.0,31,0.439,535069.92
48126.37,26613.85,5880.12,607.0,62,0.675,237195.79
43666.77,21397.85,2874.65,679.0,57,0.556,301646.02
104136.36,93722.72,9866.17,704.0,36,0.995,11063.7
70124.54,45684.47,1205.79,625.0,63,0.669,347361.18
28477.9,13914.27,3089.95,584.0,42,0.597,189106.26
82946.55,32480.48,5140.51,651.0,54,0.454,762363.71
113053.9,30293.56,14459.83,742.0,35,0.396,1679300.66
85811.63,34000.04,8405.15,605.0,21,0.494,735428.12
22015.75,12488.24,1133.58,681.0,18,0.619,171861.83
47894.15,36595.88,2960.59,627.0,50,0.826,152629.56
91672.78,65844.28,4130.11,770.0,45,0.763,398048.41
42308.26,24723.44,2939.21,639.0,58,0.654,243540.43
71095.49,35656.15,9926.55,733.0,36,0.641,483322.15
79365.85,46851.4,4274.78,761.0,50,0.644,545362.55
36826.74,17389.74,5018.16,803.0,32,0.608,269150.34
58511.87,47263.23,8408.14,572.0,62,0.951,50444.37
15000.0,7824.32,359.0,568.0,40,0.546,114785.05
34390.31,18469.29,1714.14,773.0,46,0.587,254912.86
53685.8,11683.46,1940.58,760.0,56,0.254,738758.54
28805.42,14998.54,3173.06,631.0,31,0.631,196037.33
100810.28,68094.59,5715.99,421.0,47,0.732,361470.69
24246.47,9452.28,1562.0,686.0,19,0.454,215636.83
48998.89,21431.72,5707.11,559.0,30,0.554,317593.64
63268.51,42320.73,10441.63,614.0,57,0.834,175553.9
96031.83,31546.59,15991.22,694.0,45,0.495,866556.69
24103.45,17081.39,1129.26,705.0,48,0.756,96680.06
89079.09,41883.07,12878.27,807.0,29,0.615,675989.75
60255.83,29628.68,5267.46,650.0,30,0.579,451297.68
35462.28,13525.96,3429.85,602.0,20,0.478,347686.41
71552.59,43411.45,12003.79,753.0,46,0.774,334955.69
64976.49,58478.84,1259.83,710.0,68,0.919,77593.23
44994.58,30021.49,2558.23,651.0,47,0.724,227247.36
61745.05,25954.98,8781.41,683.0,29,0.563,394266.22
50367.16,36281.64,2560.56,650.0,38,0.771,216540.67
62837.93,31575.94,5206.8,735.0,19,0.585,517449.52
76553.27,57887.49,3275.55,815.0,69,0.799,274189.75
99650.42,66865.58,4790.02,622.0,67,0.719,504564.71
29054.61,5810.92,2608.7,714.0,33,0.29,343398.95
113325.83,45260.98,12412.29,558.0,49,0.509,914131.24
15000.0,10374.87,618.1,594.0,45,0.733,69047.99
56205.37,32191.55,6158.37,725.0,26,0.682,325065.01
74707.93,29616.96,4218.3,674.0,34,0.453,793761.99
67024.8,30493.71,6810.44,591.0,67,0.557,467266.93
44432.51,11733.05,2725.07,681.0,36,0.325,571514.57
54796.94,29411.93,4515.61,750.0,24,0.619,347914.48
47674.98,42030.42,2859.66,564.0,53,0.942,36764.2
45265.88,30361.64,617.95,820.0,57,0.684,235095.16
81240.05,71374.47,3906.54,726.0,18,0.927,100450.28
68925.39,47031.9,4261.3,727.0,59,0.744,351873.81
42677.26,30049.99,2487.37,680.0,53,0.762,194072.19
82490.0,69795.76,15665.2,820.0,66,1.036,0.0
67682.49,41055.49,7243.96,757.0,56,0.714,292629.22
80321.55,41921.1,6888.1,651.0,18,0.608,662669.17
75740.72,53389.53,4571.19,741.0,65,0.765,284678.29
39275.12,30166.28,386.9,621.0,41,0.778,157444.94
45995.47,21986.08,2522.61,658.0,27,0.533,368344.95
78682.34,34759.08,8227.68,797.0,28,0.546,727278.76
75259.26,42960.12,2868.69,711.0,55,0.609,617322.0
59477.46,40130.92,2232.87,733.0,39,0.712,327712.62
62933.18,42147.21,1474.09,774.0,48,0.693,399088.95
91941.62,30926.85,2420.85,724.0,18,0.363,1423353.55
45210.72,37829.66,10358.6,615.0,58,1.066,0.0
73677.43,33436.68,7713.81,813.0,28,0.559,538485.15
54945.18,28035.24,4738.69,721.0,23,0.596,299806.07
54557.97,22619.84,4571.83,727.0,68,0.498,539709.38
87469.42,78722.48,14573.11,684.0,62,1.067,0.0
80635.41,47277.39,10390.66,769.0,34,0.715,477091.28
80337.74,33930.95,540.72,833.0,31,0.429,684488.3
92636.97,62955.02,2748.41,650.0,49,0.709,534711.89
60525.1,40271.61,5401.49,765.0,37,0.755,282161.39
77048.82,40207.23,5795.78,683.0,21,0.597,682422.79
52243.33,35321.25,3465.02,520.0,56,0.742,217768.45
68104.16,29026.42,1472.36,568.0,64,0.448,664433.36
56746.42,27014.83,3028.72,714.0,39,0.529,476987.59
62424.9,15510.56,6118.12,761.0,46,0.346,745279.82
74878.93,26313.0,3449.65,729.0,59,0.397,870517.07
39544.48,32471.74,708.88,742.0,54,0.839,116578.73
112309.68,89422.57,12494.59,850.0,30,0.907,197829.41
34849.57,19511.17,590.24,722.0,32,0.577,285477.28
29645.28,23699.62,3281.46,659.0,52,0.91,44914.03
88952.77,46788.16,4711.09,670.0,42,0.579,702225.01
79791.57,40972.05,4394.75,811.0,68,0.569,573133.1
75603.0,42222.5,7091.44,578.0,20,0.652,444772.59
75708.64,40221.1,3076.48,779.0,68,0.572,615636.44
59693.83,30904.72,8837.69,681.0,29,0.666,281094.31
37568.64,27106.14,985.39,613.0,31,0.748,144097.69
61895.11,35436.21,6317.2,564.0,57,0.675,250553.08
43070.96,28292.12,1657.56,798.0,49,0.695,259807.04
84377.99,59461.77,6536.06,611.0,67,0.782,292748.6
56323.57,34257.56,3616.97,685.0,21,0.672,325100.37
39362.57,15920.56,3528.91,602.0,46,0.494,387918.56
51965.35,18035.62,1084.1,837.0,48,0.368,659389.74
70323.29,40247.22,8979.33,688.0,49,0.7,396135.37
45906.89,24069.51,4619.7,572.0,41,0.625,275712.73
39444.49,22211.54,3084.73,646.0,28,0.641,232390.28
66092.18,36191.54,2577.41,791.0,47,0.587,456617.9
66124.16,59511.75,2792.35,602.0,66,0.942,70405.17
47326.42,16586.3,5865.65,651.0,36,0.474,510953.1
48224.04,12128.74,1042.47,775.0,53,0.273,756231.8
65801.25,39471.31,3131.51,707.0,23,0.647,377870.98
23797.89,11745.13,3707.94,582.0,19,0.649,159230.77
24813.41,14823.78,1238.3,698.0,56,0.647,158140.38
42038.89,26803.26,3808.28,668.0,36,0.728,235937.34
54663.82,40594.21,2476.92,684.0,63,0.788,219115.81
67772.69,21952.67,10719.34,756.0,65,0.482,690622.48
96883.91,45195.6,16010.28,699.0,57,0.632,678253.5
81441.49,50030.66,9376.23,673.0,35,0.729,330486.49
56001.54,37272.92,3990.12,669.0,58,0.737,231890.69
59524.59,52323.16,4401.54,766.0,53,0.953,50404.13
34936.77,24223.6,3581.4,622.0,63,0.796,119855.97
59537.17,32238.29,6816.07,507.0,69,0.656,332006.88
52783.53,21980.89,3539.48,662.0,67,0.483,466145.5
68067.96,31675.87,7266.69,710.0,37,0.572,512096.26
39319.23,18129.88,3038.56,647.0,54,0.538,361910.31
72983.66,47314.22,1256.35,638.0,18,0.665,488648.59
98318.47,57865.3,3937.98,651.0,40,0.629,688964.32
57281.0,20131.55,5168.4,678.0,55,0.442,537628.56
70042.79,33943.77,5480.35,576.0,37,0.563,538327.68
77253.6,52658.54,6748.9,733.0,21,0.769,378408.86
49969.49,30119.08,8206.35,467.0,68,0.767,176459.2
65602.31,41676.93,710.59,723.0,66,0.646,491816.68
60314.81,36637.52,5328.76,705.0,55,0.696,404174.92
62441.9,49576.66,8319.66,720.0,22,0.927,92976.88
40674.76,23811.26,3527.54,526.0,23,0.672,230235.31
60612.75,29827.33,2300.55,703.0,43,0.53,543351.79
72449.96,29895.51,2080.18,637.0,18,0.441,758199.08
96278.59,56558.03,2103.67,808.0,67,0.609,772843.29
83981.77,16796.35,3485.84,709.0,32,0.242,1034367.43
113829.56,59459.63,9340.81,586.0,33,0.604,867024.64
40816.31,21188.73,2440.47,545.0,40,0.579,285841.2
81808.02,28250.71,15936.47,631.0,58,0.54,820953.97
64583.55,26528.35,1275.17,745.0,39,0.431,889523.88
114745.07,77045.42,6081.57,772.0,22,0.724,594258.3
39792.54,23262.99,1060.99,695.0,60,0.611,289280.91
39006.95,22049.39,458.34,686.0,22,0.577,287786.97
45015.18,26826.89,9339.02,653.0,23,0.803,142681.39
15000.0,8458.41,1961.24,678.0,19,0.695,82552.07
46856.12,34506.23,3366.03,777.0,27,0.808,174324.02
41021.68,23321.42,4546.6,652.0,53,0.679,203701.95
63759.84,21121.6,2063.38,733.0,63,0.364,677284.52
68543.9,54459.46,2015.36,638.0,52,0.824,149514.08
106904.27,64735.99,370.44,761.0,62,0.609,706595.59
83760.6,38664.89,8751.99,726.0,40,0.566,737696.96
45577.41,16498.55,6356.23,758.0,64,0.501,496686.47
37539.63,22876.17,1915.06,831.0,33,0.66,204652.03
72297.98,38493.19,1099.78,473.0,54,0.548,442259.32
26994.17,21220.71,2642.67,740.0,59,0.884,66388.11
105786.47,52693.71,8573.8,718.0,52,0.579,757712.1
89486.0,37977.22,8518.4,716.0,65,0.52,762217.38
48270.61,33034.93,1769.64,699.0,57,0.721,230542.36
17171.64,11827.69,901.6,699.0,33,0.741,89154.3
93846.81,53989.85,11452.8,707.0,22,0.697,612701.87
57136.5,37221.78,1253.66,752.0,28,0.673,357866.99
90945.41,49505.85,8268.96,746.0,68,0.635,601267.09
20139.31,11783.1,1312.51,678.0,46,0.65,124834.55
45015.62,32625.01,3373.17,665.0,65,0.8,176439.32
60131.09,38712.26,6902.03,682.0,63,0.759,277592.07
61174.51,32092.69,10709.62,647.0,28,0.7,317812.33
48748.36,36700.42,2843.48,822.0,63,0.811,182319.27
75571.25,15114.25,1021.77,578.0,33,0.214,932437.94
33309.49,28573.25,118.61,740.0,42,0.861,81367.95
56440.51,16599.5,7001.62,740.0,67,0.418,533245.22
63007.39,28727.34,2808.37,638.0,20,0.501,618337.42
72860.97,39626.34,3950.8,704.0,20,0.598,417701.81
77790.37,41075.49,489.78,781.0,18,0.534,721889.38
31883.95,22349.42,886.43,654.0,29,0.729,153735.81
21647.15,8471.06,786.16,785.0,24,0.428,238537.57
91941.92,54164.37,10924.71,769.0,60,0.708,485146.8
68307.85,31644.85,3594.56,623.0,62,0.516,560145.11
41287.84,24536.17,6778.09,591.0,63,0.758,200109.46
98778.8,53368.62,2490.87,693.0,49,0.566,791620.56
62891.87,35467.26,1044.15,581.0,39,0.581,453875.81
89482.43,41834.04,4621.29,448.0,29,0.519,670979.03
61687.96,29208.66,3389.35,641.0,23,0.528,477909.7
111518.7,66140.72,3284.44,850.0,55,0.623,803298.23
103883.52,71841.41,8021.68,644.0,56,0.769,447818.97
53775.9,24750.79,2863.42,710.0,55,0.514,443802.61
84289.27,35374.93,3765.8,736.0,58,0.464,842149.06
76134.4,48879.73,9219.97,677.0,38,0.763,364502.32
94215.79,51359.33,10637.64,653.0,45,0.658,535680.27
35876.91,24201.66,3560.47,778.0,49,0.774,155326.57
77151.29,31950.69,14240.37,683.0,44,0.599,547457.47
86460.61,24475.63,3558.26,673.0,66,0.324,1108116.15
16031.51,7535.6,1483.92,744.0,66,0.563,134670.01
30418.54,13233.5,4328.53,598.0,32,0.577,205268.33
15000.0,8072.73,1372.34,579.0,50,0.63,88924.06
53264.83,24207.44,7319.16,550.0,49,0.592,336821.36
77938.56,51529.27,3446.23,725.0,63,0.705,398572.99
97558.93,49440.66,8035.13,667.0,51,0.589,594526.36
61852.37,35414.88,4078.85,746.0,69,0.639,431569.14
100715.39,57774.9,1754.55,684.0,24,0.591,699346.77
25497.46,14769.23,1667.0,570.0,30,0.645,159622.62
17415.44,9515.46,460.36,652.0,56,0.573,133540.45
58611.31,36725.27,7451.1,752.0,67,0.754,264296.34
69601.64,29974.07,2295.22,659.0,23,0.464,637238.7
59182.63,44973.63,9775.93,775.0,68,0.925,74308.38
15000.0,7717.79,1895.8,644.0,26,0.641,96590.13
57772.0,20408.98,580.2,738.0,59,0.363,687732.8
27388.26,15836.19,675.98,537.0,21,0.603,167246.65
76741.81,32409.83,3530.19,662.0,47,0.468,586402.13
69164.96,44943.4,6308.65,649.0,45,0.741,311735.7
36503.01,32175.24,5477.74,568.0,38,1.032,0.0
47153.33,20370.91,3681.15,769.0,29,0.51,493425.6
33519.66,20106.97,4724.2,629.0,30,0.741,152796.56
58433.02,16751.24,2629.87,621.0,67,0.332,761267.75
83878.56,51844.14,5460.36,784.0,30,0.683,483740.74
35356.85,14748.86,1826.41,693.0,69,0.469,334694.31
72601.16,33126.08,9047.68,742.0,44,0.581,517479.52
46743.56,17987.25,2557.66,544.0,45,0.44,420250.77
40178.18,26510.47,5959.83,616.0,35,0.808,144911.58
57324.24,40189.78,4980.18,847.0,54,0.788,266449.24
34118.94,18885.1,976.73,748.0,33,0.582,276694.42
46158.77,19402.19,4194.25,594.0,38,0.511,333817.43
30053.05,23694.68,1839.51,698.0,27,0.85,71342.83
109118.13,47732.47,11440.33,600.0,31,0.542,836314.88
60881.59,13740.68,7519.32,792.0,45,0.349,720767.18
42506.86,26301.48,4896.99,498.0,46,0.734,191987.58
65349.5,25112.75,4774.31,702.0,64,0.457,684094.32
57191.8,39936.54,2934.9,701.0,28,0.75,272631.51
54475.76,26847.25,3664.95,591.0,47,0.56,385373.0
75354.17,48268.64,1901.53,658.0,57,0.666,456937.88
78937.69,60010.41,13448.8,710.0,44,0.931,104831.01
46737.47,17230.76,2418.65,538.0,66,0.42,429097.59
45604.54,21211.1,3727.01,578.0,20,0.547,340754.27
53123.71,28615.05,695.62,668.0,18,0.552,441540.99
15000.0,11709.49,1201.67,613.0,49,0.861,32238.37
22120.22,9981.59,261.53,643.0,56,0.463,197997.95
94171.86,43396.69,15298.04,678.0,38,0.623,600816.91
101124.19,62871.04,4875.54,607.0,19,0.67,632649.74
53774.1,24919.76,4977.59,678.0,27,0.556,409666.67
74413.92,42630.17,6991.83,704.0,48,0.667,458440.48
67781.25,21504.92,1304.33,742.0,35,0.337,905449.0
136972.02,120829.8,6086.89,580.0,24,0.927,157285.31
87989.37,30606.54,3704.81,630.0,22,0.39,1023505.08
56802.06,28499.7,350.91,727.0,46,0.508,573736.55
36111.49,19685.38,3417.79,561.0,21,0.64,171041.25
19838.84,16603.19,187.55,688.0,63,0.846,57617.94
65086.59,22863.17,6675.44,682.0,20,0.454,712950.32
41091.23,34827.1,3377.26,473.0,30,0.93,43333.26
24443.66,16220.24,2992.34,640.0,20,0.786,97388.54
43835.68,26852.17,169.85,706.0,25,0.616,269456.33
32961.3,13260.49,5082.73,663.0,67,0.557,220694.92
102178.54,64951.95,180.98,642.0,68,0.637,627295.55
82040.99,36219.21,7625.44,692.0,21,0.534,630841.16
59800.68,44252.46,792.44,759.0,59,0.753,292158.45
96998.6,39220.48,5462.62,723.0,52,0.461,1008679.88
61934.21,33012.56,771.33,620.0,29,0.545,576360.44
38467.89,17953.31,1731.47,563.0,41,0.512,339042.06
98078.1,39414.8,8656.0,722.0,55,0.49,877254.18
73472.75,48580.03,5467.24,586.0,36,0.736,331591.77
34068.85,21474.23,1583.79,638.0,53,0.677,198344.5
55241.53,40400.98,7091.0,696.0,52,0.86,149673.11
38109.54,10785.71,468.12,772.0,35,0.295,409275.8
25430.01,18045.78,238.88,783.0,57,0.719,132405.36
83154.44,74838.99,1006.1,685.0,51,0.912,146957.53
107735.42,51955.82,5385.03,639.0,42,0.532,924484.87
25035.81,20886.68,209.89,584.0,24,0.843,67114.62
74074.23,37816.81,4839.6,837.0,28,0.576,597812.7
43733.94,15050.53,1801.06,657.0,55,0.385,473905.33
47821.87,24109.64,1739.51,734.0,36,0.541,415098.55
45190.15,31959.86,672.86,696.0,52,0.722,209345.35
38400.23,16292.2,4382.43,640.0,62,0.538,321443.85
61213.04,28154.89,3202.06,637.0,37,0.512,529770.42
39226.25,25066.78,2084.06,569.0,44,0.692,194289.51
66761.42,36749.43,2365.81,770.0,48,0.586,509787.94
58744.05,37460.69,3632.45,670.0,42,0.7,278599.96
54026.3,31641.82,7953.35,794.0,19,0.733,313418.24
37310.91,23205.29,814.26,644.0,46,0.644,247040.79
45580.72,22113.7,1281.99,656.0,54,0.513,407525.58
78884.78,46128.64,1165.59,589.0,48,0.6,567144.15
72522.93,29799.24,5070.36,655.0,64,0.481,486191.28
35561.12,26431.34,3557.14,581.0,59,0.843,110357.49
62483.31,28421.08,1362.43,712.0,23,0.477,445902.38
78784.68,56671.96,3791.8,689.0,63,0.767,364190.07
18264.87,9405.66,753.99,798.0,38,0.556,160308.59
73584.0,42700.79,6308.95,563.0,50,0.666,367086.52
43434.41,20664.15,3706.51,777.0,26,0.561,372562.27
74264.97,29527.8,2719.96,602.0,27,0.434,757318.26
40918.52,11796.23,498.75,708.0,39,0.3,502455.36
15000.0,5875.52,225.84,588.0,48,0.407,169689.43
19311.44,9683.02,565.63,696.0,28,0.531,141173.05
61202.12,35606.29,3639.27,479.0,36,0.641,307782.14
66493.06,46648.67,1329.37,626.0,58,0.722,282850.63
37392.08,18065.48,2689.32,688.0,29,0.555,260192.07
75964.81,31730.95,5123.31,820.0,69,0.485,790056.28
18462.0,6158.79,3375.93,510.0,55,0.516,166379.78
58348.01,36293.02,8270.29,680.0,33,0.764,271407.24
29724.6,22515.76,6589.01,639.0,30,0.979,10598.93
43704.1,32338.83,3346.35,527.0,55,0.817,148577.97
61184.97,40167.31,4386.37,590.0,30,0.728,312688.0
38489.67,24855.91,822.42,642.0,32,0.667,211375.37
50386.11,40542.86,6597.93,717.0,35,0.936,58607.54
85157.32,51078.4,2559.01,687.0,33,0.63,591389.87
45577.7,29485.1,1355.16,575.0,58,0.677,229055.47
80892.3,40598.42,10924.02,533.0,67,0.637,432582.93
31757.33,10978.3,3096.9,713.0,59,0.443,352358.59
73245.1,32771.52,1820.64,664.0,61,0.472,761404.16
96039.22,52689.62,2724.51,809.0,22,0.577,719742.94
15000.0,8386.77,541.07,652.0,44,0.595,112033.14
40077.62,33622.83,2462.93,771.0,19,0.9,79595.19
74426.8,41842.12,6782.71,724.0,58,0.653,428835.49
54923.87,39920.12,6387.34,746.0,67,0.843,168597.97
69278.65,33582.02,3875.72,715.0,44,0.541,621577.74
44900.37,22596.05,2225.27,716.0,18,0.553,394440.94
62164.74,21798.0,5688.94,497.0,31,0.442,535148.24
56108.07,24611.85,3396.48,661.0,52,0.499,517943.87
89194.55,56107.58,1693.31,627.0,40,0.648,558674.58
66360.52,36573.54,9166.52,782.0,60,0.689,402661.45
68440.07,47322.25,3397.25,600.0,39,0.741,330580.6
49703.08,28688.02,1264.84,658.0,44,0.603,318522.11
47809.84,23767.8,2079.72,744.0,67,0.541,379756.25
49186.05,42902.26,5038.38,704.0,42,0.975,20479.19
69861.3,37439.68,1665.75,693.0,51,0.56,617796.37
49475.39,35842.45,6919.14,769.0,66,0.864,128681.91
67244.37,32937.55,5392.35,701.0,44,0.57,497969.56
111885.02,73445.79,10980.19,636.0,52,0.755,543888.08
81778.12,56361.67,7189.02,576.0,38,0.777,299723.31
51849.41,30138.7,1160.3,719.0,56,0.604,298595.94
90030.35,18006.07,6930.55,618.0,20,0.277,1056453.88
49798.12,27525.3,808.79,661.0,42,0.569,387250.73
15000.0,11018.54,1347.99,766.0,64,0.824,52336.58
34797.84,21892.09,1432.19,662.0,21,0.67,191318.32
15000.0,9253.14,645.67,644.0,32,0.66,86294.03
51212.16,14936.61,1007.3,658.0,20,0.311,597736.31
60460.46,26719.4,3036.75,660.0,28,0.492,582922.63
101910.93,62339.29,8054.58,601.0,45,0.691,612168.87
68173.18,41691.82,1108.62,814.0,20,0.628,463886.37
54522.49,39921.37,1290.98,636.0,69,0.756,266695.73
80735.14,42649.95,5567.05,743.0,35,0.597,624336.7
15000.0,9163.1,31.8,599.0,63,0.613,97672.12
65890.36,36401.54,402.59,724.0,26,0.559,525731.74
79271.63,31863.91,2123.68,694.0,32,0.429,746046.74
23035.34,4875.0,1573.17,682.0,57,0.28,274596.97
88593.85,54454.34,7268.04,694.0,25,0.697,441071.42
68462.41,39440.65,5674.29,713.0,57,0.659,383874.82
49617.8,22688.92,3898.38,662.0,31,0.536,427111.91
75819.55,23286.01,6292.3,666.0,55,0.39,1001614.77
116767.32,75251.98,3935.86,726.0,30,0.678,647001.42
64546.66,32926.02,3732.94,589.0,56,0.568,459329.46
66205.51,41943.26,4541.31,576.0,64,0.702,364028.06
48515.98,40249.21,4553.98,694.0,27,0.923,60857.76
38753.89,8866.32,202.36,519.0,61,0.234,410729.75
80758.4,35942.32,4110.62,545.0,47,0.496,538306.99
38597.9,20016.63,3281.63,824.0,22,0.604,305013.74
61789.16,47467.91,1637.69,804.0,39,0.795,232426.61
48058.56,14635.73,1409.57,634.0,52,0.334,486109.6
71974.5,60485.87,1551.2,760.0,22,0.862,176337.34
68341.55,38980.54,10027.42,763.0,29,0.717,400597.71
85938.5,46028.65,2134.31,718.0,52,0.56,669093.93
47249.59,24583.54,1781.99,674.0,38,0.558,406595.57
53253.13,25804.36,2527.62,730.0,43,0.532,485020.6
35530.91,25128.08,704.44,744.0,18,0.727,185098.54
48892.67,19054.54,3192.78,731.0,66,0.455,496026.39
69432.51,41785.33,3411.45,556.0,27,0.651,427067.1
78924.72,38860.38,13548.69,843.0,55,0.664,545572.0
36945.87,16096.57,1146.78,850.0,41,0.467,403226.36
81740.15,73566.13,1000.85,527.0,69,0.912,93165.13
93890.95,57541.78,13601.21,721.0,48,0.758,407641.62
70335.87,45154.92,3906.19,844.0,62,0.698,358934.68
106919.9,77053.59,4753.11,760.0,64,0.765,424670.71
40655.27,13692.59,1916.69,761.0,40,0.384,523836.63
28883.63,23477.88,3081.92,565.0,38,0.92,37966.23
15531.99,3106.4,2542.47,743.0,19,0.364,216388.81
97401.11,42338.8,1256.63,699.0,48,0.448,1052431.54
76359.14,36739.84,13737.94,742.0,19,0.661,451787.44
58610.38,37349.97,932.97,597.0,47,0.653,331003.79
66999.22,39047.66,9479.24,594.0,42,0.724,333499.85
31862.77,16727.25,668.59,669.0,66,0.546,272489.65
121143.8,66411.08,7502.29,650.0,36,0.61,913250.02
63230.53,25500.65,1932.56,667.0,18,0.434,497977.55
62734.87,20414.88,3298.54,642.0,54,0.378,575461.94
78144.17,51495.19,8388.6,664.0,45,0.766,305149.8
72025.23,47108.53,7671.05,627.0,37,0.761,319244.1
65597.1,51669.14,4734.81,676.0,65,0.86,178194.99
40238.14,17362.65,1146.03,566.0,22,0.46,257609.96
71786.71,46942.93,6070.16,721.0,47,0.738,316391.91
107050.61,54322.19,2968.43,701.0,40,0.535,959251.8
93635.5,68220.13,6337.8,579.0,59,0.796,286922.77
99829.67,70209.65,9109.96,786.0,44,0.795,406877.77
47219.61,27466.77,1011.26,614.0,59,0.603,337492.85
35259.88,17597.16,964.52,775.0,18,0.526,304232.64
56855.33,39465.55,1510.84,706.0,26,0.721,293532.08
61393.12,39723.54,3197.93,760.0,67,0.699,346340.2
87354.79,39076.76,6586.53,694.0,24,0.523,797838.65
17688.38,6205.62,640.43,725.0,68,0.387,197001.48
98238.76,49779.55,15125.78,759.0,43,0.661,517447.91
56049.8,43568.19,1122.73,833.0,33,0.797,239004.05
49327.97,35613.47,3923.29,766.0,23,0.802,186544.43
34697.39,13294.34,5506.35,716.0,59,0.542,310362.84
18628.58,6982.67,97.79,572.0,54,0.38,176974.49
80579.26,59725.56,1880.38,487.0,62,0.765,289993.16
61832.95,23475.16,578.45,670.0,29,0.389,643220.17
27750.98,17383.05,1077.47,623.0,41,0.665,176032.88
27623.03,12640.0,384.2,626.0,34,0.471,271273.19
51605.38,40900.19,1243.47,673.0,19,0.817,195957.81
101725.54,44193.26,14003.18,733.0,48,0.572,805420.91
53510.22,38607.85,4505.29,630.0,54,0.806,158763.27
22421.43,12953.5,2137.42,752.0,59,0.673,124342.35
53856.42,31658.38,2114.56,683.0,46,0.627,397012.18
53181.91,13532.33,5603.16,683.0,18,0.36,698557.08
15000.0,3293.44,238.99,830.0,61,0.235,197955.55
58642.63,30313.26,2414.02,694.0,31,0.558,449136.87
54226.64,31832.98,1731.3,676.0,57,0.619,330759.83
77405.16,29508.42,8701.57,722.0,66,0.494,874707.53
106223.9,41076.36,5254.07,824.0,28,0.436,1233904.3
88164.13,55915.53,4412.87,676.0,49,0.684,457729.17
53277.78,33800.93,2359.5,715.0,37,0.679,287165.72
32336.85,17117.15,3494.82,671.0,19,0.637,241434.34
124334.0,82934.54,5162.61,672.0,48,0.709,693499.69
61480.46,22985.68,885.35,641.0,22,0.388,664102.83
60348.23,29969.52,10493.09,635.0,49,0.67,333580.26
59396.87,47350.1,4602.31,816.0,67,0.875,140967.73
64952.12,36389.32,491.02,636.0,26,0.568,423735.53
56390.99,32083.48,3132.78,557.0,58,0.625,326008.65
45658.45,40905.04,422.25,690.0,27,0.905,75217.32
46328.53,15756.27,1624.28,761.0,53,0.375,544584.24
59181.17,39619.69,7734.37,779.0,66,0.8,226327.4
46414.38,37112.84,3793.41,584.0,43,0.881,102115.94
42178.86,21143.05,1363.56,769.0,61,0.534,349428.5
62660.76,42543.18,10297.91,845.0,20,0.843,225090.18
53625.57,21594.86,500.51,625.0,53,0.412,542385.78
97599.82,43626.16,4561.15,666.0,40,0.494,916973.39
15000.0,9116.17,1028.05,581.0,47,0.676,90581.47
87287.67,58463.97,10135.55,828.0,56,0.786,392089.75
91152.13,65460.03,6089.52,561.0,40,0.785,350441.7
15000.0,11781.66,670.18,648.0,40,0.83,42432.86
51432.81,27767.7,496.63,743.0,60,0.55,430122.21
50713.98,36972.61,4136.42,625.0,53,0.811,179757.93
24812.21,12372.71,637.23,601.0,42,0.524,217559.46
40554.58,27792.61,6120.81,676.0,37,0.836,122055.56
32235.6,18732.86,1414.46,850.0,55,0.625,261712.72
103806.76,64033.38,726.68,660.0,50,0.624,640466.21
83391.96,51163.15,3147.43,663.0,50,0.651,556023.44
91788.88,28389.77,2223.3,591.0,55,0.334,1138342.36
78041.8,29763.72,3424.41,711.0,18,0.425,830378.07
31773.71,17964.26,1080.22,751.0,64,0.599,246095.34
46886.99,13921.13,2917.4,631.0,50,0.359,419737.94
72234.36,48735.2,1848.49,723.0,55,0.7,459954.78
29446.8,20045.42,1016.18,632.0,41,0.715,152255.1
77824.96,46623.03,10015.65,529.0,26,0.728,365046.34
53991.87,20615.71,5959.7,717.0,48,0.492,526591.63
50629.48,38327.57,4741.25,846.0,55,0.851,159551.69
77774.0,66542.0,3330.98,584.0,66,0.898,139274.5
71106.58,40677.34,5242.33,694.0,45,0.646,529471.05
50975.85,31940.46,1123.45,785.0,40,0.649,434221.63
88983.25,51633.49,2407.9,672.0,47,0.607,699070.43
32973.42,20758.59,1214.37,566.0,35,0.666,207196.6
75398.39,40116.93,10522.47,684.0,43,0.672,430142.06
74827.53,40767.19,1585.12,799.0,69,0.566,622830.0
52261.34,35843.84,4088.43,639.0,50,0.764,225553.53
68153.33,61337.99,8020.02,699.0,33,1.018,0.0
28722.16,9765.23,5038.31,596.0,46,0.515,247126.9
83100.68,44411.34,13395.56,672.0,33,0.696,412538.33
55377.45,20651.96,5819.49,711.0,50,0.478,513057.56
46931.92,37020.08,2660.15,690.0,56,0.845,127626.54
86225.23,39822.2,4946.44,645.0,63,0.519,768777.73
42391.41,14138.38,684.3,715.0,64,0.35,495863.12
24788.47,16006.61,1722.99,734.0,55,0.715,130042.82
21084.27,17112.98,1241.98,739.0,40,0.871,50139.12
75150.25,48813.07,2831.37,657.0,43,0.687,446135.15
27989.27,16253.92,1439.57,630.0,66,0.632,202275.1
103869.85,63503.03,2591.76,837.0,34,0.636,697743.51
15000.0,11433.39,144.11,691.0,55,0.772,67341.08
102411.41,42897.08,10465.76,659.0,62,0.521,798278.62
65275.44,34806.36,3144.22,562.0,41,0.581,486019.35
57582.17,27760.16,8244.93,605.0,60,0.625,324760.9
46377.02,17383.05,3191.78,629.0,36,0.444,514453.94
69978.4,35041.25,1716.95,715.0,59,0.525,600326.48
59059.13,42295.68,5716.43,652.0,44,0.813,200863.03
87582.55,55614.07,12199.74,681.0,19,0.774,363156.05
62855.69,40645.42,10729.07,565.0,69,0.817,218341.81
63757.54,36467.49,3750.41,792.0,25,0.631,429334.84
50909.69,31996.67,5256.46,621.0,32,0.732,236666.01
58576.36,25182.65,3256.69,699.0,58,0.486,562526.94
67695.04,34089.43,1671.68,638.0,30,0.528,617765.98
17245.79,9981.87,1583.21,655.0,44,0.671,93617.3
26295.36,15557.06,1794.96,616.0,39,0.66,122171.11
78581.6,46994.01,13055.31,704.0,64,0.764,302493.86
64271.64,34015.74,11976.81,602.0,64,0.716,336907.75
55400.42,27333.82,277.78,705.0,18,0.498,516774.95
60460.85,54414.76,4940.68,670.0,22,0.982,19793.28
68689.54,47122.27,1641.92,730.0,46,0.71,342287.84
46506.01,28460.38,1633.39,738.0,32,0.647,311737.71
40542.38,20880.09,1090.26,655.0,47,0.542,348129.03
64896.13,31300.52,1146.94,709.0,63,0.5,593429.77
35540.68,18850.06,1391.05,644.0,23,0.57,306064.96
70206.32,41697.24,3211.16,785.0,23,0.64,533281.0
17435.41,4671.55,2913.66,651.0,40,0.435,172981.34
85728.89,26969.59,11915.04,664.0,69,0.454,898927.65
71814.94,32637.57,7730.41,642.0,22,0.562,560076.16
66400.74,38583.54,3825.06,621.0,39,0.639,431007.8
84567.27,43476.8,3408.02,843.0,58,0.554,741478.29
101636.86,78435.01,15988.82,719.0,37,0.929,136750.58
85359.25,27967.15,6216.77,685.0,37,0.4,793497.58
15000.0,6559.47,993.91,642.0,56,0.504,121161.57
28010.58,21792.61,2141.68,769.0,47,0.854,87692.95
44379.54,25281.6,5817.42,636.0,65,0.701,226387.9
60652.28,41408.91,3969.42,690.0,34,0.748,249607.83
72941.48,62560.96,746.29,850.0,40,0.868,227237.54
41856.4,18665.0,175.69,603.0,57,0.45,384310.19
64669.17,34604.66,1529.57,723.0,67,0.559,561476.46
41115.43,20933.34,2813.56,703.0,69,0.578,303747.11
44712.05,11482.55,1327.05,722.0,30,0.286,650526.46
24833.47,12502.18,2303.36,657.0,63,0.596,179275.86
36919.17,25184.76,4086.21,633.0,53,0.793,111847.28
26207.88,16539.49,2002.52,698.0,59,0.707,170031.05
35603.17,22887.94,685.72,644.0,27,0.662,200494.28
86341.04,42624.3,2078.41,493.0,55,0.518,639533.49
36265.03,16376.76,5831.69,614.0,56,0.612,214243.73
125809.55,93147.93,20160.41,655.0,56,0.901,182917.88
72332.95,34387.26,11859.7,594.0,21,0.639,494704.1
64620.9,38392.07,7473.41,692.0,36,0.71,350293.77
38541.06,22141.84,6266.24,619.0,69,0.737,142235.17
77507.75,59623.42,1103.87,677.0,58,0.783,292364.78
45609.05,31730.76,1463.73,850.0,45,0.728,260677.17
63050.25,22427.68,6170.06,778.0,44,0.454,706939.82
124002.11,46112.3,1842.31,727.0,40,0.387,1298198.05
57598.5,36680.83,3630.79,825.0,36,0.7,326746.24
88731.83,47946.19,2210.72,674.0,33,0.565,650144.79
42420.59,20435.03,6415.37,675.0,52,0.633,271039.67
59125.29,41526.3,3846.02,596.0,22,0.767,240646.17
104270.02,60280.47,3462.95,782.0,41,0.611,850185.01
44325.82,24727.99,6925.59,837.0,22,0.714,260267.72
105311.21,70239.87,3117.47,753.0,46,0.697,624530.66
77693.8,38360.04,5189.86,794.0,23,0.561,654471.93
45938.33,36074.35,5746.11,461.0,58,0.91,56212.17
75810.19,32734.3,1455.0,850.0,58,0.451,829852.03
84313.86,54680.86,4150.43,672.0,61,0.698,440307.77
75545.25,57797.78,1280.02,850.0,65,0.782,310279.79
20744.38,7123.74,1593.25,819.0,65,0.42,239111.5
41821.57,20848.04,5043.79,742.0,54,0.619,254102.45
53812.03,38816.29,2635.28,653.0,46,0.77,209929.96
58139.16,42068.72,3973.74,693.0,50,0.792,206162.88
75516.8,39591.62,8772.61,527.0,44,0.64,404786.09
64442.53,28341.78,2080.05,754.0,52,0.472,686058.49
26616.39,18455.55,792.31,476.0,55,0.723,116686.61
69504.95,50567.1,4749.67,656.0,57,0.796,265214.59
75264.64,28246.86,5178.43,803.0,65,0.444,857864.33
73994.76,27334.62,2576.19,738.0,23,0.404,749248.93
87019.52,50800.99,8022.45,558.0,63,0.676,520722.74
80848.05,52098.82,1050.99,573.0,27,0.657,444035.28
71479.5,36107.13,8377.58,632.0,53,0.622,527626.68
58245.86,37970.13,4050.05,686.0,61,0.721,284416.63
18475.98,8193.72,589.46,750.0,24,0.475,160787.08
70740.46,16468.09,2830.74,728.0,24,0.273,862874.99
65192.19,31710.45,5376.78,595.0,46,0.569,526483.87
66789.47,37367.7,1868.95,729.0,33,0.587,544886.77
28081.29,14282.82,921.17,738.0,18,0.541,224725.36
32973.59,12404.98,2199.61,719.0,65,0.443,349639.82
86328.82,23969.43,4324.15,850.0,52,0.328,1288325.25
59011.12,27905.57,13847.12,738.0,64,0.708,378541.45
77037.52,52743.61,16031.76,757.0,46,0.893,160193.7
60707.96,44828.56,4375.12,830.0,55,0.81,237362.98
60743.9,44231.1,4085.89,748.0,30,0.795,232051.1
83457.1,35687.39,835.16,636.0,69,0.438,827469.12
47098.88,17753.64,2684.01,779.0,57,0.434,546045.49
62403.02,38970.39,6188.9,648.0,29,0.724,272947.52
48443.12,31258.65,712.67,601.0,40,0.66,301455.45
49137.59,29975.18,1893.1,608.0,63,0.649,286655.43
52270.7,12957.41,1169.14,779.0,33,0.27,683818.0
65553.34,27530.26,10068.94,730.0,31,0.574,485809.88
48031.28,26203.31,4396.14,765.0,33,0.637,398137.49
91393.9,56945.96,4501.83,730.0,23,0.672,634723.34
37634.82,25030.77,1462.92,695.0,53,0.704,186619.79
55328.21,31627.71,3501.27,705.0,69,0.635,382969.72
49006.72,29385.29,325.03,727.0,41,0.606,369692.02
96174.45,54120.23,149.74,632.0,68,0.564,863274.73
64913.87,42378.56,1019.93,577.0,44,0.669,347260.96
85796.11,51214.26,5064.02,641.0,42,0.656,405707.38
22860.99,12798.97,1434.55,724.0,57,0.623,159227.47
66676.26,33987.87,1089.28,628.0,53,0.526,538323.74
82240.77,46235.24,2989.32,850.0,46,0.599,698509.94
62057.1,38642.26,2868.92,715.0,48,0.669,414549.81
86637.01,51126.35,8036.83,690.0,20,0.683,559257.31
47067.79,28575.98,1970.26,631.0,30,0.649,322262.23
95233.69,71559.38,11156.27,753.0,21,0.869,253912.09
117472.45,69282.27,8441.79,583.0,28,0.662,744963.61
50929.04,23053.04,1639.83,705.0,65,0.485,418076.94
48862.44,33350.62,1857.43,645.0,32,0.721,235743.4
96334.61,33242.21,4429.86,690.0,19,0.391,1072255.45
99489.3,38580.76,947.06,719.0,32,0.397,1167626.99
46928.5,28174.8,5951.4,588.0,23,0.727,204247.92
49495.33,31056.31,1361.03,546.0,64,0.655,263031.62
52955.38,19235.64,1876.53,605.0,30,0.399,529339.9
26388.74,12998.49,4105.32,750.0,52,0.648,184202.87
37033.7,17001.71,4991.67,710.0,68,0.594,194922.33
34896.48,16645.57,1039.26,648.0,61,0.507,304983.41
40805.06,28218.32,2274.05,837.0,61,0.747,192109.82
59132.88,38789.74,9011.89,783.0,66,0.808,201025.89
65855.37,36031.56,3436.07,763.0,57,0.599,522704.38
98762.51,46231.3,6292.12,622.0,30,0.532,817913.36
35041.15,12178.64,1029.78,763.0,29,0.377,426889.53
84608.06,64558.3,15411.68,707.0,33,0.945,87175.69
54650.28,34911.53,4881.93,622.0,60,0.728,295376.23
58763.41,26090.93,6267.58,672.0,69,0.551,532651.26
76870.49,50576.16,9375.23,597.0,58,0.78,249437.16
31931.95,17226.22,3559.09,623.0,68,0.651,184993.05
69560.24,35262.42,4328.91,588.0,37,0.569,491400.69
64161.31,39477.28,6085.18,757.0,57,0.71,301054.93
72311.28,31728.4,7364.59,674.0,30,0.541,764167.65
67229.22,33509.5,11719.51,605.0,51,0.673,382847.19
121382.5,68971.86,8493.82,721.0,36,0.638,722213.43
44056.5,20930.46,5418.96,680.0,62,0.598,355679.91
46725.08,30388.25,2190.74,764.0,44,0.697,274926.19
44421.49,36885.82,1560.43,691.0,46,0.865,100926.5
46113.07,20144.74,8728.29,565.0,36,0.626,308683.83
44065.32,13229.78,3749.78,640.0,60,0.385,522205.44
89725.41,22407.93,1581.27,587.0,44,0.267,1195742.14
95512.61,50376.19,1546.17,725.0,19,0.544,859806.71
45731.34,20603.13,5046.44,767.0,57,0.561,358553.78
39191.11,22777.05,3391.75,556.0,56,0.668,181023.44
71785.39,40909.75,5179.67,670.0,18,0.642,407492.12
46194.42,14297.98,3864.7,772.0,31,0.393,514714.55
75823.3,21061.24,4307.63,555.0,25,0.335,693081.14
65073.08,38678.78,1004.55,645.0,44,0.61,531038.98
22106.4,12607.59,2879.55,680.0,50,0.701,108169.32
98687.63,47974.75,8009.65,765.0,48,0.567,804180.8
104896.94,31618.92,5986.15,724.0,47,0.358,1274328.11
44680.28,27733.44,176.59,740.0,42,0.625,351564.22
50307.46,37267.01,2043.04,728.0,66,0.781,216146.72
67146.63,39730.49,3477.7,650.0,53,0.643,434057.71
68361.42,28908.6,1272.16,811.0,55,0.441,930746.26
76463.61,42565.98,1367.59,626.0,18,0.575,660497.16
110255.11,38047.15,9480.17,458.0,48,0.431,1005652.74
55576.32,39386.61,1425.5,536.0,52,0.734,248878.08
40042.57,22515.0,2216.03,671.0,38,0.618,272468.62
25517.02,7266.65,745.61,653.0,51,0.314,334667.26
41726.75,21067.79,269.49,637.0,34,0.511,345979.73
59171.83,36656.66,3395.28,692.0,26,0.677,323908.31
104863.95,52436.47,1127.55,776.0,46,0.511,1129570.01
47059.72,23935.31,1011.34,716.0,25,0.53,379726.22
65594.7,24029.94,608.08,732.0,36,0.376,766591.21
59589.43,37838.16,1467.48,594.0,64,0.66,333190.61
89709.83,40614.3,110.41,638.0,23,0.454,858232.82
123173.31,27902.84,8324.53,736.0,41,0.294,1670703.34
46728.28,23098.32,639.23,689.0,23,0.508,419935.07
47764.01,33299.75,2950.06,718.0,57,0.759,195568.01
86104.02,42359.78,7531.31,729.0,20,0.579,651278.52
77047.29,62462.06,1782.41,693.0,48,0.834,249771.09
106167.68,65223.61,1996.86,807.0,48,0.633,784423.89
74598.2,44819.63,4186.82,637.0,29,0.657,468929.63
51017.7,27077.15,1774.31,614.0,69,0.566,419230.39
74766.37,40355.68,1261.94,539.0,25,0.557,573554.94
87717.59,44778.64,5689.16,740.0,60,0.575,661225.18
80512.05,40631.18,3386.57,634.0,43,0.547,662766.44
72681.85,45762.68,5245.29,781.0,43,0.702,432893.52
86666.87,35500.94,5206.89,700.0,32,0.47,711132.41
89232.39,34677.13,8639.73,653.0,30,0.485,681219.23
94553.97,36074.3,7358.53,596.0,39,0.459,913799.7
76217.75,65307.04,4925.56,748.0,30,0.921,107197.85
55822.05,35142.85,4482.66,676.0,63,0.71,279552.81
63667.84,37925.27,7152.19,701.0,26,0.708,351630.88
90162.72,35287.24,1299.01,728.0,41,0.406,1005607.05
39576.61,25467.6,1644.47,701.0,20,0.685,228153.83
69216.83,36858.95,3951.65,612.0,40,0.59,565433.74
50166.53,29203.21,4218.17,722.0,29,0.666,304644.73
60718.62,24500.39,4383.17,746.0,58,0.476,619075.14
91961.3,52789.49,16379.14,709.0,61,0.752,396878.84
64777.48,31509.38,3261.07,731.0,28,0.537,621490.84
61160.91,26614.68,1908.44,738.0,36,0.466,636262.18
26003.6,17165.39,1134.19,648.0,26,0.704,160919.75
78656.34,25118.42,3233.95,645.0,54,0.36,904288.96
76137.1,48325.47,2756.72,850.0,27,0.671,522612.64
114081.37,74457.82,12575.25,786.0,26,0.763,523957.7
52305.54,21866.51,4447.93,676.0,50,0.503,544456.63
65478.76,27956.2,1029.79,735.0,30,0.443,712032.15
66234.59,34213.22,8039.62,605.0,37,0.638,409786.95
99436.33,58896.68,5697.54,632.0,61,0.65,557155.17
57617.61,30368.62,5239.08,580.0,28,0.618,290344.67
66975.54,41192.26,3843.34,703.0,58,0.672,408024.12
75197.41,61244.3,2711.37,704.0,46,0.851,201013.57
64665.23,30641.13,1250.49,767.0,64,0.493,440739.77
48839.16,14296.35,4088.03,663.0,30,0.376,523951.44
64852.25,43703.19,4672.81,765.0,61,0.746,283351.86
86840.79,69689.49,12904.06,732.0,31,0.951,93104.36
34337.12,20908.39,797.15,850.0,26,0.632,253967.58
63324.24,24496.2,4575.05,813.0,59,0.459,761505.38
42496.98,22583.58,4647.84,799.0,55,0.641,312879.06
89876.17,34352.6,4619.76,747.0,36,0.434,1063781.3
21920.33,14169.92,594.47,608.0,59,0.674,152027.14
46026.95,15985.46,694.74,703.0,64,0.362,585239.27
69430.3,35060.96,1949.42,850.0,25,0.533,852730.1
99138.1,39590.73,6043.41,721.0,35,0.46,1059898.19
58356.24,33206.09,6771.28,614.0,51,0.685,357612.69
46120.01,22831.65,457.32,707.0,53,0.505,407761.78
107028.93,61703.71,8481.86,601.0,26,0.656,542551.2
23799.65,13169.6,1949.02,612.0,33,0.635,112654.45
15000.0,6030.02,545.68,713.0,22,0.438,170112.08
71000.36,45726.47,6514.53,739.0,68,0.736,336850.76
47448.64,25749.67,2143.25,616.0,32,0.588,328052.48
34469.18,13846.98,480.32,635.0,41,0.416,341900.94
77708.91,68860.9,5153.41,566.0,64,0.952,57754.71
66095.02,41075.71,2540.23,670.0,61,0.66,472236.03
45898.03,24188.77,3124.69,524.0,65,0.595,275177.32
27992.39,21338.06,1090.2,656.0,60,0.801,104204.21
81811.43,67598.52,7317.38,686.0,56,0.916,131824.82
76255.03,40277.72,11131.07,540.0,42,0.674,347542.27
57520.6,34633.71,3809.96,599.0,33,0.668,346242.29
106165.92,42657.42,10457.68,675.0,59,0.5,849309.35
33247.88,17552.26,470.69,664.0,39,0.542,270902.15
21861.87,11371.25,2163.34,668.0,67,0.619,144148.08
42702.3,24670.14,5314.09,703.0,33,0.702,235655.6
58860.35,35311.15,8810.82,546.0,50,0.75,257956.05
66083.49,41895.23,2221.74,737.0,22,0.668,377467.08
53969.1,31606.81,2133.97,655.0,24,0.625,339733.0
68801.38,25345.65,4376.09,632.0,35,0.432,574737.03
28711.51,11749.61,3831.47,531.0,23,0.543,190968.39
96094.12,44975.78,459.68,659.0,66,0.473,974947.79
57946.22,29417.2,1102.87,721.0,29,0.527,492545.12
87932.4,62222.38,3262.37,691.0,61,0.745,447869.44
68568.13,25751.39,4339.64,694.0,50,0.439,637728.41
71418.83,35451.43,4530.08,653.0,51,0.56,516909.58
74244.18,51447.61,3110.72,675.0,38,0.735,395398.72
71192.71,35953.63,1074.23,591.0,35,0.52,596271.77
76068.07,47090.88,6823.56,680.0,31,0.709,342009.55
93228.81,49324.45,5863.85,641.0,59,0.592,634003.89
64913.03,38202.45,4299.98,590.0,47,0.655,414879.7
77725.09,40085.09,11103.52,740.0,63,0.659,492798.38
57756.61,37545.25,3323.12,554.0,20,0.708,314532.51
96002.93,30552.12,6143.91,722.0,30,0.382,963674.92
43090.19,21351.33,3272.34,727.0,68,0.571,387727.74
105023.51,62435.0,9211.99,638.0,54,0.682,518893.97
58996.05,37170.72,2084.71,762.0,36,0.665,387480.15
24230.62,18753.12,4452.39,636.0,54,0.958,19762.93
63202.61,31054.37,1273.7,631.0,30,0.511,548837.47
42973.71,33172.36,5325.05,584.0,32,0.896,80310.05
81016.09,36550.12,8005.05,679.0,43,0.55,729171.4
43684.4,32732.59,2244.8,603.0,23,0.801,156940.29
48845.41,32854.41,2787.75,617.0,44,0.73,222200.29
15000.0,6194.72,199.36,675.0,29,0.426,152084.6
48692.34,29023.36,5756.89,678.0,65,0.714,230836.55
15000.0,8134.72,1041.59,780.0,42,0.612,99133.36
20402.43,13135.85,2098.02,754.0,67,0.747,111491.03
79010.37,40809.59,12371.43,724.0,64,0.673,512330.03
79645.0,40134.16,1118.45,668.0,33,0.518,791251.93
70636.44,53356.24,3293.8,648.0,63,0.802,263390.37
35825.6,19173.57,4129.58,678.0,33,0.65,218889.62
58807.22,39633.91,3005.11,635.0,20,0.725,251399.73
59909.94,30925.35,4017.73,624.0,51,0.583,413520.94
31040.88,24832.69,2597.8,674.0,41,0.884,69643.75
97584.96,43742.44,2165.99,610.0,59,0.47,829606.55
81934.06,37515.84,9593.85,615.0,63,0.575,683710.84
54475.9,42419.16,4384.19,756.0,40,0.859,141139.17
60672.15,29320.3,6919.36,570.0,47,0.597,360884.12
65209.57,51526.07,4114.36,597.0,66,0.853,158747.64
15000.0,10256.64,827.99,782.0,38,0.739,77700.38
53820.57,28352.81,6764.72,649.0,34,0.652,388726.98
42950.39,11940.47,448.91,790.0,35,0.288,602641.18
34959.5,19126.42,1919.32,587.0,20,0.602,221861.75
52972.49,29942.41,1528.19,686.0,64,0.594,447298.58
104942.16,76091.74,7895.1,742.0,29,0.8,441698.23
76021.07,59924.91,3498.91,608.0,33,0.834,215071.5
45720.53,20448.59,4126.09,814.0,55,0.537,350754.61
74314.57,49803.93,2940.79,649.0,31,0.71,360886.69
94983.89,63146.27,6623.64,721.0,44,0.735,504335.82
83115.84,59096.35,2216.9,626.0,35,0.738,428770.31
61490.76,38419.64,4442.24,799.0,37,0.697,370545.85
43826.58,11334.66,474.26,704.0,52,0.269,585595.6
77455.58,40794.82,10240.68,848.0,34,0.659,506454.39
69837.13,26303.73,6516.81,774.0,37,0.47,767925.54
82379.83,42805.31,11026.63,747.0,23,0.653,486456.36
75879.3,52887.92,4403.42,604.0,43,0.755,302384.68
86238.82,51378.73,13913.24,687.0,24,0.757,434267.95
46619.12,33668.96,6451.56,655.0,55,0.861,127192.22
92934.85,55878.3,7678.79,682.0,29,0.684,613206.77
64939.99,23070.0,6355.12,692.0,34,0.453,607316.38
111881.52,22376.3,1044.79,608.0,38,0.209,1336160.29
42770.3,24478.36,2837.36,667.0,23,0.639,319272.01
103399.1,53551.53,8065.99,672.0,64,0.596,809936.93
64947.77,26203.71,858.75,599.0,54,0.417,716758.81
43714.55,12891.68,3021.34,744.0,42,0.364,565953.42
47902.85,21067.13,3509.11,698.0,32,0.513,507935.98
51991.32,27078.44,1366.71,745.0,28,0.547,477708.24
70604.15,45884.34,4797.79,719.0,26,0.718,378837.22
73070.89,42256.5,4642.05,543.0,21,0.642,444983.84
45657.5,36124.67,3372.59,613.0,20,0.865,109239.5
59391.14,23439.27,4274.26,812.0,30,0.467,725139.18
113556.76,77463.75,4330.18,743.0,49,0.72,676376.7
103188.58,57485.82,5892.84,550.0,23,0.614,763868.71
70908.09,46388.1,5929.6,718.0,18,0.738,276697.91
60950.09,29531.7,1776.64,613.0,59,0.514,501900.98
63000.78,44777.94,6299.43,512.0,22,0.811,174763.74
75337.95,44772.12,2475.56,813.0,19,0.627,659835.08
34430.19,15427.59,3119.24,686.0,39,0.539,268541.03
53565.59,29364.46,6697.73,697.0,49,0.673,341438.19
18285.4,9399.91,520.37,579.0,68,0.543,169962.89
69980.58,43624.27,4869.97,588.0,65,0.693,378660.62
76179.9,28417.65,7649.4,553.0,58,0.473,642687.42
47920.34,26145.2,4513.35,793.0,67,0.64,345104.8
99349.67,60533.36,6355.1,549.0,66,0.673,465430.38
29355.86,16291.14,449.46,809.0,24,0.57,212303.16
23390.63,17590.72,2505.16,601.0,38,0.859,59883.69
65611.3,43703.91,5343.37,582.0,34,0.748,212843.51
86177.46,47300.9,5754.79,676.0,37,0.616,596628.58
102098.19,59472.54,8251.12,625.0,18,0.663,593870.56
48527.89,28842.55,6455.44,688.0,49,0.727,289168.57
86967.02,53092.93,6964.82,610.0,57,0.691,490687.59
59037.29,16303.22,5003.86,655.0,49,0.361,655305.82
55684.32,28107.83,2143.95,619.0,37,0.543,485195.32
82091.5,26871.35,8286.69,749.0,27,0.428,909414.04
76308.07,56600.91,1043.67,721.0,23,0.755,310676.56
20590.2,11136.67,2027.22,700.0,58,0.639,140829.62
96913.51,50491.83,4036.1,764.0,50,0.563,826977.22
94502.28,64688.67,8364.91,701.0,27,0.773,398809.4
44360.93,27208.72,827.5,694.0,42,0.632,313085.22
69895.09,26609.4,98.65,670.0,41,0.382,863085.73
72350.75,39023.41,7732.83,623.0,48,0.646,463624.79
66516.84,33240.13,2858.86,623.0,46,0.543,463744.24
46242.37,13332.6,5896.9,692.0,29,0.416,420062.75
43209.42,19291.21,3932.75,761.0,60,0.537,368671.78
59361.15,31014.36,5994.93,726.0,54,0.623,399965.15
89318.23,47584.94,7763.12,725.0,68,0.62,658900.53
73590.0,24112.89,6923.94,592.0,59,0.422,823480.77
50734.64,36668.45,2922.65,722.0,67,0.78,240776.23
79292.47,42396.46,2202.82,648.0,26,0.562,576999.6
15000.0,8334.49,286.54,694.0,46,0.575,96315.0
88719.14,54127.22,2295.22,724.0,20,0.636,607733.08
16507.16,7127.6,1547.95,588.0,21,0.526,147995.03
50938.98,31503.38,7775.22,693.0,38,0.771,204273.32
32008.25,15842.13,1053.2,699.0,23,0.528,279511.68
27632.96,11481.83,2479.44,760.0,19,0.505,257306.29
89020.67,56618.67,3829.66,639.0,54,0.679,584188.19
48307.47,37377.96,2912.52,675.0,37,0.834,178491.84
68662.6,45229.73,2211.8,694.0,62,0.691,414706.55
58826.99,40499.24,388.32,639.0,50,0.695,338407.97
71926.02,33942.28,1752.39,637.0,31,0.496,549668.15
61920.55,19217.48,5676.55,634.0,37,0.402,623860.45
27925.19,21600.71,3307.95,670.0,60,0.892,59183.22
84906.67,72864.97,6375.94,820.0,19,0.933,117115.29
47656.09,37239.47,2386.62,673.0,64,0.832,152441.13
21085.45,10534.97,993.02,719.0,24,0.547,147623.76
49297.12,18575.39,3948.82,683.0,54,0.457,383188.34
97518.99,38046.8,9820.78,655.0,29,0.491,1059468.29
81255.54,24168.66,7820.66,678.0,66,0.394,879659.84
51283.7,27380.02,3712.18,742.0,33,0.606,318029.78
51268.56,40545.83,3252.03,676.0,34,0.854,133534.27
51959.12,27473.42,3510.52,667.0,48,0.596,323243.1
111918.7,66630.62,13454.86,661.0,24,0.716,504718.68
69548.39,52602.19,6799.61,601.0,43,0.854,161295.13
70751.04,34624.55,8136.11,763.0,18,0.604,459538.76
85757.09,73350.58,2451.28,644.0,19,0.884,123413.45
65969.73,55996.04,1916.68,798.0,48,0.878,169823.76
53523.95,28385.53,3527.0,700.0,37,0.596,374159.66
55091.25,25527.63,1580.16,792.0,54,0.492,598392.69
58209.97,38103.41,5378.65,664.0,50,0.747,265378.71
59069.44,29408.98,5961.83,621.0,30,0.599,337821.79
78190.74,29440.12,1077.55,763.0,18,0.39,911286.67
61298.65,45494.99,2993.19,635.0,68,0.791,257323.65
78316.0,57363.9,1153.11,783.0,50,0.747,380459.75
57982.09,33242.68,4793.17,726.0,20,0.656,346294.15
61965.88,22343.06,6971.19,797.0,54,0.473,547263.68
15000.0,5483.57,813.97,602.0,36,0.42,140953.2
82908.19,46933.03,1027.95,757.0,61,0.578,589464.13
68662.21,32615.88,5253.99,621.0,57,0.552,510794.69
84950.25,42376.25,4802.26,488.0,49,0.555,466325.07
15000.0,10549.42,1103.89,752.0,22,0.777,55930.0
112209.37,74055.59,16843.26,679.0,64,0.81,409691.44
56510.26,42762.52,4999.97,757.0,60,0.845,169439.48
87704.57,35205.19,1024.99,687.0,64,0.413,907549.58
34002.35,16950.9,576.35,682.0,54,0.515,261360.55
75319.35,50000.54,14926.94,800.0,23,0.862,237358.38
33664.61,20778.19,4241.26,689.0,53,0.743,192249.73
44405.78,34630.16,4665.51,642.0,54,0.885,79149.36
107850.78,66121.21,1817.54,673.0,30,0.63,783029.67
55232.94,45689.59,6209.34,693.0,29,0.94,53789.09
65435.82,41290.18,6857.52,452.0,23,0.736,279674.92
81751.69,57988.53,5173.03,719.0,47,0.773,262759.55
72392.05,36302.64,2026.31,789.0,54,0.529,622656.51
63760.47,35204.9,5194.53,676.0,45,0.634,430889.3
69124.03,47463.44,4389.16,646.0,27,0.75,318231.39
120085.39,95101.23,8101.4,711.0,45,0.859,280917.75
58559.53,38613.31,6188.05,819.0,23,0.765,289358.15
65027.48,34953.84,2545.4,718.0,26,0.577,507888.61
86266.36,65269.15,3294.25,697.0,41,0.795,277294.17
87638.15,19385.84,776.6,649.0,69,0.23,1063203.95
89675.76,30190.67,9014.03,594.0,35,0.437,1004884.56
75968.26,49549.92,3094.41,682.0,21,0.693,431602.32
31424.88,17350.19,1890.43,683.0,62,0.612,211934.04
100835.79,64618.3,4331.44,525.0,40,0.684,439486.56
31341.37,17540.54,5072.8,622.0,44,0.722,143455.66
67565.89,42947.71,5349.17,773.0,21,0.715,378865.35
41143.1,17602.65,4833.21,659.0,30,0.545,347714.68
58396.54,37115.26,3656.48,484.0,28,0.698,280873.2
68219.06,47696.19,1602.14,808.0,28,0.723,347633.87
68033.93,49874.49,3562.08,609.0,36,0.785,204119.26
70548.02,60109.25,5253.44,642.0,50,0.926,90837.13
100342.78,58862.56,13475.05,765.0,31,0.721,535374.6
71338.36,42167.15,13468.96,621.0,30,0.78,249546.62
53896.08,17328.89,975.57,522.0,24,0.34,564828.22
84102.18,39552.27,3341.14,697.0,50,0.51,764194.06
89736.76,46756.24,2514.62,744.0,49,0.549,791081.46
29309.8,20738.09,1111.79,642.0,62,0.745,142737.77
74935.0,34346.45,2311.83,670.0,54,0.489,520839.96
77529.32,51902.08,12276.11,586.0,25,0.828,237277.1
52560.91,28895.72,8246.83,600.0,63,0.707,221777.94
94392.67,49407.46,14652.85,654.0,51,0.679,483922.33
56248.61,33036.73,3265.12,732.0,36,0.645,415285.95
63139.41,31022.07,5127.89,688.0,53,0.573,431352.23
55673.2,27037.38,1452.94,762.0,51,0.512,566271.44
60389.48,17771.54,7944.8,812.0,53,0.426,644673.05
32593.12,16713.98,4803.37,751.0,23,0.66,242299.12
23998.73,11471.51,1416.0,553.0,67,0.537,159038.99
99862.63,47195.36,8262.75,657.0,18,0.555,786352.62
38825.97,23782.11,3454.41,750.0,62,0.702,158124.53
35215.19,22847.43,4386.7,670.0,47,0.773,145233.3
15000.0,8772.44,723.21,550.0,32,0.633,76005.84
44025.96,30787.89,1981.05,636.0,26,0.744,193132.1
26922.76,17131.87,2640.28,498.0,46,0.734,103823.64
101050.38,51105.38,4056.58,658.0,19,0.546,968243.36
85245.43,40966.53,6724.97,625.0,47,0.559,626307.32
42796.24,25546.08,1583.9,651.0,63,0.634,325328.65
116310.9,73981.3,16960.18,775.0,21,0.782,440476.87
84544.14,64226.21,2575.74,573.0,36,0.79,209171.51
51879.22,37803.14,4827.76,623.0,37,0.822,173574.37
15000.0,7031.69,1290.38,589.0,22,0.555,99798.75
117273.56,62706.06,886.51,766.0,26,0.542,1145445.16
25260.69,16435.93,1096.97,770.0,37,0.694,146687.54
18865.03,13397.94,2384.42,709.0,69,0.837,60453.64
85564.26,59111.68,2038.14,705.0,66,0.715,490642.78
120993.81,65387.27,20192.72,584.0,33,0.707,734309.42
94606.82,34237.89,9194.23,696.0,66,0.459,1038641.16
74097.73,29650.91,580.65,590.0,37,0.408,762114.09
74868.86,44239.64,3986.01,683.0,37,0.644,526624.38
81335.39,48909.72,7308.01,653.0,43,0.691,481363.99
78973.21,30420.33,6770.75,632.0,56,0.471,770756.4
67029.79,37314.51,2160.95,682.0,50,0.589,602297.22
62605.03,40360.44,1196.48,734.0,29,0.664,386987.28
58435.17,22048.53,3240.49,822.0,38,0.433,669354.83
41150.89,29453.73,2813.83,724.0,40,0.784,156397.88
52983.12,26140.3,1075.99,850.0,37,0.514,665517.66
17676.08,13056.29,303.87,696.0,40,0.756,76706.34
57541.51,27043.48,5482.98,823.0,66,0.565,515362.28
35285.22,13973.17,983.87,715.0,64,0.424,341449.35
32410.27,15598.4,6331.53,699.0,23,0.677,184679.82
64497.35,34553.02,6542.52,667.0,62,0.637,463645.79
94800.06,46615.84,2237.22,704.0,29,0.515,836430.47
82957.92,42939.0,3973.08,715.0,52,0.565,748482.47
20737.48,12444.46,799.97,567.0,25,0.639,135905.39
35259.3,18487.26,1493.11,736.0,44,0.567,284764.6
83519.28,45107.35,2796.17,561.0,33,0.574,541743.28
35437.82,10405.11,6838.92,736.0,64,0.487,352935.34
54384.17,33106.62,3699.21,728.0,49,0.677,339215.84
73751.3,39576.39,996.6,794.0,46,0.55,649429.42
35791.39,28330.46,248.84,611.0,24,0.798,128552.91
62634.39,25621.55,6034.11,601.0,33,0.505,494859.65
26649.36,7428.66,5191.72,769.0,46,0.474,287713.88
44965.81,28899.99,6397.85,594.0,42,0.785,172286.86
67994.55,40931.29,5259.24,586.0,60,0.679,342306.58
20175.16,8044.54,522.92,697.0,53,0.425,202930.38
71011.87,22761.98,2946.84,676.0,65,0.362,815603.84
59509.06,46453.33,1636.69,692.0,21,0.808,199248.7
73812.25,56253.54,5031.55,723.0,44,0.83,215793.95
65597.85,13119.57,5079.71,723.0,40,0.277,977489.56
94103.51,45288.87,14848.3,674.0,40,0.639,668613.78
63130.61,50481.06,672.77,684.0,47,0.81,231160.94
49264.86,23577.7,2067.28,675.0,60,0.521,376987.34
63057.44,30041.08,1501.02,683.0,41,0.5,679166.93
73582.45,37349.43,4466.3,569.0,65,0.568,550237.59
61221.5,23378.38,3907.18,741.0,33,0.446,633051.43
61014.79,17955.66,7853.23,764.0,24,0.423,731285.57
42450.21,30049.74,3229.14,731.0,40,0.784,170174.95
43427.48,11880.0,3124.76,725.0,55,0.346,378368.5
24934.87,14639.03,4019.21,601.0,48,0.748,110659.87
103739.42,70852.67,9392.11,567.0,59,0.774,436770.66
28903.42,9605.07,1553.53,746.0,36,0.386,349366.73
42677.37,17555.75,1362.97,682.0,69,0.443,351452.48
42039.82,30772.18,930.55,694.0,64,0.754,205450.66
82373.11,51889.6,8428.8,697.0,21,0.732,415945.48
52626.26,24071.63,2926.46,701.0,23,0.513,487662.04
91193.55,66602.06,4451.31,732.0,36,0.779,320630.76
43162.73,31551.11,3460.83,672.0,44,0.811,139004.16
66974.85,39539.13,7267.93,528.0,69,0.699,292158.43
39116.32,16232.33,3489.56,735.0,46,0.504,398057.76
113628.73,55448.85,8599.62,726.0,29,0.564,971653.72
30310.04,17972.58,1085.25,576.0,55,0.629,177928.64
67745.52,35343.57,9303.57,587.0,30,0.659,363326.86
75844.42,52396.63,2785.27,751.0,45,0.728,380523.35
70344.98,22547.95,4218.05,770.0,22,0.38,862983.84
55367.81,18042.18,4082.81,467.0,63,0.4,562314.01
56754.48,32754.75,7362.69,715.0,63,0.707,280941.91
61095.29,29097.75,3114.73,662.0,34,0.527,536580.47
56324.95,25680.95,6479.72,686.0,44,0.571,424152.08
84096.98,23950.1,1474.13,691.0,43,0.302,756560.54
115263.08,63732.63,424.86,619.0,21,0.557,841896.11
46062.71,24969.98,4206.93,732.0,25,0.633,330008.41
25754.93,16689.75,1611.41,625.0,43,0.711,119614.3
57792.95,32383.47,3745.08,740.0,50,0.625,423329.76
124492.73,65994.77,18463.89,758.0,29,0.678,817972.18
39908.14,28995.26,1065.55,610.0,30,0.753,189933.39
100977.92,35658.32,11543.86,612.0,38,0.467,832250.4
101942.52,64270.52,3639.57,689.0,69,0.666,694466.05
46160.29,13817.07,861.84,800.0,54,0.318,619809.41
74224.58,31489.46,1942.06,633.0,42,0.45,603991.05
100709.92,37071.46,5805.38,648.0,56,0.426,1001909.24
50521.81,33712.77,1434.22,706.0,20,0.696,275466.54
54910.49,29662.01,998.55,733.0,36,0.558,431151.53
45457.98,24909.81,2417.6,722.0,24,0.601,296511.34
34631.08,13297.99,2905.33,683.0,34,0.468,343002.49
43768.06,22104.88,4444.17,656.0,30,0.607,305452.88
29401.49,12803.77,2048.69,707.0,41,0.505,253976.57
60852.09,36968.75,7945.65,424.0,68,0.738,216344.73
40750.67,16354.72,1817.86,830.0,62,0.446,368537.71
65844.65,49348.53,2824.82,665.0,25,0.792,283618.61
21102.61,6302.57,1164.43,695.0,25,0.354,243235.67
68272.01,29290.19,3608.77,848.0,62,0.482,771546.8
80838.22,64798.31,6411.53,621.0,19,0.881,186454.23
15000.0,7270.94,939.62,850.0,47,0.547,151633.12
69351.41,24464.97,3806.2,739.0,20,0.408,827364.47
90691.72,52860.65,4026.51,716.0,62,0.627,642399.89
29758.97,14245.36,1236.9,732.0,43,0.52,222515.36
101814.31,43232.34,5123.35,613.0,34,0.475,1072029.2
70475.48,27176.71,6624.7,548.0,55,0.48,537061.47
42374.7,38137.23,5732.54,586.0,20,1.035,0.0
58605.77,30021.82,4646.8,767.0,50,0.592,446394.86
73958.17,19315.28,3084.96,605.0,47,0.303,976064.53
61900.13,47914.2,3810.27,548.0,32,0.836,182497.23
73468.9,47142.1,5249.77,674.0,25,0.713,394635.67
36983.16,16088.79,1455.22,726.0,47,0.474,376680.08
64234.02,26338.01,2097.16,683.0,40,0.443,639408.37
24657.14,16052.31,1274.57,729.0,29,0.703,138021.49
57219.35,29351.37,9923.75,772.0,56,0.686,347320.54
37402.31,9765.87,5705.97,726.0,65,0.414,416984.41
41611.75,34041.99,1700.04,668.0,25,0.859,104234.92
90902.33,44078.67,1262.37,636.0,26,0.499,695675.54
87282.75,67586.16,15734.03,742.0,25,0.955,71777.32
75228.45,55801.85,6204.55,702.0,55,0.824,253924.0
32692.18,13071.92,4304.62,611.0,50,0.532,261492.66
52089.79,36722.18,8476.45,784.0,65,0.868,133997.11
90327.44,40853.62,6421.99,701.0,50,0.523,744298.7
63542.92,17156.27,2159.18,732.0,62,0.304,878605.62
117983.24,57376.46,7287.64,649.0,28,0.548,1006287.67
69832.95,42573.35,1225.79,770.0,40,0.627,384557.46
64801.23,31142.79,7187.97,553.0,60,0.592,370735.32
52272.09,26342.14,7264.21,814.0,68,0.643,362730.1
63338.52,45700.96,286.09,525.0,68,0.726,296056.33
56188.25,31801.1,4588.78,570.0,60,0.648,342533.22
77702.72,32907.51,3778.93,700.0,42,0.472,744019.32
83917.56,54991.56,5801.04,638.0,32,0.724,441585.16
40350.26,23389.08,2517.1,654.0,27,0.642,273084.57
26719.18,5343.84,1605.45,638.0,37,0.26,341574.73
15000.0,9213.79,1581.22,617.0,33,0.72,72059.86
72699.78,44257.76,4753.51,705.0,52,0.674,380059.99
32415.83,17926.55,1738.31,676.0,51,0.607,233119.53
15000.0,10256.33,600.81,751.0,38,0.724,83208.07
69714.47,31311.62,13039.19,686.0,63,0.636,428945.94
122324.99,73453.09,4296.58,647.0,64,0.636,793788.12
59848.23,18849.56,398.05,742.0,57,0.322,793513.13
80962.27,49473.09,2957.58,533.0,18,0.648,507164.72
62045.73,52302.01,5358.04,473.0,42,0.929,66376.77
57527.76,23055.49,897.91,553.0,63,0.416,509043.3
82976.91,36180.4,6417.21,653.0,31,0.513,694970.4
52743.14,23391.46,5708.38,711.0,36,0.552,450946.26
66684.81,37976.98,2053.85,466.0,25,0.6,423652.0
68042.45,26573.61,2694.63,679.0,58,0.43,595062.6
43297.74,26549.62,1778.58,652.0,32,0.654,257452.75
84801.06,57412.52,1165.94,691.0,61,0.691,430341.58
55626.01,35052.84,7010.55,527.0,35,0.756,221475.98
41106.37,11704.53,1308.8,850.0,18,0.317,588741.75
73412.75,51335.71,2675.88,683.0,64,0.736,388692.83
37538.3,25924.14,2397.8,583.0,50,0.754,175927.65
60704.53,40946.67,9680.58,690.0,18,0.834,193307.34
59772.03,36217.44,6395.29,800.0,51,0.713,322655.46
87147.39,50809.4,3118.8,577.0,21,0.619,532249.72
71867.46,50656.38,5161.91,560.0,34,0.777,280130.98
59374.33,49786.98,2880.43,671.0,19,0.887,130197.72
80444.16,32744.31,7056.47,677.0,56,0.495,646825.26
94755.19,67439.05,4198.27,737.0,27,0.756,539558.66
73945.26,39713.59,1879.19,798.0,59,0.562,661049.59
60258.82,31970.26,1610.59,742.0,62,0.557,546923.31
27204.09,8692.26,1232.79,569.0,54,0.365,303496.56
33372.16,16929.08,2888.4,594.0,43,0.594,207472.09
52369.38,20969.24,1306.64,616.0,44,0.425,499500.33
44762.19,21504.74,445.0,742.0,56,0.49,397963.65
55325.72,21315.45,1484.9,729.0,42,0.412,506673.51
61416.25,29643.4,1079.4,781.0,46,0.5,522181.9
73242.32,35821.61,1985.31,725.0,63,0.516,779066.29
58237.53,32875.86,1734.32,630.0,35,0.594,405292.93
72162.54,22210.73,4982.56,664.0,39,0.377,877606.17
61611.86,20527.36,1575.64,563.0,68,0.359,623021.83
15000.0,9064.31,817.73,730.0,43,0.659,89157.96
36516.62,15716.18,3265.41,630.0,43,0.52,353273.99
56397.81,40108.97,147.2,778.0,69,0.714,306589.35
29757.63,17372.22,1111.54,728.0,38,0.621,206504.66
74998.22,48074.93,11684.08,835.0,38,0.797,313575.57
98268.77,74841.87,3120.01,714.0,59,0.793,400753.23
90469.05,45555.09,5094.78,712.0,25,0.56,698824.42
54663.93,25354.61,189.28,665.0,19,0.467,408926.58
97268.15,66215.82,21608.07,649.0,63,0.903,187243.18
63716.69,39913.85,3604.51,659.0,51,0.683,376978.01
51572.85,26915.89,3377.0,760.0,29,0.587,371117.74
44664.93,33888.12,1218.29,572.0,66,0.786,158221.22
52438.26,27171.58,2057.43,685.0,35,0.557,478597.16
50295.58,27909.82,4717.26,547.0,34,0.649,337833.75
64260.41,35547.79,1808.45,710.0,32,0.581,481581.19
64014.35,26233.78,4204.73,643.0,20,0.475,683174.33
60076.15,33741.04,4728.64,720.0,38,0.64,402818.79
70923.45,53867.36,3279.76,621.0,36,0.806,222356.43
89766.16,55362.85,5138.64,659.0,49,0.674,496059.27
83738.85,46446.55,6026.19,731.0,28,0.627,691024.46
22877.55,12027.53,449.41,690.0,35,0.545,201050.32
15000.0,8994.45,665.53,803.0,46,0.644,95036.25
83358.0,55221.76,6642.03,641.0,20,0.742,419087.3
25828.03,16565.73,3115.97,635.0,67,0.762,119688.23
54380.86,27202.41,5801.67,779.0,21,0.607,396700.61
30747.17,18408.86,82.26,651.0,45,0.601,228192.03
15000.0,9329.86,1139.25,647.0,26,0.698,91789.95
73536.57,29335.26,10158.58,711.0,55,0.537,557427.27
78978.88,45431.38,4626.19,667.0,24,0.634,425990.56
45587.24,10293.8,3498.43,655.0,18,0.303,529075.97
15000.0,9335.7,618.9,625.0,52,0.664,72636.99
46343.89,30079.57,3317.81,789.0,64,0.721,220843.38
69795.1,46213.56,6318.83,668.0,51,0.753,346240.91
23027.21,11300.44,2603.16,635.0,26,0.604,146959.93
64584.0,38515.12,5181.51,656.0,43,0.677,370456.29
59617.25,45523.32,3271.85,708.0,25,0.818,214682.66
74482.29,56760.38,7200.19,797.0,36,0.859,230453.59
62989.51,34368.59,1552.18,666.0,43,0.57,503719.96
35673.28,20365.8,2698.34,611.0,63,0.647,171495.18
89914.29,64435.88,4021.74,834.0,27,0.761,427550.59
56036.76,18205.21,6488.43,691.0,60,0.441,616978.64
59317.39,29749.96,1089.34,672.0,47,0.52,522464.83
36668.3,27513.53,1357.45,686.0,57,0.787,149838.85
48917.94,34060.59,8161.17,580.0,53,0.863,105716.32
37879.93,22932.12,2386.89,676.0,48,0.668,229548.32
55676.35,18046.1,7841.83,741.0,25,0.465,599999.69
102792.71,55766.43,5550.45,778.0,59,0.597,916710.81
25702.47,11862.02,3872.69,651.0,64,0.612,166074.45
19660.97,11789.81,2292.98,695.0,30,0.716,95512.0
96779.26,41479.4,10136.98,779.0,54,0.533,1012889.38
54766.91,21695.44,5002.46,683.0,47,0.487,493208.57
43273.18,10397.26,3475.59,738.0,32,0.321,566659.58
85997.62,63059.53,4938.99,714.0,52,0.791,342913.39
44859.61,21982.75,3413.34,627.0,20,0.566,340386.0
105650.24,60598.01,15546.04,607.0,46,0.721,607829.58
76948.15,42295.65,8366.59,765.0,41,0.658,492799.73
47802.21,18637.36,3414.95,466.0,62,0.461,431365.38
113932.71,41145.69,12302.53,627.0,40,0.469,1013845.49
44857.13,17907.09,2583.45,568.0,26,0.457,485125.4
78552.38,34682.82,2961.14,765.0,19,0.479,720520.14
67482.31,40826.19,1847.87,789.0,32,0.632,513333.84
92543.53,39853.16,9865.9,622.0,49,0.537,571819.72
99037.78,80416.06,7912.56,850.0,35,0.892,210314.82
60800.1,42807.69,4072.62,790.0,46,0.771,286536.91
41164.55,27631.87,558.22,696.0,57,0.685,203404.05
71499.3,38041.29,4022.68,800.0,20,0.588,555963.65
43057.12,33461.5,3214.71,629.0,50,0.852,145320.66
110334.68,57076.04,3473.49,658.0,24,0.549,794886.08
63413.38,34580.0,5865.01,717.0,47,0.638,438909.75
50866.96,29273.74,565.22,625.0,44,0.587,313485.77
64617.01,42341.81,684.94,577.0,55,0.666,325151.09
26321.84,16991.7,1864.64,605.0,46,0.716,134119.58
35709.65,17095.32,440.57,664.0,48,0.491,319035.72
90010.35,42309.45,3151.29,718.0,18,0.505,761558.45
43577.64,28150.52,1158.06,653.0,58,0.673,242365.19
33827.23,22234.14,2490.99,549.0,60,0.731,167233.49
73416.32,36047.22,387.05,718.0,44,0.496,672402.48
89642.6,27961.48,3868.98,782.0,44,0.355,1186041.29
77973.83,40460.82,9484.55,627.0,46,0.641,404841.86
84901.19,54636.37,12400.51,813.0,22,0.79,334089.72
41080.12,33719.08,817.69,750.0,20,0.841,119022.75
24454.73,9055.74,343.55,596.0,46,0.384,238572.48
97533.34,47402.6,6704.11,628.0,58,0.555,750765.42
51933.0,25529.72,1960.72,655.0,56,0.529,422718.22
53729.17,40477.99,185.71,665.0,69,0.757,251847.39
93204.85,50774.16,4176.42,485.0,30,0.59,669443.96
73905.75,30589.67,8253.36,620.0,50,0.526,572464.98
71397.19,45251.85,840.22,636.0,37,0.646,498997.06
114125.06,55841.87,6463.49,831.0,20,0.546,960947.59
43912.04,16086.82,4500.38,698.0,23,0.469,433680.69
83196.0,34616.53,6564.47,616.0,60,0.495,632549.94
61425.33,49761.04,6085.91,645.0,34,0.909,96018.59
66714.81,40538.01,7698.61,714.0,64,0.723,395495.5
98211.71,55603.94,3173.41,650.0,21,0.598,711000.81
72695.89,37257.8,7746.76,633.0,50,0.619,474153.38
73457.4,43620.65,4681.33,636.0,50,0.658,354283.63
86812.68,51396.18,1399.82,718.0,23,0.608,629249.23
50876.18,30211.57,5188.49,569.0,58,0.696,262384.71
39019.76,22133.05,5602.35,593.0,31,0.711,183617.47
33879.77,23049.08,1314.83,606.0,63,0.719,158558.92
15000.0,8301.98,1038.03,592.0,24,0.623,95574.41
111405.18,44930.73,15539.04,614.0,23,0.543,885964.07
32419.79,14852.69,3055.98,752.0,68,0.552,271135.94
54468.66,13788.59,3485.67,763.0,20,0.317,796276.22
53079.67,45331.23,1468.24,702.0,54,0.882,103670.74
67685.17,45986.2,7151.8,697.0,39,0.785,308353.87
80393.43,34206.55,1749.94,626.0,55,0.447,756697.46
81511.84,41385.46,1095.83,514.0,25,0.521,662309.82
45423.06,20643.35,4414.77,692.0,41,0.552,412164.52
55821.96,43618.28,2394.74,704.0,30,0.824,184340.83
67064.5,22601.97,1449.4,626.0,30,0.359,749769.04
53782.72,30504.02,2753.71,594.0,18,0.618,355961.83
100183.64,53470.09,458.98,578.0,68,0.538,629919.25
72274.37,48714.79,3460.06,693.0,58,0.722,270388.76
78371.94,41881.86,3445.43,687.0,53,0.578,647875.33
76572.03,21920.17,5906.0,776.0,49,0.363,910794.37
89336.85,45770.15,11514.11,616.0,22,0.641,508934.35
64525.54,26079.65,3279.44,657.0,66,0.455,642130.73
27579.2,15497.77,1982.61,681.0,24,0.634,180564.56
69992.2,53552.89,5875.64,636.0,67,0.849,161954.49
43716.08,12637.72,2094.53,747.0,62,0.337,601938.85
46784.58,20115.81,1240.0,779.0,49,0.456,548031.86
74659.1,34872.97,3651.93,592.0,45,0.516,629553.62
90957.08,44819.58,3377.04,643.0,50,0.53,769258.25
60531.79,40012.65,1190.92,786.0,63,0.681,375478.61
67720.83,35483.57,3103.26,706.0,31,0.57,544413.25
102555.37,62801.88,12899.71,689.0,30,0.738,507559.02
66018.83,30113.44,5334.77,707.0,46,0.537,538492.25
125042.08,73085.68,7091.1,732.0,67,0.641,910767.69
74137.74,49425.38,4235.97,711.0,57,0.724,385885.87
15980.93,7034.09,928.75,697.0,18,0.498,158577.3
78833.54,52598.03,1401.36,681.0,64,0.685,507807.62
69528.96,38787.14,2429.59,788.0,66,0.593,553264.35
92243.82,65199.69,12166.56,659.0,66,0.839,274972.82
76829.53,39934.99,5126.88,680.0,44,0.587,613707.2
56538.6,34329.49,6651.57,804.0,47,0.725,308183.54
29392.54,15986.87,4833.71,706.0,51,0.708,152856.63
54774.42,29335.43,1846.04,675.0,63,0.569,434438.71
38736.99,22809.87,3904.32,730.0,18,0.69,254978.9
45486.91,28680.46,1264.0,698.0,51,0.658,216445.09
74714.46,27088.87,3720.79,621.0,24,0.412,822076.71
101747.61,77841.51,11903.26,700.0,18,0.882,224149.67
69866.79,18937.43,10057.47,615.0,59,0.415,672301.11
30102.92,13464.38,2034.03,826.0,35,0.515,316460.87
71115.07,38107.69,4876.72,699.0,52,0.604,454835.8
89915.79,55015.28,1382.74,605.0,67,0.627,554291.01
44755.43,35196.83,8064.17,649.0,36,0.967,30027.74
56649.57,15366.55,6580.89,741.0,30,0.387,531481.65
60367.2,28604.75,900.33,593.0,40,0.489,553468.31
40377.54,9326.2,2743.72,850.0,19,0.299,655134.13
76207.01,42275.33,2644.79,564.0,20,0.589,580873.12
56976.3,33658.89,6900.69,754.0,39,0.712,325308.49
70488.31,55588.45,5077.72,641.0,53,0.861,156910.35
37812.7,21481.21,4682.17,615.0,66,0.692,220238.58
49063.54,34668.48,2515.5,723.0,25,0.758,207929.58
78059.53,49768.85,5230.63,644.0,40,0.705,401891.52
50679.17,24564.84,4095.86,807.0,25,0.566,431726.82
103174.1,34940.52,8019.6,568.0,42,0.416,885687.18
50009.1,29567.89,7171.49,725.0,52,0.735,280244.57
65617.12,21403.3,5112.55,658.0,64,0.404,692652.48
83314.77,62009.61,3690.88,704.0,28,0.789,322441.8
24540.86,12900.9,1673.09,721.0,58,0.594,174533.56
15979.78,11653.68,956.6,541.0,60,0.789,51500.41
21858.59,10447.7,34.2,699.0,23,0.48,221977.84
91564.6,54053.11,8168.6,767.0,59,0.68,600130.67
46203.55,26862.85,154.2,717.0,59,0.585,463080.79
123954.98,67337.72,8887.84,650.0,67,0.615,822507.08
45893.81,22263.14,5396.52,567.0,62,0.603,292684.82
64613.78,39341.29,10884.74,721.0,34,0.777,297983.21
98552.75,40512.62,5306.93,830.0,53,0.465,1142762.44
110152.32,40600.46,9216.67,733.0,35,0.452,1101317.3
111537.59,82138.96,13960.98,773.0,50,0.862,308207.65
90209.16,59454.62,7473.48,755.0,35,0.742,513082.43
85601.56,47926.92,6736.37,649.0,24,0.639,484103.66
74813.17,59833.43,1161.99,687.0,46,0.815,233289.94
79459.03,40511.01,1605.37,749.0,22,0.53,739956.28
46220.36,34591.57,1665.23,554.0,33,0.784,154198.95
39545.03,22791.23,3023.63,732.0,48,0.653,241794.69
59915.64,23743.81,4833.65,781.0,22,0.477,682007.21
55745.38,46112.92,4185.26,676.0,27,0.902,102656.63
48669.3,34000.69,66.41,745.0,46,0.7,275148.73
77409.69,41170.1,5382.22,636.0,46,0.601,501007.34
83882.63,55285.0,3846.44,683.0,33,0.705,466620.07
62210.17,30448.43,3631.94,658.0,21,0.548,561929.3
96938.25,65372.48,2542.04,717.0,18,0.701,470095.39
31457.77,6291.55,2151.9,672.0,25,0.268,364588.85
55158.51,21899.57,1890.45,546.0,45,0.431,552912.06
42079.44,29324.7,1427.41,623.0,18,0.731,186554.68
15000.0,7688.28,290.37,835.0,45,0.532,129419.0
57932.98,33666.67,1552.0,725.0,20,0.608,395947.49
56956.31,19819.78,1687.18,512.0,67,0.378,613542.35
97836.24,80928.19,9831.14,777.0,19,0.928,146750.44
75770.29,55204.68,6342.92,588.0,42,0.812,251613.84
34395.33,17882.04,2402.74,751.0,54,0.59,256948.26
106352.31,52037.72,5756.83,783.0,28,0.543,865918.26
90525.84,63770.08,13639.96,688.0,63,0.855,224899.11
74552.44,63173.55,5801.76,600.0,35,0.925,87251.95
54337.9,37659.64,1418.47,623.0,59,0.719,255779.09
36014.02,31540.01,2065.69,730.0,56,0.933,45356.55
50694.83,20868.39,2726.8,589.0,57,0.465,495718.47
87218.72,37250.41,2500.9,633.0,37,0.456,837511.33
107114.66,39810.11,12856.32,721.0,34,0.492,998409.01
98581.09,60751.99,11125.17,628.0,24,0.729,547121.11
47778.76,27536.84,726.92,794.0,65,0.592,266953.39
32009.56,16875.68,1878.41,597.0,34,0.586,241645.57
63522.16,42648.06,10319.28,417.0,21,0.834,165727.96
15789.02,11602.55,2005.52,618.0,53,0.862,39943.5
68079.19,21863.68,12158.11,705.0,47,0.5,686845.58
56309.94,25928.15,6844.73,749.0,18,0.582,394020.76
48349.09,32539.98,1832.92,647.0,52,0.711,271714.22
20132.42,9660.33,860.86,658.0,29,0.523,178406.81
72840.0,31340.8,5446.93,678.0,34,0.505,627323.77
46682.48,32807.54,3808.17,819.0,33,0.784,212488.26
30752.08,10965.42,1431.62,710.0,45,0.403,345983.82
15000.0,7571.45,676.03,641.0,49,0.55,108039.87
59312.13,35545.56,8580.48,844.0,63,0.744,244206.92
104306.29,48390.51,5095.64,681.0,52,0.513,801791.1
101531.48,67769.56,17509.77,514.0,36,0.84,243156.36
48572.59,22570.15,6188.67,569.0,46,0.592,345766.64
44944.7,34216.08,6776.94,725.0,46,0.912,63245.67
71719.36,38092.88,5318.85,538.0,68,0.605,483437.86
35040.36,22800.43,1317.6,720.0,33,0.688,209916.57
67544.8,44708.14,3045.19,618.0,21,0.707,414811.71
79152.01,36082.95,4263.29,774.0,38,0.51,776121.53
90673.33,21940.86,9595.83,693.0,66,0.348,858788.92
57496.15,34734.19,2568.81,549.0,68,0.649,372312.96
54908.16,30794.87,3023.24,753.0,61,0.616,365016.72
38050.44,24100.15,3085.66,789.0,18,0.714,191265.65
39327.99,20294.06,6786.89,578.0,36,0.689,202891.08
54338.03,26377.63,4172.48,616.0,68,0.562,435730.16
69184.14,58894.45,2635.45,720.0,69,0.889,138768.73
82839.62,27266.4,3225.2,735.0,61,0.368,986012.55
39920.53,26351.24,2251.61,850.0,43,0.716,208071.32
97317.21,45136.67,13794.69,751.0,29,0.606,644906.17
53221.91,26591.43,2206.79,850.0,34,0.541,504117.36
59465.82,29877.68,4813.46,682.0,54,0.583,381461.43
41319.71,17746.19,5738.65,711.0,45,0.568,306817.37
15000.0,9535.25,1365.12,635.0,53,0.727,69731.7
82101.13,62281.64,9232.21,638.0,46,0.871,191092.84
78421.1,48660.45,2114.52,692.0,22,0.647,492546.95
52966.81,29953.12,535.3,633.0,55,0.576,382557.38
61674.77,24795.35,1119.1,475.0,20,0.42,490250.93
72898.48,45745.53,1599.59,627.0,32,0.649,428518.55
20936.35,18286.91,212.98,766.0,20,0.884,45622.75
46773.68,23054.55,3779.72,686.0,30,0.574,378421.25
79856.62,39417.42,2833.87,686.0,22,0.529,630527.0
28642.76,13342.85,796.48,619.0,38,0.494,229789.1
67338.95,32092.93,2724.66,707.0,58,0.517,527988.3
26085.45,5217.09,2120.01,813.0,40,0.281,376380.56
71660.75,43767.18,6277.16,792.0,64,0.698,407220.51
59108.96,25012.97,7848.39,709.0,39,0.556,479251.46
19621.7,6052.52,2426.8,612.0,51,0.432,183742.27
89118.48,59083.64,3858.69,821.0,58,0.706,497832.33
41635.21,16141.86,6812.4,765.0,43,0.551,336658.67
39743.69,19840.04,5985.42,562.0,64,0.65,244010.16
65014.23,50058.77,1836.35,539.0,48,0.798,216366.86
88715.93,30040.78,7812.92,566.0,52,0.427,976985.19
34604.45,11077.24,1888.59,641.0,24,0.375,370625.55
61542.0,36334.14,1755.45,752.0,57,0.619,516716.74
70720.41,51090.06,1170.62,750.0,62,0.739,340932.38
77327.64,24269.18,6034.1,707.0,49,0.392,913473.68
64411.04,39365.03,897.53,669.0,39,0.625,408350.32
50824.3,32382.7,1709.0,850.0,64,0.671,354945.26
39310.24,9478.72,1772.94,683.0,23,0.286,392426.23
62153.6,41628.94,9481.39,673.0,38,0.822,174591.44
33196.52,22623.13,4994.37,639.0,62,0.832,88825.9
15000.0,7548.48,582.34,850.0,56,0.542,167514.3
70914.0,52324.03,12505.48,738.0,66,0.914,126814.83
82598.37,59509.51,8838.62,597.0,64,0.827,250484.25
15000.0,8482.02,2221.75,588.0,54,0.714,70070.03
34756.73,16762.59,2186.91,546.0,44,0.545,245648.64
75478.86,30499.18,2701.41,672.0,27,0.44,716992.72
111437.39,60662.67,5126.82,560.0,39,0.59,812720.15
60519.84,38458.17,391.85,587.0,61,0.642,371780.37
41799.93,20957.37,2288.08,765.0,68,0.556,388194.74
55427.59,12214.85,2000.32,751.0,35,0.256,827915.89
94371.91,69864.19,6169.52,799.0,21,0.806,374514.02
43850.9,25369.21,511.8,562.0,62,0.59,276659.79
40020.2,19732.21,3856.34,600.0,52,0.589,259851.62
47931.41,32525.0,1587.43,630.0,55,0.712,245435.97
36166.78,28162.92,1807.51,811.0,55,0.829,127074.79
63066.76,12613.35,3074.42,685.0,53,0.249,846158.31
100616.96,61893.47,11202.09,826.0,21,0.726,480372.9
68076.98,22874.04,3010.27,730.0,62,0.38,809377.4
53691.16,33549.81,1083.99,671.0,27,0.645,369765.55
52704.72,29998.95,4888.1,726.0,49,0.662,296609.29
20920.23,13501.06,2570.73,542.0,27,0.768,77432.01
82077.74,38996.19,2038.34,516.0,60,0.5,599477.3
58054.07,15617.36,5722.46,701.0,62,0.368,740263.32
55488.0,26769.9,80.24,681.0,27,0.484,623970.98
139827.69,85438.51,14253.25,835.0,28,0.713,910243.58
67468.82,47383.95,3247.13,570.0,67,0.75,238051.48
41205.22,15420.04,963.64,710.0,56,0.398,475440.26
49341.06,34739.02,8330.2,736.0,26,0.873,124597.13
88711.14,40170.1,10411.09,707.0,30,0.57,827068.91
62831.76,37973.47,5291.02,768.0,59,0.689,354446.35
24043.05,11384.77,921.67,629.0,35,0.512,203159.12
82980.72,47906.9,3999.76,747.0,64,0.626,519814.78
43296.4,29605.28,5758.4,725.0,54,0.817,128330.89
106832.44,39095.11,13083.12,773.0,64,0.488,1061531.14
87001.2,38977.77,7952.12,639.0,28,0.539,810912.66
48816.95,28203.72,4710.38,585.0,45,0.674,270877.73
92025.41,82822.87,2452.11,630.0,23,0.927,118930.94
61696.39,25944.66,2068.75,595.0,50,0.454,503251.18
81319.34,69610.99,5562.13,635.0,31,0.924,109707.23
72118.32,61348.42,2103.67,653.0,64,0.88,145878.21
38841.08,20795.65,3005.53,607.0,46,0.613,247701.56
43911.25,22187.35,783.88,681.0,56,0.523,445128.27
85749.02,38260.37,6057.04,586.0,32,0.517,673105.39
51630.62,27868.64,4870.23,674.0,65,0.634,329865.87
49908.79,16918.68,8178.94,640.0,22,0.503,447807.83
36121.94,19453.98,1392.98,670.0,39,0.577,192778.02
70589.98,54674.2,7500.54,711.0,69,0.881,143831.82
111563.12,51133.53,18350.63,647.0,48,0.623,612751.74
33311.68,17118.58,2092.06,618.0,36,0.577,231652.74
60605.49,17868.25,4223.55,628.0,68,0.365,802733.26
95305.51,57765.56,12326.11,762.0,35,0.735,348814.19
58008.97,34206.28,6803.43,782.0,23,0.707,274865.1
71309.29,39901.5,3631.53,639.0,26,0.61,556410.72
33440.16,17304.48,2625.77,668.0,47,0.596,239260.6
70707.68,35784.19,1886.11,544.0,48,0.533,568274.98
55321.39,34591.64,5372.48,665.0,52,0.722,278644.27
84643.25,46187.92,1389.06,564.0,34,0.562,627795.18
89684.65,53563.78,1536.01,641.0,59,0.614,590033.28
124739.09,72629.01,10164.95,766.0,33,0.664,563892.5
74490.83,53522.71,2840.93,560.0,50,0.757,301616.23
68144.91,44399.75,3308.1,608.0,21,0.7,391536.27
64859.61,37549.13,3548.54,608.0,48,0.634,451433.87
51170.84,39798.8,3853.44,546.0,50,0.853,131353.24
68462.1,41970.02,6555.66,749.0,67,0.709,374719.4
52614.96,39237.32,5618.12,702.0,69,0.853,145097.09
64211.52,41162.24,4193.74,825.0,53,0.706,407839.52
92939.94,25438.79,10315.79,600.0,28,0.385,832057.74
34836.44,25978.41,2131.34,538.0,21,0.807,130299.12
88496.96,50467.73,5368.84,755.0,68,0.631,685640.95
92927.88,50386.13,10441.29,651.0,53,0.655,676804.07
57048.29,33784.12,4409.62,643.0,22,0.669,343968.39
15000.0,7473.79,728.64,798.0,38,0.547,126233.03
44804.45,26168.23,5251.33,694.0,30,0.701,256498.64
92424.86,42628.07,4557.99,752.0,21,0.511,926184.05
59428.3,44044.74,915.23,630.0,59,0.757,302613.72
35017.44,18662.96,601.21,622.0,67,0.55,266634.45
47380.63,23340.29,7223.33,651.0,52,0.645,286812.24
81015.5,33318.53,6300.16,734.0,43,0.489,860982.62
73668.34,43487.63,3022.71,684.0,43,0.631,482662.05
54026.7,31231.0,3316.08,717.0,36,0.639,340656.29
50829.39,30917.67,6474.12,472.0,54,0.736,198301.34
50206.05,19877.19,2538.6,529.0,28,0.446,361502.5
36939.75,11444.78,4551.44,508.0,19,0.433,311990.99
100384.39,64631.36,8095.86,650.0,48,0.724,512380.46
51941.99,40135.38,5457.36,568.0,35,0.878,106466.71
90428.96,35814.12,1804.43,815.0,28,0.416,1095030.26
98032.9,77290.73,8672.73,678.0,61,0.877,247801.09
84957.77,50344.84,1737.01,697.0,33,0.613,747786.63
49209.49,27013.09,7542.53,593.0,19,0.702,243460.32
70093.25,34371.47,5967.96,590.0,49,0.576,449524.31
59395.11,20332.27,2174.92,804.0,65,0.379,693750.03
37407.45,26116.36,526.83,823.0,65,0.712,230713.89
68108.98,29536.08,6650.63,713.0,39,0.531,738485.57
30524.01,13217.78,469.81,517.0,53,0.448,276381.97
89691.98,62675.77,4731.27,646.0,25,0.752,414042.3
48384.57,12945.41,3641.9,705.0,53,0.343,573387.25
65028.99,20904.24,5591.15,662.0,60,0.407,701325.07
67082.2,36712.74,7480.79,510.0,42,0.659,413461.67
53527.38,31794.87,4450.97,828.0,57,0.677,372858.97
74667.35,46496.12,9649.91,613.0,61,0.752,319111.59
48127.41,24291.36,5125.95,573.0,48,0.611,322890.26
81782.43,73604.19,4506.37,678.0,21,0.955,64078.17
26350.51,13592.02,3195.16,775.0,56,0.637,206633.84
63159.49,32551.27,1580.73,721.0,62,0.54,641961.19
108473.22,46692.52,4208.91,575.0,60,0.469,886135.42
34991.72,19895.8,1659.45,562.0,27,0.616,206576.78
43056.38,27652.71,5333.11,505.0,44,0.766,155338.14
72847.7,53217.92,821.97,657.0,58,0.742,364711.52
64489.54,21062.76,4991.73,642.0,55,0.404,650681.1
68765.75,35283.76,176.74,721.0,34,0.516,679536.03
72229.68,44566.11,3233.92,625.0,62,0.662,359959.49
75868.04,48408.26,668.9,758.0,55,0.647,508035.4
87742.5,48344.56,10753.1,732.0,42,0.674,545424.83
70245.47,44350.43,4406.93,622.0,34,0.694,339645.8
53968.56,23133.91,6403.15,711.0,30,0.547,446395.95
76814.34,60198.31,6994.45,786.0,38,0.875,207930.3
107497.05,75129.07,2537.06,603.0,32,0.722,506010.07
56684.16,19740.87,1672.03,663.0,65,0.378,659170.84
35636.77,13853.24,2933.91,661.0,41,0.471,385724.71
87677.02,34453.71,5173.22,651.0,24,0.452,777296.01
56990.47,37140.43,2289.16,744.0,62,0.692,341131.96
15000.0,5359.36,2449.1,750.0,55,0.521,97813.62
81185.54,40620.89,4235.35,713.0,57,0.553,580059.06
46616.8,28818.77,324.23,709.0,39,0.625,347460.46
57736.67,31182.14,7754.55,635.0,59,0.674,313193.64
68299.51,40217.01,6843.48,706.0,27,0.689,403658.16
64762.49,25265.76,5946.34,577.0,50,0.482,480960.79
77736.3,49691.23,5149.22,850.0,29,0.705,337780.77
49112.84,22494.58,967.92,788.0,25,0.478,464374.29
72827.64,36509.01,12868.5,757.0,57,0.678,421816.67
53511.33,31339.43,1151.31,713.0,39,0.607,376107.87
78470.26,44371.93,2371.71,713.0,56,0.596,674871.07
75384.19,41732.46,3522.94,545.0,56,0.6,394948.37
36614.03,16015.2,965.8,579.0,64,0.464,307802.22
87149.55,44016.41,14278.09,589.0,61,0.669,473560.84
46600.91,25645.77,3254.7,685.0,33,0.62,317658.09
80201.44,27568.22,718.22,657.0,65,0.353,1019853.03
69182.18,33250.34,1304.57,745.0,51,0.499,652066.28
105954.59,64436.5,2202.24,603.0,63,0.629,730097.64
54413.35,19500.9,809.49,762.0,33,0.373,730804.75
51267.08,37091.08,923.04,614.0,31,0.741,197883.94
59514.51,44067.04,2399.88,647.0,23,0.781,257506.35
52420.51,19040.56,9841.88,752.0,67,0.551,439082.01
79998.55,60290.34,3412.49,720.0,27,0.796,305245.88
19592.23,10353.77,136.17,580.0,41,0.535,156272.09
33657.94,20624.82,6064.22,765.0,44,0.793,139318.34
33304.93,15836.57,1854.17,687.0,64,0.531,242694.6
83757.69,57663.54,9502.19,509.0,67,0.802,224579.92
102765.33,62780.79,6630.14,613.0,26,0.675,548208.41
57388.77,24555.34,5110.35,647.0,65,0.517,521906.97
55779.46,20929.55,979.04,586.0,33,0.393,649788.55
61751.3,20436.88,4752.28,787.0,19,0.408,663223.49
89046.96,51486.17,5702.17,650.0,48,0.642,615021.46
36816.17,23410.33,2211.13,717.0,64,0.696,203769.72
65959.22,42718.15,5198.4,697.0,36,0.726,342032.53
84379.94,44915.68,13690.12,736.0,28,0.695,456423.02
72527.35,27302.96,14898.78,814.0,39,0.582,608421.39
64739.54,28983.17,1878.63,734.0,46,0.477,578514.67
85026.15,61461.35,3731.22,819.0,48,0.767,397556.75
15000.0,7159.59,738.04,736.0,25,0.527,145389.2
76946.88,43976.12,2846.75,691.0,27,0.609,528375.79
43648.11,16963.94,2678.42,706.0,23,0.45,454343.79
15000.0,9007.31,3547.2,470.0,48,0.837,39488.64
72780.06,35032.49,5221.66,644.0,68,0.553,639676.24
94341.46,66700.07,4805.3,669.0,52,0.758,334508.05
56563.79,37673.39,4313.59,715.0,67,0.742,289849.41
83821.86,39869.38,10669.64,678.0,57,0.603,537549.22
100306.96,53263.03,4367.32,707.0,46,0.575,695409.77
92872.86,43402.51,4016.78,574.0,38,0.511,716454.22
100999.11,34045.29,7759.83,553.0,58,0.414,890448.03
78553.19,33101.03,5713.69,585.0,22,0.494,688896.37
61885.84,35877.24,4358.71,806.0,22,0.65,385102.71
19950.85,11946.35,277.17,579.0,41,0.613,138152.16
53848.44,30816.5,3029.01,617.0,32,0.629,273203.73
38918.84,19643.89,930.77,688.0,45,0.529,370420.33
114273.57,78844.19,2109.54,553.0,51,0.708,466823.23
55602.85,31111.54,1308.57,610.0,30,0.583,417125.19
63080.12,41348.27,3087.55,734.0,61,0.704,322521.2
73787.13,20950.66,1135.98,645.0,49,0.299,877204.05
61090.06,12218.01,4558.42,815.0,39,0.275,800619.07
102376.28,60664.93,6103.04,544.0,46,0.652,462228.26
44433.77,14942.42,5994.35,652.0,20,0.471,399102.54
64865.19,33608.74,838.95,645.0,22,0.531,472976.21
41438.24,20913.27,2522.22,679.0,67,0.566,279998.97
26999.44,21278.53,1626.85,582.0,28,0.848,66433.96
44705.77,27270.5,563.72,634.0,65,0.623,288248.47
59074.08,33960.44,1539.21,743.0,58,0.601,449803.8
49267.44,33282.56,4900.71,658.0,43,0.775,208038.34
42689.48,25838.86,4532.22,594.0,26,0.711,185223.65
24842.06,11957.69,302.26,846.0,61,0.494,218673.63
57922.36,41166.66,715.28,684.0,28,0.723,313940.76
22381.99,8584.33,535.16,729.0,18,0.407,240606.67
79001.4,47281.32,7360.56,741.0,55,0.692,550791.22
62060.99,19726.99,1519.61,674.0,62,0.342,586418.67
23561.21,13679.44,1465.54,617.0,45,0.643,151104.79
52269.77,30261.5,8870.14,696.0,40,0.749,221382.74
41196.09,33017.36,3884.38,624.0,48,0.896,69156.36
67979.36,21430.76,3108.02,710.0,19,0.361,760190.67
93511.26,43002.74,14868.56,667.0,35,0.619,726953.93
15000.0,10101.04,695.81,762.0,33,0.72,67025.55
62875.65,37744.1,670.38,589.0,59,0.611,346093.09
55996.68,32312.65,9520.94,737.0,34,0.747,283468.93
76783.5,31218.61,4355.45,729.0,65,0.463,904392.04
65329.92,30141.74,2052.11,661.0,34,0.493,550143.44
41200.77,30354.92,5130.08,738.0,64,0.861,119522.94
52023.65,28211.05,2645.07,714.0,52,0.593,427136.51
40099.35,24312.4,230.78,733.0,48,0.612,300721.39
86900.18,46293.62,4409.75,728.0,52,0.583,690727.11
60532.79,22550.71,648.17,684.0,41,0.383,653740.84
107529.77,74203.23,16197.75,632.0,58,0.841,328073.4
58483.48,36580.53,6665.26,631.0,54,0.739,285229.19
42289.83,37885.16,2075.74,663.0,66,0.945,39380.85
22157.14,8811.07,1477.16,747.0,47,0.464,189497.46
15000.0,10100.79,909.93,731.0,35,0.734,69010.37
20396.6,7205.47,1956.19,760.0,44,0.449,192092.5
66678.17,38246.73,3866.37,769.0,33,0.632,469840.86
72718.13,50646.43,2655.94,663.0,37,0.733,364942.89
20470.23,4896.06,3159.19,837.0,58,0.394,258915.54
82375.96,42774.55,9031.96,672.0,64,0.629,577058.34
47923.47,22309.27,3748.08,640.0,45,0.544,393700.59
63669.83,28314.38,3236.01,707.0,38,0.496,592121.17
100305.52,60963.88,2410.05,719.0,58,0.632,683455.26
82420.98,59186.74,930.33,621.0,62,0.729,436524.26
53286.73,28242.41,4572.06,667.0,50,0.616,350342.67
37720.19,21908.76,717.99,644.0,65,0.6,261446.42
15000.0,8507.19,262.81,691.0,26,0.585,89297.7
42021.17,23123.01,1391.43,744.0,41,0.583,313369.43
54721.74,21155.35,7133.8,659.0,30,0.517,458581.21
35320.51,25298.91,2440.71,726.0,47,0.785,158808.09
56718.58,33706.68,4116.17,569.0,63,0.667,274793.77
61921.3,37724.45,9785.24,751.0,60,0.767,270629.05
54378.6,23329.7,1127.87,644.0,50,0.45,521853.14
43749.94,21048.84,2829.36,642.0,63,0.546,373877.76
64216.37,33622.4,573.2,712.0,41,0.533,530674.71
71048.52,22727.09,9063.05,716.0,37,0.447,774314.28
32740.02,9717.07,4632.89,671.0,67,0.438,340217.07
95273.31,43815.03,4239.23,609.0,18,0.504,753695.8
57535.3,36153.92,2337.32,642.0,40,0.669,299251.73
60471.24,27334.78,8682.49,688.0,50,0.596,539350.2
77705.36,30862.95,4133.17,719.0,34,0.45,752532.59
65830.4,28162.06,3684.92,614.0,19,0.484,489548.32
83828.42,40380.03,3484.18,629.0,48,0.523,668304.33
67178.1,33382.22,1258.18,701.0,48,0.516,558691.95
44689.07,39095.26,1827.34,673.0,33,0.916,60101.67
69037.59,48891.94,7828.54,692.0,54,0.822,224369.4
31406.84,22101.5,699.54,471.0,54,0.726,136633.49
62713.99,45485.65,2414.81,656.0,24,0.764,211186.07
59169.25,23678.17,3553.88,748.0,53,0.46,613962.49
54797.08,20091.09,1607.17,631.0,18,0.396,623338.36
56786.56,21804.31,989.05,719.0,47,0.401,572000.4
15000.0,11252.64,364.94,583.0,35,0.775,49686.47
46281.88,21656.27,5801.72,555.0,59,0.593,280440.87
62321.12,22578.73,3053.13,713.0,56,0.411,645475.84
63996.41,31060.69,5011.72,676.0,43,0.564,502068.03
34308.12,17641.55,2747.0,653.0,28,0.594,219122.32
91642.7,54093.2,6452.88,748.0,18,0.661,563876.37
38345.63,22533.53,4817.43,655.0,55,0.713,191250.93
84236.43,35865.59,2267.4,629.0,22,0.453,816938.39
70679.86,46143.24,3013.27,621.0,39,0.695,318765.9
43844.32,19910.62,5150.14,604.0,30,0.572,295882.62
104382.77,54963.64,2804.15,717.0,34,0.553,799045.73
30159.08,19694.36,2221.57,655.0,67,0.727,169269.84
82978.85,37649.73,7236.95,771.0,24,0.541,804557.31
85014.56,39497.53,5809.7,444.0,55,0.533,595140.2
43234.49,27616.04,4674.66,754.0,24,0.747,175012.27
94811.63,39947.94,12546.7,709.0,29,0.554,842692.56
53748.84,26459.54,5008.01,673.0,55,0.585,445188.13
67217.34,42572.86,1406.23,577.0,40,0.654,384665.47
66508.05,57071.48,2773.7,547.0,65,0.9,103482.25
56642.28,36296.98,2132.2,740.0,25,0.678,315913.24
80270.21,49839.45,7838.36,699.0,32,0.719,438965.63
79837.22,50267.13,3104.33,698.0,47,0.669,510696.28
16286.7,6335.88,67.2,672.0,26,0.393,157294.8
92608.51,52540.46,13561.3,748.0,62,0.714,454585.05
18437.7,10058.41,290.28,633.0,38,0.561,125318.22
85813.66,51336.96,3767.67,653.0,61,0.642,637493.11
88167.63,50033.03,8064.79,666.0,31,0.659,548627.08
32725.84,19863.11,1743.09,663.0,25,0.66,219002.93
49729.64,25027.93,2848.58,787.0,64,0.561,425067.38
32357.38,18081.03,7301.58,580.0,53,0.784,121273.4
54626.97,19983.95,2293.35,524.0,26,0.408,502495.18
52299.14,26254.9,7818.7,564.0,43,0.652,345148.31
79491.51,60304.25,3641.23,735.0,37,0.804,297900.59
92757.72,55452.54,11520.9,672.0,55,0.722,456371.6
94892.1,51892.87,1276.17,552.0,23,0.56,554261.46
45945.8,38338.02,1263.58,688.0,51,0.862,120321.9
54769.45,18943.37,6615.89,654.0,40,0.467,540865.35
17914.05,6871.5,677.51,725.0,56,0.421,215809.99
39853.25,32157.85,7934.15,744.0,50,1.006,0.0
84121.29,46846.65,6560.38,850.0,38,0.635,569048.65
100389.57,51561.34,7732.17,585.0,58,0.591,816690.31
29141.28,10785.75,1358.1,531.0,43,0.417,235153.46
45188.39,27888.22,723.92,727.0,22,0.633,281668.14
59339.86,37483.15,3293.23,759.0,26,0.687,405492.71
67004.03,25851.89,324.25,578.0,62,0.391,748028.51
39759.91,21031.35,4417.51,578.0,50,0.64,233119.85
70601.53,35277.65,2384.9,708.0,42,0.533,589136.6
48154.02,28333.66,3743.2,817.0,69,0.666,310541.32
59638.69,22788.69,5449.59,610.0,64,0.473,584828.34
73657.11,54343.63,2751.01,687.0,34,0.775,325802.46
60160.56,41352.78,4692.53,528.0,57,0.765,242386.02
49090.35,24325.43,2195.85,664.0,64,0.54,434248.99
57259.75,29634.05,2615.16,671.0,36,0.563,474320.56
57790.93,30602.41,4226.39,797.0,28,0.603,339335.58
50749.72,21987.51,2268.15,623.0,25,0.478,477449.92
53530.1,25881.03,8506.78,735.0,23,0.642,346459.53
99966.18,50928.71,1737.29,618.0,23,0.527,998507.53
74022.99,58621.04,4196.43,687.0,25,0.849,174055.53
52612.99,36407.81,1034.66,846.0,41,0.712,268556.47
77423.86,53437.81,15418.97,823.0,36,0.889,172338.16
51654.51,31276.23,7585.39,837.0,69,0.752,225405.05
89328.12,34159.16,12237.09,712.0,58,0.519,997611.46
69241.05,37651.65,164.42,663.0,44,0.546,595073.17
57317.45,39868.48,4336.96,703.0,37,0.771,227349.58
71192.92,25719.18,3964.17,717.0,41,0.417,802230.04
20728.1,13379.63,2527.73,711.0,55,0.767,91304.53
31830.81,28596.53,1875.15,623.0,22,0.957,22173.5
30151.87,21385.9,1499.88,620.0,33,0.759,110229.18
63573.58,48449.7,5735.04,632.0,56,0.852,146311.44
103312.87,60205.66,10080.43,766.0,50,0.68,605678.28
115782.5,80490.81,6921.07,774.0,27,0.755,601504.64
75951.28,33594.92,8328.18,850.0,68,0.552,730763.5
72521.11,48544.15,3935.25,714.0,22,0.724,453552.76
15000.0,9722.37,1194.04,617.0,69,0.728,64900.92
46433.16,27557.46,8541.07,642.0,36,0.777,160764.79
40305.41,30124.31,2261.47,667.0,68,0.804,140170.21
44478.81,20868.67,4472.46,800.0,58,0.57,391756.51
55796.4,29122.45,5442.16,739.0,38,0.619,418881.14
48197.74,27198.91,2307.19,572.0,20,0.612,325817.4
15000.0,5933.38,1108.57,675.0,45,0.469,146977.3
78697.76,45962.62,3254.93,562.0,58,0.625,465504.79
33181.42,9694.3,1074.04,727.0,36,0.325,402301.59
65981.17,46651.54,3297.65,623.0,33,0.757,323865.05
111852.07,62301.11,2118.59,631.0,19,0.576,733117.85
37015.39,17466.3,3447.22,530.0,25,0.565,268961.72
15000.0,6372.66,880.59,741.0,63,0.484,163338.66
52849.89,27207.82,9697.58,777.0,55,0.698,276974.96
87523.99,57174.08,3129.21,625.0,29,0.689,427051.23
108958.69,68879.42,16447.32,667.0,41,0.783,437341.71
29261.26,12996.95,6024.93,642.0,18,0.65,188792.97
72417.48,30639.41,6064.07,663.0,35,0.507,620250.28
48367.24,31367.84,2744.32,614.0,40,0.705,258383.82
57351.29,25329.08,3529.33,592.0,56,0.503,406286.09
126108.58,70492.99,12359.3,789.0,44,0.657,789037.02
22425.74,12750.45,1599.92,469.0,61,0.64,140216.65
66343.49,39594.41,939.43,720.0,61,0.611,392230.52
71692.33,48660.49,1368.94,703.0,23,0.698,481115.53
87144.66,31420.49,14669.41,812.0,45,0.529,800992.31
62449.58,16444.6,539.49,661.0,40,0.272,945463.46
67701.26,31473.16,2109.35,650.0,69,0.496,677356.76
50208.79,41182.72,7423.4,615.0,51,0.968,28441.1
66728.17,56940.89,4131.06,708.0,42,0.915,107366.15
51420.19,42405.03,7746.48,623.0,28,0.975,26335.91
75539.3,39359.96,6642.85,590.0,65,0.609,449682.12
50759.74,14348.9,1967.18,621.0,18,0.321,593551.82
69427.51,13885.5,4039.66,604.0,55,0.258,834198.29
59268.43,27138.67,683.27,600.0,27,0.469,494660.95
88151.26,45864.13,6794.05,687.0,26,0.597,721439.0
58715.16,43748.3,4804.81,664.0,43,0.827,189575.9
15674.19,10661.13,1870.78,724.0,27,0.8,60822.4
91548.04,53474.19,9928.14,692.0,35,0.693,533479.2
37356.69,15559.93,3172.07,584.0,67,0.501,340698.48
43655.84,17719.17,1662.78,510.0,26,0.444,382613.91
45108.47,26529.15,1380.86,596.0,62,0.619,326081.59
94360.95,61764.68,21063.42,741.0,43,0.878,215871.46
15000.0,9131.73,678.64,739.0,59,0.654,97989.08
138443.71,54659.0,3492.91,759.0,26,0.42,1476548.29
86401.42,55953.57,10415.77,747.0,53,0.768,373539.26
65580.97,40259.28,865.64,767.0,32,0.627,484082.5
58627.65,22829.61,8885.75,713.0,41,0.541,496873.39
67138.85,29027.61,5169.6,824.0,57,0.509,602027.46
73028.06,47707.36,5552.97,703.0,19,0.729,355984.54
76130.39,39193.74,117.29,840.0,21,0.516,715765.55
73890.11,58252.9,489.91,630.0,55,0.795,261003.21
62239.52,38910.24,4418.99,628.0,48,0.696,268540.0
55066.54,26267.03,3468.2,665.0,37,0.54,487501.31
56218.17,30833.93,4790.31,677.0,56,0.634,366061.78
55127.29,30844.13,6538.58,654.0,62,0.678,326467.5
88344.25,38936.97,14850.69,723.0,43,0.609,677258.98
74838.92,30916.84,2700.5,672.0,22,0.449,661329.48
15000.0,9828.13,210.61,631.0,21,0.669,92294.69
76397.52,51705.15,3352.23,648.0,39,0.721,338554.55
64868.4,41552.57,1446.77,777.0,23,0.663,436028.96
59532.28,46274.31,4773.67,705.0,54,0.857,127934.09
50287.04,23571.25,2109.64,546.0,48,0.511,314709.92
88102.82,70582.75,8903.25,801.0,22,0.902,184192.86
83688.16,34719.02,3492.87,715.0,24,0.457,887177.67
40678.06,16193.82,5531.77,731.0,22,0.534,347787.94
70176.31,20070.86,1201.78,754.0,21,0.303,923838.08
35708.58,17251.91,4118.29,758.0,44,0.598,228761.58
25509.55,12102.79,2380.91,606.0,26,0.568,188454.14
44332.07,27880.02,5683.79,594.0,54,0.757,184695.31
81559.84,47841.67,2635.08,850.0,19,0.619,596924.61
83828.13,31104.76,6745.03,624.0,66,0.452,783499.27
72827.14,35764.76,10180.5,710.0,36,0.631,445125.35
78127.39,38616.86,557.54,811.0,56,0.501,649172.75
72904.46,20675.9,2703.25,645.0,34,0.321,885380.43
43962.96,17710.83,1219.49,651.0,34,0.431,386528.74
70798.06,30753.12,3551.14,754.0,65,0.485,721729.46
80010.24,61211.33,6956.77,697.0,57,0.852,223055.36
78857.28,45636.1,8526.6,720.0,68,0.687,503890.63
89722.83,58259.31,457.27,674.0,67,0.654,573948.58
77707.6,25270.87,5229.48,638.0,41,0.393,1077211.98
68786.21,50154.24,491.74,653.0,30,0.736,310357.76
86753.76,64645.89,15511.47,776.0,45,0.924,131136.84
59336.97,14848.97,10467.11,656.0,63,0.427,564046.3
37953.13,16858.88,1797.03,714.0,67,0.492,392015.15
55923.33,34916.56,746.05,602.0,62,0.638,350659.77
41377.43,26757.06,1807.84,843.0,59,0.69,210235.89
43120.54,19327.74,500.18,706.0,31,0.46,390258.85
56387.03,28428.94,4048.42,707.0,40,0.576,430376.26
40189.5,18502.96,2624.9,754.0,40,0.526,314023.89
52300.96,29631.77,5515.49,642.0,27,0.672,316583.52
15000.0,10943.65,410.42,775.0,55,0.757,59758.21
65332.34,28376.69,2293.93,559.0,66,0.469,559419.8
60030.14,42028.48,2117.19,631.0,34,0.735,267388.32
39572.78,17125.09,1292.27,616.0,44,0.465,400218.02
76481.14,32340.5,5609.68,530.0,28,0.496,607405.71
83439.25,56137.03,8193.25,638.0,36,0.771,361713.52
19811.0,13635.72,1796.04,676.0,62,0.779,81632.3
40931.88,27740.01,4782.76,593.0,61,0.795,125581.18
40771.44,14377.25,3459.29,581.0,61,0.437,470011.77
36502.42,17525.08,1745.81,683.0,44,0.528,343926.22
80736.87,54372.11,12898.13,674.0,53,0.833,217435.42
55154.35,30678.57,5001.47,659.0,33,0.647,307593.49
53387.13,20764.71,512.42,579.0,40,0.399,602947.28
15000.0,9281.22,1926.46,648.0,50,0.747,72679.33
75885.45,33600.48,986.13,627.0,69,0.456,763481.84
29018.54,23771.37,716.11,687.0,39,0.844,73744.51
61498.32,48074.85,7227.96,635.0,31,0.899,101188.22
66934.42,42879.17,3581.15,677.0,30,0.694,415310.93
94016.46,70902.61,2230.65,575.0,39,0.778,369200.26
27279.49,15268.84,950.76,568.0,24,0.595,169941.04
15000.0,9972.23,1783.55,725.0,55,0.784,68471.65
64596.24,49846.21,1987.13,741.0,18,0.802,286919.34
105012.78,61624.1,4017.73,649.0,68,0.625,658979.9
90973.66,46553.22,17863.98,682.0,50,0.708,445438.63
65241.49,19201.01,3911.82,644.0,39,0.354,850579.2
47709.1,25645.07,1260.31,768.0,40,0.564,461603.36
80178.06,54001.01,14018.15,664.0,32,0.848,251441.16
35661.35,24672.12,3085.34,640.0,61,0.778,143906.66
71908.94,44990.17,9799.2,757.0,32,0.762,307653.06
72636.75,34052.48,4097.77,618.0,48,0.525,649435.68
86505.25,21927.07,7218.36,693.0,45,0.337,1007127.0
128991.5,61363.54,20064.06,596.0,20,0.631,776362.26
69810.4,35208.75,8543.9,733.0,59,0.627,495024.3
47275.91,23782.65,4359.71,745.0,42,0.595,360688.91
59360.64,38156.04,2251.5,577.0,50,0.681,301446.47
15773.1,13373.25,997.21,564.0,50,0.911,20804.02
42632.17,24237.64,4038.43,703.0,40,0.663,257411.35
49767.94,25754.42,1738.15,835.0,45,0.552,415418.86
46897.79,23970.25,1851.43,751.0,33,0.551,343685.45
63808.87,36285.41,7138.68,663.0,54,0.681,369826.32
39439.5,16791.6,4161.08,612.0,22,0.531,324443.01
88025.77,50001.26,4921.86,583.0,60,0.624,600191.55
60005.18,37060.51,1705.03,737.0,28,0.646,404490.85
59767.49,34751.98,8551.64,754.0,29,0.725,310400.46
51802.63,32046.73,4643.52,630.0,38,0.708,282980.56
63879.77,39290.03,1855.05,660.0,35,0.644,411396.82
80627.46,22915.57,15571.66,684.0,31,0.477,785388.33
38321.74,24737.86,4057.02,825.0,50,0.751,199526.17
43547.09,19567.79,1262.3,685.0,38,0.478,388463.81
52406.85,20209.35,1927.31,602.0,43,0.422,568052.01
26353.23,10128.39,906.17,587.0,42,0.419,260491.48
39518.55,24305.15,3123.02,607.0,57,0.694,205502.68
48094.48,24846.27,1491.74,781.0,42,0.548,460096.1
81859.73,24370.02,6665.5,721.0,52,0.379,898806.1
66564.03,41383.24,6085.43,652.0,67,0.713,325095.45
64839.75,21660.29,1450.89,446.0,37,0.356,666501.54
81272.45,46404.39,4189.41,612.0,19,0.623,540583.89
56565.71,33134.77,2498.21,708.0,58,0.63,503041.6
69761.62,47635.79,4052.0,708.0,68,0.741,367766.48
57419.46,46926.21,1419.53,707.0,29,0.842,127595.9
66634.06,23008.64,2570.32,572.0,49,0.384,710206.22
45431.03,24629.48,1189.69,694.0,60,0.568,293080.64
15000.0,7628.25,1013.37,602.0,50,0.576,104770.77
56643.02,34839.0,2863.96,680.0,65,0.666,349814.95
95568.7,55654.46,14132.58,619.0,48,0.73,427811.17
83155.39,41338.04,11864.59,766.0,50,0.64,449035.23
84134.94,40709.92,5741.54,707.0,37,0.552,700490.02
90903.27,34773.44,10300.08,669.0,58,0.496,778859.38
62216.44,43438.23,4648.79,790.0,54,0.773,293239.06
64932.89,40185.71,1667.42,650.0,54,0.645,332570.69
44558.7,30641.47,1696.46,567.0,57,0.726,189922.22
52098.18,26228.34,2719.1,764.0,31,0.556,480304.29
75394.28,34038.61,4901.0,700.0,53,0.516,521067.9
90097.11,34980.45,5441.44,655.0,29,0.449,928194.18
56513.84,34125.19,5118.86,629.0,43,0.694,278938.83
48745.27,19207.15,1464.59,721.0,51,0.424,511306.58
60013.2,49648.89,8992.09,745.0,23,0.977,23024.16
75030.17,26549.7,6092.52,619.0,63,0.435,714221.06
23903.63,14128.22,2344.88,725.0,30,0.689,124432.84
15000.0,11775.42,149.71,700.0,39,0.795,49630.65
46236.58,29585.1,3556.1,614.0,52,0.717,245362.33
29482.19,16992.09,4699.21,680.0,36,0.736,139516.29
47296.5,19142.19,1446.07,636.0,54,0.435,481745.34
56305.49,19297.84,4126.59,779.0,40,0.416,640987.02
48668.79,32389.45,3346.76,628.0,67,0.734,255615.7
96311.69,74730.37,5540.78,801.0,49,0.833,326873.71
68168.62,33005.37,4116.6,691.0,61,0.545,596705.79
67511.86,25596.5,1010.94,540.0,28,0.394,720772.15
75555.18,15111.04,7268.0,506.0,21,0.296,778548.92
31529.17,12702.64,1082.09,663.0,29,0.437,375000.46
85977.79,45821.99,7777.83,787.0,68,0.623,545908.22
58105.89,45896.01,6743.7,778.0,56,0.906,108901.01
76762.02,49969.77,2407.17,693.0,47,0.682,459363.01
33203.57,19781.45,2166.28,621.0,27,0.661,242778.89
21156.03,10366.08,3929.03,647.0,68,0.676,126587.08
80447.24,37208.87,6240.57,697.0,41,0.54,626581.66
69410.24,52810.58,4151.43,767.0,40,0.821,224006.44
37448.71,21724.4,1563.04,726.0,18,0.622,253074.3
38258.42,8975.8,2429.11,757.0,65,0.298,518437.95
88135.87,39570.28,1303.24,731.0,21,0.464,904157.18
30264.7,12749.54,2291.83,755.0,45,0.497,301866.53
101066.82,47305.38,6792.67,499.0,61,0.535,750190.57
37484.48,23781.53,1148.02,609.0,62,0.665,228338.93
75959.8,40553.67,1234.6,592.0,20,0.55,516540.48
51784.54,27884.43,1993.54,584.0,65,0.577,312017.03
75079.69,56086.1,1979.86,680.0,19,0.773,342900.19
46397.15,20671.36,3742.39,564.0,58,0.526,309236.94
55930.18,46401.35,414.82,604.0,23,0.837,155585.28
61022.98,27417.86,739.3,672.0,59,0.461,545027.21
34945.31,19687.48,4027.25,552.0,34,0.679,218941.68
78520.61,39874.29,3319.21,641.0,54,0.55,741961.0
47169.66,26816.56,4463.69,731.0,61,0.663,298710.46
54285.0,33476.95,1030.12,582.0,40,0.636,324765.23
35141.27,21614.52,4747.56,744.0,57,0.75,161994.43
15000.0,6555.49,1200.08,616.0,38,0.517,128174.49
55224.31,21071.54,3893.17,702.0,61,0.452,604878.88
120315.39,108283.85,7502.55,592.0,48,0.962,100461.82
79615.11,38008.44,1919.41,716.0,29,0.502,659775.95
59518.49,38977.58,2636.13,656.0,46,0.699,327341.83
53427.73,16501.36,5116.63,717.0,59,0.405,582683.1
60561.65,30768.83,2257.73,636.0,30,0.545,459740.46
73677.98,39117.12,664.26,724.0,43,0.54,606092.28
30479.68,18925.51,1773.35,748.0,50,0.679,183572.43
87858.04,17571.61,3470.62,690.0,51,0.24,1244436.6
77884.53,44777.46,6730.05,642.0,37,0.661,483797.12
77954.64,29430.9,6113.25,661.0,64,0.456,797910.69
70961.89,42481.47,1548.74,579.0,27,0.62,391462.58
60490.42,23866.53,5132.47,696.0,18,0.479,538872.4
76821.53,32393.92,6893.07,730.0,69,0.511,742314.06
74795.35,38067.53,8606.58,805.0,46,0.624,633231.17
51148.98,20058.1,5454.35,785.0,39,0.499,521924.86
45659.96,21856.04,4619.13,602.0,67,0.58,319877.27
62546.41,23204.32,8024.2,697.0,18,0.499,602084.11
98725.5,27151.93,14189.58,669.0,61,0.419,1060348.19
29022.32,20393.8,2055.34,777.0,25,0.774,113821.54
23311.87,8289.53,1938.24,623.0,26,0.439,224326.19
64119.02,33546.94,1989.28,750.0,40,0.554,552700.16
61272.19,40619.4,993.1,601.0,37,0.679,362059.48
64333.54,29449.22,5569.81,672.0,51,0.544,604164.57
66098.83,28172.98,5654.31,609.0,33,0.512,657464.16
54419.94,31777.75,4220.09,523.0,39,0.661,248874.23
97246.59,69792.91,12351.45,608.0,63,0.845,255769.4
19977.4,7483.59,146.85,659.0,40,0.382,254007.77
39287.57,20723.32,3687.02,794.0,18,0.621,313299.7
57418.63,16658.63,1217.04,593.0,31,0.311,730984.11
18920.28,9290.23,1759.05,632.0,69,0.584,128097.72
55603.64,30867.29,472.63,565.0,66,0.564,378057.3
101536.75,42828.84,7917.99,772.0,40,0.5,1043836.56
60522.16,29138.47,11833.23,643.0,55,0.677,329423.97
65767.52,22279.8,3099.55,653.0,57,0.386,637878.99
28495.88,16002.2,869.08,652.0,67,0.592,209108.2
44590.96,31586.19,5359.6,524.0,25,0.829,121719.42
50620.09,19510.42,4976.17,563.0,49,0.484,474613.97
52057.12,23769.24,2087.12,604.0,57,0.497,469582.07
92041.09,57560.84,6596.92,729.0,19,0.697,624030.54
73942.28,54111.96,5552.36,480.0,65,0.807,201935.56
32213.55,10502.31,3105.69,723.0,30,0.422,349046.96
66162.62,34714.35,7883.68,707.0,44,0.644,460227.98
72455.54,42927.71,6162.7,535.0,63,0.678,402640.71
88503.73,47322.19,6452.43,655.0,24,0.608,635367.97
99513.52,19902.7,4640.21,773.0,20,0.247,1194217.96
34622.65,21644.81,5791.16,594.0,38,0.792,98764.63
39728.56,30904.87,2599.37,636.0,25,0.843,97810.68
28560.55,16208.09,2435.67,850.0,18,0.653,210605.41
54149.5,21407.14,6445.63,706.0,34,0.514,393411.99
71658.96,33896.9,3766.46,659.0,43,0.526,648558.74
84683.36,69058.18,7649.15,642.0,46,0.906,136746.51
58101.22,39886.16,4599.01,710.0,25,0.766,243621.35
52003.81,33594.67,9144.96,735.0,55,0.822,208226.43
63793.95,38497.22,1486.41,508.0,68,0.627,450023.55
39121.43,17637.09,472.0,501.0,60,0.463,312705.0
112238.47,58354.39,7124.0,600.0,25,0.583,865044.98
19808.47,10663.13,1313.53,668.0,25,0.605,141491.18
64618.51,40867.08,260.72,686.0,42,0.636,464674.84
110590.16,85855.32,7894.41,544.0,59,0.848,266625.81
60170.0,43187.06,7898.72,664.0,59,0.849,141277.25
55249.02,18624.02,2048.62,674.0,62,0.374,622446.11
51063.86,29800.83,3498.18,612.0,44,0.652,332550.05
55490.21,36652.09,1767.93,637.0,39,0.692,296682.85
94321.21,60632.41,4638.25,622.0,20,0.692,548305.65
15000.0,6834.22,271.72,717.0,66,0.474,165562.58
98335.84,88502.26,5621.0,681.0,64,0.957,85493.98
24401.07,8746.25,1447.82,589.0,55,0.418,253284.49
53333.69,20667.96,1774.32,756.0,66,0.421,511806.89
49268.89,28824.23,418.3,571.0,41,0.594,270142.91
74713.83,64815.78,2122.71,543.0,50,0.896,135586.21
20046.89,8511.32,2315.23,660.0,52,0.54,178019.89
71554.32,36501.7,2370.8,660.0,57,0.543,585693.73
110607.74,78707.81,6485.57,686.0,46,0.77,475222.86
25920.65,14186.91,739.83,585.0,25,0.576,185007.12
64742.65,32358.99,1407.41,751.0,28,0.522,593364.61
43450.45,27584.3,1346.33,817.0,33,0.666,298914.02
70647.18,41743.84,5360.5,678.0,50,0.667,465345.92
60478.69,42611.22,2603.96,705.0,28,0.748,284896.52
43962.83,32696.05,4883.45,511.0,46,0.855,102787.73
72196.81,43032.94,1562.48,645.0,66,0.618,482095.48
105108.7,62409.33,8940.35,624.0,62,0.679,603273.47
55227.41,32148.79,5570.65,611.0,41,0.683,242325.22
77993.95,48619.06,6671.88,627.0,19,0.709,433674.76
27668.18,15446.47,1247.05,635.0,22,0.603,189471.1
36089.09,19845.71,1210.07,564.0,41,0.583,231678.33
71810.16,52385.08,7064.61,641.0,61,0.828,248489.64
97102.9,75489.49,4251.14,597.0,64,0.821,289197.44
68890.33,22311.31,3379.56,743.0,24,0.373,731838.11
52173.55,28773.88,2253.65,706.0,48,0.595,419605.23
59982.29,26793.84,6859.02,707.0,47,0.561,463186.96
28739.81,14466.3,2997.09,758.0,23,0.608,207363.35
75112.88,45847.21,963.92,614.0,22,0.623,532751.65
82058.33,53372.03,8021.69,702.0,32,0.748,417962.25
48697.74,25964.71,425.31,766.0,44,0.542,370619.67
48248.95,12689.42,2907.67,608.0,52,0.323,559346.01
66646.96,27008.22,6327.59,518.0,26,0.5,460225.03
49082.01,33595.4,2527.57,625.0,40,0.736,216661.32
58346.68,11669.34,229.33,757.0,34,0.204,816461.26
112493.04,81907.77,15115.99,604.0,40,0.862,294304.03
53824.36,33811.63,6124.18,643.0,63,0.742,218842.0
51041.5,38149.76,3343.12,618.0,56,0.813,175027.34
43811.45,22791.36,3290.66,665.0,64,0.595,308970.83
78604.8,18927.19,8118.17,596.0,46,0.344,741751.95
55469.4,34088.96,1155.57,561.0,56,0.635,309777.38
43765.67,32439.03,1101.43,645.0,62,0.766,157629.23
93032.6,64072.32,4621.19,658.0,63,0.738,399610.28
95490.08,43027.47,20817.9,769.0,28,0.669,547531.26
44989.41,25329.68,3271.67,685.0,67,0.636,288628.11
15000.0,7051.12,1222.2,586.0,30,0.552,125305.22
85187.84,36384.58,7470.69,621.0,29,0.515,659092.92
42884.25,29732.01,3315.37,737.0,19,0.771,164411.07
79765.64,29542.81,623.85,646.0,59,0.378,826348.49
15000.0,6238.91,184.93,593.0,28,0.428,142020.64
82314.93,31641.54,8256.27,687.0,65,0.485,713033.94
29720.7,9702.71,3170.47,617.0,66,0.433,254795.15
78269.1,44766.96,4636.94,718.0,31,0.631,577845.18
60356.83,43711.95,3340.83,709.0,39,0.78,260376.91
36151.51,18880.8,394.55,588.0,38,0.533,284437.6
49824.09,16149.87,1416.19,823.0,62,0.353,738748.37
77157.96,52158.14,7059.45,670.0,66,0.767,403414.04
62647.36,50296.76,3238.48,467.0,54,0.855,160349.48
74610.32,33803.23,7643.46,710.0,53,0.556,485049.18
109411.01,52322.19,8919.25,472.0,42,0.56,774837.92
20893.96,13107.81,1428.19,763.0,60,0.696,112319.04
100430.31,79669.47,2308.71,685.0,66,0.816,323881.41
62608.9,29552.96,3437.4,668.0,20,0.527,447854.54
37530.4,13140.61,2048.61,673.0,19,0.405,414198.78
26742.16,17241.01,1502.36,720.0,44,0.701,174915.58
55271.99,37024.51,2239.34,635.0,50,0.71,279811.71
83041.25,45749.06,5943.24,672.0,35,0.622,623506.19
56811.27,26489.96,8573.57,683.0,65,0.617,408994.11
97778.87,68362.77,4068.73,443.0,28,0.741,415736.33
23720.61,14925.13,4709.49,721.0,24,0.828,58902.01
59697.78,25952.69,6042.88,734.0,54,0.536,543667.76
28690.16,15990.87,828.99,709.0,67,0.586,238344.85
69090.8,23991.36,1895.27,704.0,53,0.375,932368.36
82172.18,53648.87,12308.8,801.0,44,0.803,272481.7
49480.96,25268.19,547.31,670.0,39,0.522,496480.16
15000.0,7269.65,660.61,672.0,48,0.529,123430.64
64973.7,35415.14,2999.85,621.0,57,0.591,471525.79
70918.46,39433.94,4484.72,520.0,23,0.619,478310.58
70107.37,47970.23,6794.78,710.0,50,0.781,310324.58
90894.55,58051.04,2682.74,630.0,24,0.668,437649.25
33223.66,17493.54,1529.67,519.0,23,0.573,232383.31
77005.4,51173.96,6025.57,667.0,18,0.743,318581.65
89812.69,54795.67,7100.03,665.0,56,0.689,504208.23
15535.31,7550.32,1914.01,655.0,63,0.609,101713.87
67991.3,36123.25,987.72,684.0,55,0.546,468651.58
47395.5,25013.76,4673.93,548.0,59,0.626,263111.06
57961.93,36271.95,2866.13,753.0,67,0.675,378479.92
68691.91,33998.83,5718.57,708.0,65,0.578,554335.38
47819.29,23500.24,1472.31,773.0,61,0.522,392090.0
43107.3,36439.19,4458.97,629.0,46,0.949,36482.7
60853.81,42047.57,1557.32,708.0,28,0.717,326776.63
32818.85,14306.06,3078.97,524.0,45,0.53,257812.03
32854.37,20883.59,3012.15,607.0,57,0.727,164962.91
76984.33,43708.05,3320.28,563.0,32,0.611,512408.94
31280.15,19041.25,5563.14,694.0,47,0.787,129527.04
76657.81,43741.04,7366.51,585.0,40,0.667,431032.0
71564.78,52131.11,2253.33,638.0,29,0.76,318130.66
16854.83,10143.96,1172.09,673.0,45,0.671,116089.15
43060.88,23282.45,1424.21,641.0,48,0.574,375188.93
89852.74,63465.56,7529.03,568.0,47,0.79,317482.66
35470.86,20750.2,3517.99,805.0,56,0.684,194663.44
48389.89,27496.19,1420.69,682.0,33,0.598,401568.95
71551.52,42723.66,753.46,806.0,47,0.608,422865.59
79584.76,42654.14,409.68,591.0,21,0.541,655173.07
53711.53,29615.68,7380.55,643.0,50,0.689,310146.23
45062.25,20818.57,3364.03,680.0,50,0.537,380782.97
95559.25,41790.44,6370.03,796.0,45,0.504,964265.94
103472.49,41411.19,5173.25,805.0,38,0.45,971808.38
84471.45,28821.87,2683.77,638.0,32,0.373,836088.07
62132.95,25974.21,671.14,615.0,43,0.429,536863.92
39793.36,20846.15,5992.84,673.0,31,0.674,206876.43
39238.89,22188.32,901.17,769.0,32,0.588,288899.87
73062.85,37211.31,6330.59,684.0,19,0.596,527709.97
70459.96,14091.99,4742.08,699.0,33,0.267,1043371.82
95039.96,74719.28,4371.64,768.0,54,0.832,366760.28
76261.25,54372.14,2226.07,756.0,28,0.742,344011.45
22422.99,13831.94,1557.87,759.0,28,0.686,133414.28
86298.69,72156.37,3193.06,730.0,50,0.873,207416.54
35048.48,14138.4,761.15,788.0,19,0.425,357492.63
50400.72,41991.04,1533.64,583.0,50,0.864,111199.44
66255.01,26847.71,3236.45,850.0,20,0.454,855690.04
109891.69,64375.72,1276.75,765.0,37,0.597,950504.45
137747.96,49441.11,549.97,667.0,50,0.363,1787307.46
75168.08,41508.12,540.37,769.0,43,0.559,672360.69
55420.08,33691.25,3443.37,652.0,66,0.67,353238.93
73362.64,38647.18,262.84,718.0,51,0.53,664612.3
82191.39,54006.45,437.98,727.0,31,0.662,602734.97
51983.31,29362.88,5477.44,749.0,69,0.67,230596.41
104880.28,49465.51,3040.93,643.0,46,0.501,825424.02
65751.77,30573.13,3972.9,751.0,19,0.525,505645.33
72443.58,48655.79,7920.45,645.0,67,0.781,261905.2
76648.11,34640.25,2421.4,738.0,25,0.484,750756.14
70539.67,48482.65,8117.36,679.0,44,0.802,249093.2
80973.51,59386.52,7385.14,534.0,25,0.825,212499.27
44568.67,13356.91,4265.8,621.0,24,0.395,477500.38
46042.46,33147.76,1580.02,748.0,28,0.754,222183.97
32496.14,27916.25,3065.14,656.0,69,0.953,28468.56
70987.53,41726.51,9551.37,777.0,56,0.722,410199.81
79473.41,50852.07,2909.61,583.0,47,0.676,408813.27
71444.32,50407.6,6739.53,736.0,56,0.8,296195.48
101862.31,51815.08,8705.37,676.0,66,0.594,742940.99
59860.1,34559.75,1393.91,660.0,64,0.601,460304.47
76718.54,27071.68,5399.88,586.0,38,0.423,704374.17
32707.48,18669.27,2663.87,697.0,38,0.652,244599.72
50322.51,31437.32,1200.97,599.0,24,0.649,318738.89
77388.44,48555.4,4887.05,629.0,37,0.691,424360.47
81227.55,57656.43,1745.72,669.0,66,0.731,345408.96
52650.83,22838.86,3963.81,651.0,68,0.509,509794.03
58210.02,27365.05,8370.77,762.0,31,0.614,383819.45
22053.16,18399.52,2073.67,473.0,37,0.928,30126.33
51074.27,26939.16,3252.7,666.0,22,0.591,402826.13
82259.58,47710.97,780.79,651.0,48,0.589,522432.97
74380.13,40161.44,2535.97,679.0,29,0.574,586969.42
72516.64,30946.32,4708.97,636.0,29,0.492,777007.29
61244.34,48599.18,2307.99,762.0,19,0.831,197715.68
60176.58,28333.83,2872.91,659.0,43,0.519,499854.94
43491.97,16566.4,5596.93,691.0,21,0.51,401977.45
77470.71,37371.02,6062.33,751.0,47,0.561,598645.98
70524.32,17613.03,835.53,684.0,51,0.262,1074184.12
72300.47,32702.0,9164.87,578.0,54,0.579,470375.33
46849.13,18963.62,2210.13,646.0,37,0.452,474880.44
15000.0,9639.21,229.45,670.0,19,0.658,104068.71
87428.82,39254.48,2956.99,548.0,62,0.483,751780.38
48029.06,32812.04,334.83,623.0,52,0.69,293219.56
38430.61,29198.52,580.16,675.0,32,0.775,153486.96
77336.97,51597.4,4529.52,841.0,68,0.726,378719.98
50199.68,25987.96,4156.36,710.0,65,0.6,398828.42
86498.41,49405.05,6996.75,693.0,31,0.652,569411.57
75425.15,24230.5,933.17,815.0,53,0.334,900103.39
77089.23,40852.14,5302.96,727.0,66,0.599,574222.73
25851.11,10881.62,1218.14,738.0,47,0.468,234112.58
90298.6,59068.73,2499.5,647.0,61,0.682,509620.96
66531.26,59878.14,2869.54,579.0,44,0.943,78568.22
50768.07,31728.69,2111.92,701.0,19,0.667,341424.2
63584.71,15980.68,4192.48,826.0,38,0.317,919704.66
15594.12,7731.81,350.51,801.0,69,0.518,149963.8
70216.32,39909.11,8357.03,733.0,31,0.687,455800.46
34265.71,19295.15,1145.04,625.0,44,0.597,243469.95
26183.24,11530.52,1361.0,556.0,38,0.492,181385.83
21941.02,12874.85,1871.04,614.0,40,0.672,108066.11
87817.21,31932.52,7650.5,697.0,52,0.451,837065.14
44268.42,18073.19,4354.99,642.0,65,0.507,370000.29
98343.19,63615.23,3646.4,760.0,25,0.684,596153.62
46604.96,18532.49,7859.98,561.0,29,0.566,377326.06
17316.05,10921.78,1572.55,670.0,45,0.722,90281.97
32086.89,11056.51,2175.01,619.0,58,0.412,333850.42
90895.29,74054.56,17143.66,759.0,50,1.003,0.0
56102.55,24340.62,1171.01,723.0,50,0.455,562655.79
46292.82,23907.93,6799.34,614.0,26,0.663,253386.87
64000.46,38374.16,3615.96,748.0,32,0.656,375157.66
72544.57,33747.55,4060.51,550.0,27,0.521,402576.04
87934.97,50255.79,2762.58,537.0,66,0.603,504727.28
96212.48,61220.34,5009.78,609.0,19,0.688,608498.2
51005.78,35402.71,960.09,521.0,20,0.713,264912.08
26848.81,17954.46,3452.97,671.0,40,0.797,89773.59
49663.37,26034.95,1640.3,674.0,27,0.557,378101.96
66507.01,35116.05,1926.34,648.0,36,0.557,654510.47
35906.03,32315.42,4713.23,723.0,58,1.031,0.0
36071.23,24978.72,3090.15,622.0,35,0.778,142557.42
68594.7,28242.25,1318.85,576.0,52,0.431,707980.41
58783.69,33212.68,3550.21,616.0,58,0.625,393828.0
60819.92,30393.45,394.83,582.0,60,0.506,493081.18
41037.62,21737.62,3817.45,631.0,26,0.623,279199.83
54239.98,19828.82,2878.81,728.0,48,0.419,627925.58
36894.17,18012.16,7845.17,539.0,47,0.701,200365.36
82254.96,67591.65,5290.79,653.0,54,0.886,172455.33
85881.23,54694.45,7610.11,757.0,69,0.725,464143.58
15000.0,3000.0,721.42,766.0,67,0.248,189152.23
36762.23,26928.65,3352.14,625.0,29,0.824,103939.48
22586.77,16114.4,1308.69,850.0,34,0.771,85551.02
43749.4,21704.39,5376.65,596.0,44,0.619,298812.49
57914.05,38083.67,4934.91,662.0,38,0.743,251742.23
23758.87,10004.63,1636.52,586.0,66,0.49,201899.63
36953.5,17717.79,1963.56,715.0,65,0.533,323557.86
34901.07,27040.72,407.47,850.0,44,0.786,155340.08
65181.68,33193.15,7872.62,827.0,31,0.63,389638.4
61733.61,16639.69,3999.57,748.0,58,0.334,810012.95
41956.56,22677.71,3232.26,631.0,30,0.618,270538.82
64420.52,34671.88,224.16,667.0,20,0.542,577711.23
46333.0,33811.75,4190.36,769.0,41,0.82,155182.18
53208.62,29379.17,4936.05,740.0,49,0.645,334969.05
101836.3,49570.11,10210.99,687.0,54,0.587,854064.18
93511.53,66090.06,1815.68,691.0,25,0.726,423078.0
27510.47,15629.21,723.96,764.0,52,0.594,203055.87
80743.31,35324.92,6592.51,784.0,40,0.519,684417.95
80284.91,58066.03,11390.79,560.0,33,0.865,172121.24
31293.42,18120.43,150.34,698.0,53,0.584,279485.19
80469.44,44293.51,2121.91,726.0,26,0.577,560124.63
98448.3,56773.78,3979.88,637.0,56,0.617,647528.36
31936.38,12436.02,3457.91,782.0,35,0.498,335776.2
37062.43,17450.92,3246.95,657.0,66,0.558,285819.98
85441.54,47038.76,6140.61,785.0,48,0.622,651401.67
66787.38,34782.9,7389.66,651.0,55,0.631,414450.31
73786.91,54666.08,7766.62,701.0,59,0.846,206715.9
68514.73,39917.43,1915.59,699.0,54,0.611,477840.57
69767.4,47318.73,3634.28,813.0,64,0.73,365207.97
26838.2,14798.83,3236.41,739.0,51,0.672,185658.52
86182.94,61055.73,5854.78,643.0,64,0.776,320425.99
89239.75,54403.15,5820.1,658.0,58,0.675,534931.91
54265.23,29955.12,7096.41,658.0,23,0.683,337275.99
58913.08,32284.81,2842.54,681.0,53,0.596,455949.95
21722.31,8837.38,844.14,604.0,31,0.446,201756.38
72856.37,45610.81,2979.68,673.0,58,0.667,497632.46
74301.44,40417.7,207.05,789.0,41,0.547,666967.12
58445.22,27744.02,5249.92,786.0,50,0.565,538024.29
88108.83,63083.22,2877.37,555.0,68,0.749,348516.53
51648.07,18720.75,561.99,542.0,59,0.373,563873.29
74115.15,36066.33,4939.97,633.0,67,0.553,620723.53
34508.39,24299.35,1390.33,538.0,36,0.744,133568.72
59411.2,35488.0,2739.37,579.0,46,0.643,406823.07
55641.14,30203.19,607.29,708.0,23,0.554,511034.57
65632.7,38569.09,6041.76,677.0,20,0.68,360203.74
50761.83,29285.11,381.44,542.0,35,0.584,298103.97
56713.19,18290.04,9521.39,774.0,38,0.49,547802.8
80651.18,40132.89,2507.75,646.0,46,0.529,667404.51
49080.89,38895.54,7649.59,639.0,69,0.948,42038.91
19835.57,8947.85,822.96,761.0,59,0.493,183643.3
103739.6,52103.72,7605.61,713.0,69,0.576,884647.84
94536.35,44314.57,547.12,677.0,53,0.475,1043400.64
27693.43,14869.93,4595.77,640.0,48,0.703,156689.51
77242.7,35727.19,964.44,726.0,25,0.475,853540.31
47425.63,29546.7,3705.45,645.0,49,0.701,251331.95
66587.18,38593.73,9767.07,662.0,33,0.726,276482.05
67355.6,44861.0,4495.62,586.0,39,0.733,289010.99
54139.8,21242.23,6431.35,771.0,19,0.511,473086.6
40405.86,20160.46,6697.73,804.0,68,0.665,292743.35
42736.47,22058.07,5499.55,697.0,32,0.645,220091.28
37095.2,22937.71,5143.3,641.0,57,0.757,161724.24
39204.44,16897.78,2371.63,755.0,34,0.492,374247.74
58320.54,40086.51,1474.69,727.0,30,0.713,325174.17
42106.0,30651.58,1387.91,644.0,52,0.761,161290.19
77051.3,30949.13,3464.4,772.0,42,0.447,917706.6
97181.15,46294.1,9718.8,646.0,27,0.576,742938.03
45498.67,21393.94,2361.2,577.0,62,0.522,325851.72
65985.11,59386.6,3772.18,675.0,28,0.957,46097.22
72492.13,35196.01,849.54,767.0,50,0.497,670117.17
71800.06,57558.07,2811.54,688.0,31,0.841,219741.6
61898.88,22283.92,3696.66,586.0,51,0.42,564134.75
78567.06,31548.79,3100.22,648.0,39,0.441,826870.41
72056.22,32209.8,3640.58,776.0,61,0.498,696475.93
29058.44,12295.98,365.53,702.0,21,0.436,346875.68
81728.9,41666.64,8544.54,678.0,61,0.614,537880.68
82182.27,36462.9,2968.59,670.0,43,0.48,766083.33
40917.85,17475.96,2051.75,766.0,18,0.477,446907.47
60948.45,44112.71,1242.38,761.0,27,0.744,273385.11
77083.22,56545.87,832.27,568.0,53,0.744,300062.82
54767.15,37920.48,3147.38,755.0,19,0.75,230960.78
86824.45,54577.84,13489.18,721.0,46,0.784,370456.41
119096.81,67160.06,4633.77,807.0,42,0.603,797624.4
40350.35,19184.39,2974.49,674.0,40,0.549,338326.77
25473.88,10368.54,2268.59,771.0,47,0.496,229995.48
67595.46,40858.04,7950.76,718.0,42,0.722,325363.34
78039.06,29183.13,8646.2,591.0,30,0.485,556190.7
54228.34,21740.78,7566.37,762.0,57,0.54,472367.83
96331.52,69641.62,4852.88,745.0,51,0.773,382744.81
26534.86,22159.19,3176.79,628.0,52,0.955,20537.87
77322.97,47089.24,6386.78,703.0,32,0.692,430542.43
44853.48,32113.68,3380.24,849.0,56,0.791,221928.66
102984.45,52843.66,7443.88,641.0,59,0.585,685519.69
109812.88,38363.01,4514.9,738.0,37,0.39,1326064.59
40833.59,26208.05,4827.31,592.0,60,0.76,161529.05
46261.07,29393.98,2449.32,634.0,39,0.688,268382.61
81489.7,45695.37,6072.59,745.0,42,0.635,552622.31
50321.73,25847.44,4963.85,701.0,31,0.612,422782.75
58864.72,40871.63,1457.16,664.0,36,0.719,295064.28
60634.71,24383.65,3476.27,816.0,63,0.459,656117.62
15000.0,6508.99,228.8,606.0,39,0.449,159410.24
59654.06,23789.08,8679.77,668.0,40,0.544,471877.84
42756.81,24061.22,315.69,719.0,18,0.57,377764.72
47671.93,18440.27,1020.06,610.0,56,0.408,546110.45
96090.8,42987.53,5627.84,721.0,47,0.506,836219.88
28587.33,12696.68,3249.15,766.0,22,0.558,262293.85
80330.13,41041.37,3298.3,671.0,47,0.552,586809.94
53025.93,17333.85,2611.29,625.0,24,0.376,590274.0
53006.0,29846.66,661.81,655.0,30,0.576,375080.18
79759.3,58790.22,2871.82,466.0,48,0.773,278985.58
68501.28,39067.91,4278.78,760.0,24,0.633,514342.27
74265.32,58015.94,9338.0,701.0,46,0.907,141548.09
84204.62,63161.86,1687.32,666.0,68,0.77,266715.37
51717.29,34477.86,11831.82,547.0,42,0.895,81509.89
44694.08,25082.45,3458.15,769.0,30,0.639,352875.61
32871.24,18190.12,1229.15,645.0,65,0.591,238357.87
39364.74,26160.62,3840.74,725.0,32,0.762,174565.22
133727.36,65693.49,9541.0,679.0,68,0.563,1166209.65
91116.99,24384.9,7752.98,551.0,47,0.353,737536.67
26223.14,16358.01,2268.76,781.0,24,0.71,132643.03
26938.55,10245.8,4018.79,766.0,22,0.53,267516.49
72046.65,29227.8,4911.3,741.0,31,0.474,595961.96
73681.62,40527.37,6187.84,705.0,47,0.634,499505.62
73722.1,39495.23,1961.22,584.0,40,0.562,434758.93
53626.11,18135.74,3663.67,750.0,33,0.407,572127.73
56863.64,32686.57,3640.26,850.0,41,0.639,462368.99
68196.99,47391.52,9453.99,689.0,60,0.834,168731.01
62147.33,23662.52,2231.1,691.0,38,0.417,641585.84
15000.0,11113.09,746.82,592.0,60,0.791,58347.96
54255.01,17143.19,4075.15,514.0,47,0.391,486498.15
38714.84,33588.94,3895.24,651.0,29,0.968,22619.65
64380.29,31437.6,4921.73,799.0,62,0.565,648965.38
134631.48,76988.01,14678.13,788.0,57,0.681,897174.21
69187.04,18417.24,1987.29,675.0,47,0.295,900838.58
52161.76,28202.8,4865.67,714.0,55,0.634,411470.5
83045.04,48520.92,7776.86,583.0,39,0.678,460081.1
72067.2,38705.54,13100.56,689.0,19,0.719,364969.88
70502.36,32821.52,1618.93,638.0,40,0.489,568802.6
75171.26,30671.03,9282.48,684.0,59,0.531,695491.82
111413.59,80170.88,8519.79,658.0,40,0.796,489254.88
31727.79,17596.9,834.8,657.0,39,0.581,186758.64
71840.8,56115.77,7025.22,760.0,47,0.879,152394.32
36840.47,17352.88,3064.47,837.0,44,0.554,326907.45
73887.82,35819.39,7237.1,666.0,51,0.583,505930.88
37032.84,24898.63,6877.02,793.0,28,0.858,110928.59
49565.83,15194.59,3258.19,581.0,46,0.372,559322.79
52622.75,19364.15,355.57,673.0,54,0.375,618144.12
84395.42,60310.89,2149.25,576.0,23,0.74,438190.09
82961.36,31044.96,5582.03,655.0,33,0.441,853450.61
28857.07,7997.51,4247.18,737.0,37,0.424,296316.25
61373.35,50957.01,7281.05,769.0,27,0.949,53404.82
42260.5,14407.76,5681.56,618.0,63,0.475,403837.64
28537.38,16483.7,2661.98,717.0,55,0.671,155061.6
54574.57,30581.56,5110.56,778.0,54,0.654,392575.22
52287.93,10457.59,2093.0,767.0,27,0.24,727015.59
120667.91,61528.86,12789.78,701.0,61,0.616,678707.52
70824.0,43716.96,7862.0,633.0,42,0.728,372473.09
25559.56,15416.16,5085.91,625.0,39,0.802,93400.19
45880.65,31452.47,4851.52,613.0,49,0.791,179124.97
85534.58,42072.43,9155.18,677.0,34,0.599,524981.01
112211.07,73708.72,6389.87,614.0,43,0.714,631049.83
20350.42,9088.51,670.79,734.0,33,0.48,236263.77
15000.0,5076.45,968.89,698.0,27,0.403,148441.45
106774.13,37941.2,17408.2,695.0,34,0.518,979436.79
69740.35,23061.98,10493.3,533.0,19,0.481,568236.34
38292.68,26859.94,3174.85,682.0,19,0.784,143918.22
73365.73,23683.48,7476.61,643.0,46,0.425,767307.28
15000.0,8866.59,2582.97,850.0,63,0.763,67609.14
60084.39,30649.73,7291.47,578.0,21,0.631,367621.04
68195.53,36457.52,1608.3,664.0,47,0.558,647880.44
83106.75,62707.46,2518.95,711.0,29,0.785,288595.43
34652.6,16780.03,3890.2,602.0,51,0.596,248542.05
62142.18,39879.14,304.8,834.0,31,0.647,541125.65
36864.38,20483.12,2355.55,836.0,41,0.62,282791.44
66384.59,34997.77,8522.38,611.0,41,0.656,424116.0
37616.34,33666.45,676.82,633.0,35,0.913,53140.44
49797.48,16622.34,8397.55,850.0,42,0.502,457507.48
35104.62,26095.71,2484.93,792.0,42,0.814,110259.52
76278.41,49463.57,5029.52,650.0,58,0.714,391047.9
81461.28,38944.3,5028.06,715.0,42,0.54,823767.69
54134.49,43004.32,43.85,569.0,45,0.795,197972.98
60955.95,16627.78,3257.01,850.0,47,0.326,845177.89
23785.21,11220.32,1000.72,686.0,42,0.514,201975.05
52508.08,19361.18,845.79,727.0,41,0.385,574991.15
58744.88,35940.86,955.4,605.0,57,0.628,345023.57
125519.83,48079.16,13072.41,589.0,56,0.487,1018031.5
32200.82,19802.21,2844.08,716.0,30,0.703,186642.12
96604.43,50430.85,8205.77,833.0,19,0.607,945316.18
84921.47,40600.69,2532.09,637.0,51,0.508,799835.13
67015.91,40765.58,13381.59,602.0,33,0.808,209816.91
103965.51,52991.92,8015.37,704.0,65,0.587,731776.47
69302.64,26799.66,2335.7,811.0,41,0.42,727267.97
69728.98,62756.08,2437.48,629.0,67,0.935,97662.48
58671.98,27982.13,6631.05,660.0,19,0.59,470046.37
90589.22,19690.35,2393.36,747.0,46,0.244,1353012.98
87411.73,37035.06,8199.09,756.0,56,0.517,896723.84
44358.07,15964.85,720.52,657.0,56,0.376,529399.07
27018.82,18208.57,818.02,768.0,34,0.704,120285.09
54925.48,32859.06,3061.81,722.0,40,0.654,317954.86
39999.04,24391.69,767.22,681.0,29,0.629,300738.67
58411.89,28884.48,844.45,752.0,30,0.509,664708.72
90935.95,46204.33,5225.12,741.0,22,0.566,846710.45
48567.46,24009.83,484.06,596.0,32,0.504,410462.14
58929.42,31693.48,650.91,799.0,19,0.549,548488.95
61450.57,41497.57,1328.61,708.0,23,0.697,311778.78
81210.77,48759.87,3178.84,790.0,53,0.64,595779.7
15000.0,9375.25,1505.39,684.0,40,0.725,76946.54
44832.49,28017.34,1927.75,700.0,30,0.668,274126.25
65282.09,44565.89,7421.12,712.0,19,0.796,263282.83
90001.97,53391.2,8853.22,724.0,22,0.692,527304.51
47702.44,28804.03,8772.57,802.0,57,0.788,142523.76
15000.0,10924.81,738.9,717.0,33,0.778,58349.36
75492.79,33990.11,9241.11,678.0,56,0.573,545254.16
44115.94,18600.98,2656.8,761.0,52,0.482,431049.22
30258.33,11259.48,1957.01,714.0,58,0.437,326400.93
44391.37,25633.22,2003.94,850.0,62,0.623,353384.96
55386.87,15061.91,5723.83,703.0,51,0.375,624439.44
44881.38,27796.08,1228.72,779.0,36,0.647,303519.45
15000.0,8004.32,2281.93,751.0,60,0.686,68548.77
82426.65,59363.34,1314.07,516.0,43,0.736,388436.13
91871.88,41269.99,10541.71,621.0,59,0.564,710287.81
76288.05,39631.81,6839.38,645.0,60,0.609,519316.73
31557.86,22668.97,972.31,560.0,34,0.749,128072.93
54962.71,41632.62,1637.87,648.0,66,0.787,176849.63
59836.97,26805.59,792.0,570.0,52,0.461,648671.52
74969.86,43277.64,5652.29,591.0,29,0.653,415471.29
76708.51,45577.35,12194.16,699.0,52,0.753,292826.69
41645.66,25239.27,5696.92,834.0,54,0.743,210716.47
62049.89,31683.52,3479.56,571.0,23,0.567,453556.58
71432.01,53017.37,8159.91,583.0,69,0.856,193469.84
96395.56,25693.7,2854.4,637.0,27,0.296,1178602.89
77612.66,37784.21,8444.75,668.0,60,0.596,550541.88
79726.42,49206.32,4274.78,557.0,40,0.671,403162.41
62095.67,38411.37,5252.83,624.0,36,0.703,273678.93
95261.48,71723.69,5909.37,617.0,69,0.815,265636.19
70244.07,51259.47,11604.99,705.0,60,0.895,143763.59
38472.8,19512.2,3086.4,714.0,25,0.587,308171.92
95084.25,70835.93,6972.16,668.0,26,0.818,340964.17
77447.58,34301.05,7721.24,650.0,20,0.543,619014.24
48923.9,33739.54,4833.76,623.0,50,0.788,207944.42
48012.68,39446.18,2354.31,684.0,19,0.871,102614.08
67414.39,49363.62,7480.17,602.0,51,0.843,173769.28
71579.62,40504.44,801.71,804.0,52,0.577,589096.17
64932.31,32481.29,1312.26,560.0,35,0.52,513404.92
67782.72,21738.68,3639.96,627.0,44,0.374,681107.7
102498.93,61148.91,1751.6,749.0,66,0.614,677625.22
86788.58,33215.5,3507.19,648.0,61,0.423,679998.42
64765.89,27916.03,2039.38,734.0,44,0.463,757343.44
83532.76,31023.08,1760.53,817.0,55,0.392,1008142.15
34186.9,16441.89,4936.6,747.0,56,0.625,234139.53
69948.18,38178.04,1789.85,584.0,34,0.571,468369.88
105232.66,62196.94,12979.92,588.0,26,0.714,516124.36
54548.85,25088.33,2858.53,665.0,49,0.512,470279.26
38809.15,27569.73,5508.14,715.0,40,0.852,124936.11
43697.78,22669.06,215.95,776.0,61,0.524,382788.16
32759.17,14146.78,1626.16,617.0,31,0.481,285915.11
40380.95,23580.21,1646.87,641.0,28,0.625,288268.22
50737.3,42849.32,6090.29,660.0,21,0.965,34316.7
24860.82,14923.31,1031.43,658.0,68,0.642,140073.56
60390.46,29927.8,4733.75,800.0,55,0.574,531528.34
82556.93,26490.93,7820.28,672.0,68,0.416,976077.44
37306.1,19290.54,1524.79,692.0,65,0.558,345336.61
97982.1,57342.97,6018.29,753.0,33,0.647,578100.55
72769.8,35792.76,11611.29,807.0,53,0.651,498296.12
85764.51,25745.85,4943.62,677.0,42,0.358,888974.05
43554.14,18397.93,3645.16,781.0,22,0.506,452785.97
81363.13,62501.59,4076.11,826.0,27,0.818,299390.09
32701.65,25020.04,5972.06,671.0,22,0.948,34546.91
82256.19,34301.17,10990.38,635.0,58,0.551,685185.91
64295.98,41851.12,5187.04,850.0,35,0.732,317428.16
73831.28,27554.87,1230.84,770.0,40,0.39,874142.6
30610.13,23283.52,2246.95,681.0,55,0.834,85343.5
37623.25,22076.78,5360.78,732.0,31,0.729,170803.69
74930.71,51885.48,4455.93,596.0,69,0.752,301993.3
36291.3,10623.77,1152.0,769.0,40,0.324,480651.57
71580.16,46644.89,15840.3,536.0,65,0.873,134583.07
25821.55,14172.13,1666.98,766.0,52,0.613,194000.56
81204.36,55039.45,2460.24,622.0,50,0.708,357649.01
29186.92,20058.13,859.2,548.0,55,0.717,110690.08
73807.5,41322.43,1887.6,520.0,18,0.585,583604.5
75640.77,34785.34,3671.59,642.0,23,0.508,630651.04
42580.7,28399.39,4726.89,737.0,38,0.778,174572.12
74550.66,40330.18,2770.59,569.0,44,0.578,508582.95
66511.06,27873.6,6683.52,581.0,22,0.52,568764.83
46528.95,19168.87,3363.02,640.0,44,0.484,430744.98
34786.13,11424.65,3914.52,745.0,61,0.441,401160.64
15000.0,7101.84,1467.89,755.0,23,0.571,126022.68
68741.25,49177.75,1884.89,691.0,57,0.743,322539.52
20879.93,12040.92,99.9,759.0,42,0.581,183912.31
62383.6,29353.66,11528.56,735.0,68,0.655,389635.72
53413.79,35826.15,5198.72,647.0,22,0.768,218583.99
76978.57,32725.78,10848.58,753.0,32,0.566,620005.63
52448.86,29597.03,6785.71,577.0,63,0.694,308467.48
51763.81,27075.34,1700.26,719.0,65,0.556,442485.77
78296.77,52213.73,5660.16,587.0,55,0.739,349569.53
68376.45,21430.26,1359.41,691.0,34,0.333,652195.27
67903.9,28687.38,10459.2,777.0,34,0.576,576163.94
71731.69,21825.31,6195.89,697.0,65,0.391,858731.18
21610.7,11044.37,237.08,679.0,50,0.522,204495.52
78919.72,57746.67,5229.28,698.0,35,0.798,286971.79
75311.72,35711.53,8706.87,733.0,53,0.59,618575.84
34582.92,16371.47,227.05,850.0,20,0.48,380471.65
53897.99,36691.52,10259.8,732.0,42,0.871,104030.85
59017.32,41918.96,3957.27,640.0,52,0.777,258040.2
56637.58,30398.2,2231.38,663.0,62,0.576,423754.83
68346.5,44610.25,3067.28,608.0,37,0.698,365274.95
95784.17,37208.01,4198.19,581.0,53,0.432,863364.57
87044.17,65865.99,1183.83,485.0,60,0.77,337176.77
27194.52,23721.94,2555.47,643.0,48,0.966,16817.07
75551.75,47460.28,2481.74,568.0,38,0.661,357818.37
93223.33,22126.58,1086.2,688.0,54,0.249,1189673.2
69670.21,32484.81,2041.05,639.0,51,0.496,708158.51
87274.51,56023.59,6474.18,593.0,55,0.716,457028.09
110306.76,53694.85,7902.93,512.0,54,0.558,757616.46
85592.74,63409.65,3824.62,652.0,18,0.786,316499.95
66232.71,42271.28,4784.78,540.0,48,0.71,287122.12
86127.21,38242.95,4939.07,736.0,40,0.501,741851.9
63622.2,35300.12,6264.91,700.0,60,0.653,413969.53
60597.58,25204.05,3337.73,662.0,55,0.471,668903.42
51214.64,26765.4,5232.07,796.0,66,0.625,364265.73
99085.33,46254.13,6527.75,681.0,28,0.533,843378.63
39539.28,28713.99,2105.67,711.0,56,0.779,149766.77
98309.19,85273.57,7321.69,735.0,65,0.942,106530.97
72496.6,24309.69,910.21,639.0,37,0.348,862560.27
25017.35,6542.48,1378.36,639.0,54,0.317,358938.29
69191.23,35510.61,7606.19,683.0,24,0.623,529933.3
15000.0,4833.56,885.65,572.0,52,0.381,174497.6
75637.7,42125.04,2000.69,823.0,19,0.583,598646.82
82130.79,54398.54,3903.7,693.0,50,0.71,396319.9
45191.1,34983.39,3585.89,664.0,57,0.853,118874.47
63088.69,36604.64,3301.31,847.0,41,0.633,439692.98
108853.94,56715.81,8266.53,592.0,56,0.597,715695.91
47356.33,11992.62,2248.18,803.0,27,0.301,668850.55
33527.31,18571.71,174.87,745.0,63,0.559,297993.06
97041.59,54410.55,10838.64,769.0,26,0.672,685509.58
109064.68,70438.72,6140.15,666.0,60,0.702,613989.07
60092.39,26664.6,6277.27,684.0,50,0.548,501568.24
85286.58,41341.99,12229.92,653.0,68,0.628,518890.89
93536.9,30708.13,3461.56,760.0,38,0.365,1272917.35
41437.89,8548.89,1529.12,711.0,31,0.243,626524.44
47867.35,18367.92,842.25,635.0,67,0.401,482915.5
90771.86,28543.31,4531.39,639.0,40,0.364,1104582.44
102125.36,61326.98,9103.26,679.0,29,0.69,581177.12
74072.02,34982.73,2490.18,653.0,39,0.506,726254.51
38004.64,17834.23,4913.51,795.0,45,0.599,291363.66
109676.53,44127.04,10797.63,745.0,44,0.501,1016137.62
46725.73,9345.15,4141.58,744.0,27,0.289,529617.7
51621.56,40071.06,3932.96,699.0,35,0.852,133557.6
68558.45,27420.6,743.63,614.0,41,0.411,816926.26
98854.01,48254.3,1050.13,736.0,20,0.499,1182129.44
81349.4,26988.98,2496.21,512.0,21,0.362,871736.83
70371.64,48963.85,12652.0,694.0,47,0.876,152490.41
71582.21,40910.26,10403.02,615.0,38,0.717,342061.63
61087.87,26026.19,7218.31,609.0,39,0.544,478742.12
73953.49,36323.41,3919.75,643.0,45,0.544,576758.18
15000.0,12025.9,1031.0,673.0,26,0.87,37879.23
52584.81,28346.08,3089.68,678.0,61,0.598,330634.24
66033.05,34518.11,2978.57,743.0,58,0.568,541721.79
31224.65,12764.41,2978.76,666.0,58,0.504,329313.64
69658.08,18516.01,2196.49,672.0,33,0.297,975703.09
54888.22,28870.89,718.49,568.0,54,0.539,511362.31
103886.89,62209.84,4627.22,579.0,22,0.643,618240.89
99325.49,71011.54,8425.26,703.0,31,0.8,343098.23
48354.86,10286.31,5840.81,730.0,69,0.334,624067.13
56229.06,21436.52,6733.42,659.0,31,0.501,463754.5
58151.31,26917.59,463.72,755.0,64,0.471,556432.14
48708.51,26764.25,3401.81,567.0,33,0.619,304404.11
64875.62,34270.22,1671.34,712.0,56,0.554,602259.65
41042.95,21824.45,3003.04,612.0,60,0.605,307146.05
31734.62,19396.65,5047.31,606.0,21,0.77,132123.08
75567.78,31323.3,10968.48,619.0,54,0.56,585005.98
75738.24,52268.57,1093.46,674.0,31,0.705,475742.83
39892.11,24534.36,953.41,715.0,58,0.639,279428.81
82383.89,41358.78,9458.81,709.0,40,0.617,530605.61
44210.56,34932.36,2556.08,657.0,26,0.848,122178.09
66329.13,51966.38,618.92,731.0,41,0.793,233712.05
80508.6,55545.65,5533.04,815.0,28,0.759,364839.19
59159.69,11831.94,4405.3,670.0,45,0.274,881042.95
71368.52,56155.73,2011.39,688.0,36,0.815,248283.46
47089.26,31512.78,6939.49,631.0,36,0.817,153316.77
55088.34,46878.04,5762.73,649.0,29,0.956,44645.46
54853.51,40351.33,1214.97,780.0,64,0.758,255540.91
41335.54,32520.8,2561.26,781.0,51,0.849,95646.68
55580.65,37894.79,1527.09,664.0,29,0.709,311620.56
21284.54,16012.45,1498.86,719.0,20,0.823,75030.63
47721.16,40520.92,682.99,754.0,47,0.863,126443.41
52878.11,30800.61,1125.1,644.0,64,0.604,345550.69
53595.51,16837.85,1768.6,576.0,63,0.347,695381.56
53962.56,27190.7,1715.28,735.0,68,0.536,449257.1
58455.9,35569.94,1516.93,752.0,52,0.634,374393.27
71986.04,40400.95,3909.78,740.0,32,0.616,528010.6
81862.93,29717.53,7651.39,650.0,60,0.456,847336.62
43755.87,13360.41,4289.36,802.0,39,0.403,538400.42
29919.98,13129.65,1201.93,703.0,26,0.479,303752.36
33948.89,22785.17,2665.2,588.0,45,0.75,161884.64
47819.93,37636.72,5851.73,552.0,46,0.909,73950.22
51201.97,35200.59,2192.45,656.0,56,0.73,279805.23
40750.1,28876.09,3642.57,698.0,56,0.798,158817.64
27597.08,14843.85,1249.03,657.0,56,0.583,203933.46
48596.98,14029.35,5324.89,839.0,34,0.398,562135.23
64535.67,31087.92,1479.26,712.0,21,0.505,675394.41
74875.74,38275.38,5517.21,602.0,21,0.585,569727.81
46064.42,21900.97,956.64,498.0,24,0.496,357553.83
49675.05,27728.83,4313.29,699.0,19,0.645,310104.39
36832.54,22696.69,2564.98,759.0,54,0.686,198672.31
59214.02,40144.28,1191.72,829.0,27,0.698,417896.37
38789.28,19715.9,3349.64,664.0,35,0.595,295903.99
74328.2,19655.06,8328.94,818.0,45,0.376,1054846.91
15353.34,7332.27,2384.2,571.0,63,0.633,114779.39
51009.26,28389.54,1930.0,652.0,52,0.594,437691.38
67527.68,49526.23,2682.28,599.0,52,0.773,252242.16
64595.86,30026.02,5802.87,743.0,68,0.555,702761.59
127325.84,79818.22,8304.41,576.0,47,0.692,712641.63
68745.0,40801.06,8242.83,712.0,38,0.713,323141.14
34898.64,19424.06,2417.72,581.0,42,0.626,226791.88
57613.39,39729.04,1209.33,821.0,30,0.711,335268.07
15593.84,7030.85,1378.08,650.0,24,0.539,133365.33
57985.01,26888.92,7560.06,710.0,23,0.594,449342.27
39173.6,21475.55,3548.83,537.0,37,0.639,246665.31
82884.76,37627.86,4632.69,560.0,62,0.51,630790.27
46261.49,28969.03,7679.52,618.0,22,0.792,172666.04
57080.85,25288.02,10382.57,748.0,55,0.625,389594.69
44111.05,25758.46,390.69,733.0,61,0.593,344617.8
103471.28,55354.46,8780.6,767.0,57,0.62,743837.31
51968.93,30258.33,1225.41,559.0,42,0.606,327725.41
105813.93,50900.6,12571.43,721.0,35,0.6,849867.01
80353.79,40107.53,1303.73,635.0,41,0.515,720739.12
72051.67,40666.06,2419.14,615.0,32,0.598,524599.19
69218.33,40168.17,8681.96,637.0,25,0.706,343433.28
69844.93,38370.69,2002.33,671.0,30,0.578,562832.96
15000.0,12087.07,1194.54,733.0,56,0.885,32219.17
53027.92,21284.85,591.48,770.0,65,0.413,575401.3
81128.95,43839.6,6872.94,722.0,69,0.625,624953.77
58777.57,18453.55,2312.6,731.0,42,0.353,772395.14
24870.25,15066.7,2015.88,826.0,40,0.687,108681.76
58689.89,22461.38,2312.2,736.0,22,0.422,502337.39
102602.64,52148.15,7601.98,663.0,69,0.582,889562.14
91172.29,45056.47,5260.28,726.0,39,0.552,669355.82
58449.9,34610.15,4966.3,817.0,64,0.677,325055.9
83786.23,39134.99,2069.66,610.0,39,0.492,725926.79
50837.32,23420.97,3338.33,646.0,42,0.526,438084.2
17403.21,13320.04,264.46,796.0,64,0.781,71117.49
36888.35,21863.17,91.99,657.0,18,0.595,186728.96
99072.22,46152.04,9157.63,741.0,21,0.558,839893.59
53150.17,27232.82,2270.84,783.0,69,0.555,541766.6
53915.4,42959.97,4952.73,580.0,49,0.889,87573.53
52504.05,27025.16,4907.28,647.0,43,0.608,425285.47
107603.41,48056.6,7425.16,776.0,53,0.516,979433.54
100648.97,45015.31,13852.88,670.0,32,0.585,887425.08
115469.51,53997.12,8236.21,519.0,52,0.539,914410.17
56023.87,25817.22,6848.72,639.0,55,0.583,389723.95
67390.61,24129.4,4727.12,744.0,44,0.428,775306.74
22083.94,8422.15,764.47,782.0,31,0.416,283035.41
96923.36,41250.77,7424.5,684.0,51,0.502,749735.67
30805.51,19676.58,3653.33,719.0,42,0.757,140748.09
65419.39,32239.62,1910.46,650.0,44,0.522,613733.63
32567.44,16900.08,5846.78,752.0,38,0.698,180515.69
45278.33,33529.2,1271.1,794.0,65,0.769,177858.3
39068.44,29076.73,3510.9,741.0,52,0.834,147595.08
44803.12,22745.7,77.51,671.0,69,0.509,324762.37
46521.93,21184.71,6235.53,715.0,23,0.589,343640.43
46293.28,19458.71,1379.02,756.0,52,0.45,482255.68
80833.35,52858.25,1564.85,682.0,43,0.673,580532.48
32378.43,16813.92,1694.09,744.0,32,0.572,204183.7
65513.54,32234.35,1734.7,710.0,22,0.519,583042.18
90448.98,38707.67,7484.78,794.0,43,0.511,809654.72
47170.09,20497.76,3814.1,736.0,50,0.515,402816.0
42052.03,25147.48,3877.6,640.0,42,0.69,266031.1
54236.88,19128.5,3402.0,792.0,34,0.415,558899.14
89493.13,62576.31,2019.38,717.0,69,0.722,404873.38
64852.69,30475.79,155.13,669.0,61,0.472,543854.78
46719.64,24647.16,1338.1,572.0,37,0.556,354482.13
72096.92,25194.51,5727.55,699.0,59,0.429,754696.94
32442.7,17783.31,3556.77,827.0,19,0.658,215547.16
77033.99,38574.91,2719.52,462.0,25,0.536,523446.23
70215.18,38090.89,1089.1,465.0,36,0.558,549740.92
52304.79,40314.25,2398.93,741.0,46,0.817,145587.65
39035.36,22509.92,576.05,699.0,65,0.591,328626.78
37832.98,16298.49,3576.78,734.0,36,0.525,290490.34
73370.43,32525.26,4070.01,638.0,26,0.499,718050.59
90724.51,57997.43,2038.56,509.0,25,0.662,532366.33
44067.31,32821.51,1131.15,613.0,66,0.77,186368.22
71459.67,42324.68,5193.29,805.0,32,0.665,466866.84
15000.0,9799.6,967.96,644.0,51,0.718,71721.39
45384.56,29112.41,6306.22,645.0,21,0.78,179879.08
59223.53,45179.24,5980.1,470.0,44,0.864,139685.09
37257.91,9596.2,6337.24,536.0,55,0.428,338138.54
36587.34,23784.8,304.92,769.0,64,0.658,228100.67
43305.51,30208.21,5047.25,659.0,30,0.814,143427.55
67304.82,23502.27,2717.65,759.0,49,0.39,765165.67
55316.77,23075.38,313.66,620.0,52,0.423,546763.3
15000.0,6335.74,1642.9,563.0,69,0.532,136738.99
15000.0,6610.22,960.86,659.0,65,0.505,122653.29
44828.37,21416.42,2489.48,634.0,63,0.533,414355.02
71442.16,41893.0,3295.0,613.0,53,0.633,497044.41
15000.0,10197.77,1988.44,615.0,27,0.812,41798.48
47506.75,33834.19,9074.42,669.0,40,0.903,76929.15
46843.8,19877.07,2405.93,641.0,40,0.476,431704.37
94708.44,40089.57,11381.69,605.0,21,0.543,740680.62
50374.45,37648.52,1665.71,824.0,61,0.78,208560.16
69574.72,45015.65,729.61,717.0,22,0.657,488071.6
63531.43,35731.96,1241.05,693.0,21,0.582,495966.84
15000.0,9315.01,112.21,675.0,47,0.628,101500.28
79205.18,43208.76,6491.01,733.0,58,0.627,626635.41
65384.91,41106.69,6855.03,723.0,69,0.734,301654.26
72706.72,36323.55,2959.5,597.0,50,0.54,539627.91
158155.94,93362.73,27477.59,557.0,65,0.764,596938.16
15000.0,4851.27,847.01,498.0,57,0.38,127386.74
103117.42,46076.2,8447.69,823.0,30,0.529,965177.58
52813.81,23684.27,5086.79,644.0,35,0.545,452439.77
67183.22,33177.86,2040.92,727.0,49,0.524,522864.01
58862.19,24193.72,6979.53,696.0,50,0.53,454707.36
49394.09,23213.67,4202.75,753.0,24,0.555,420247.39
45754.18,14771.18,3281.24,675.0,31,0.395,518151.72
68237.72,43147.06,698.37,574.0,57,0.643,400708.68
22070.66,11865.69,1726.23,597.0,65,0.616,139547.87
78764.48,23174.0,3651.15,652.0,31,0.341,1049519.8
49595.14,21066.8,4194.27,553.0,27,0.509,380284.67
31748.27,19064.52,3063.75,612.0,58,0.697,191719.96
48749.68,22841.5,2281.72,584.0,69,0.515,378380.06
91428.73,40727.73,2948.1,654.0,56,0.478,895319.43
46616.62,25117.55,3065.47,640.0,54,0.605,306415.41
68961.34,41482.98,5801.92,690.0,63,0.686,378926.79
41726.09,13959.34,2345.02,748.0,35,0.391,452053.78
78948.05,49936.16,9631.39,661.0,36,0.755,372394.63
77137.69,33165.81,4565.56,560.0,57,0.489,764161.69
106215.22,58132.74,4336.97,516.0,59,0.588,713280.57
55610.9,30290.53,973.93,693.0,60,0.562,399039.47
76716.37,36128.81,4926.07,627.0,54,0.535,663079.81
62451.69,24759.04,6367.88,667.0,64,0.498,646836.41
92396.79,46858.76,10047.18,706.0,20,0.616,712707.24
42029.19,33362.75,1456.11,795.0,24,0.828,121553.66
78625.13,27184.54,5393.34,540.0,24,0.414,710570.49
55132.57,44318.15,1485.23,599.0,69,0.831,147007.99
58395.3,29842.44,3234.84,673.0,55,0.566,460061.83
62293.81,34592.11,8716.05,589.0,23,0.695,341888.03
66306.01,25659.99,722.72,561.0,27,0.398,740502.58
57094.27,24796.59,4688.27,785.0,69,0.516,558045.06
65367.83,31021.19,4389.52,596.0,61,0.542,590557.59
99452.95,39099.51,2613.27,575.0,53,0.419,1153788.68
84636.24,43897.63,3660.65,588.0,54,0.562,721725.45
81728.86,39961.13,1193.05,767.0,65,0.504,727026.73
48611.51,40231.72,1066.08,624.0,44,0.85,136653.04
37768.98,14167.29,1665.35,569.0,62,0.419,388543.58
83882.51,47427.47,10941.56,613.0,18,0.696,525723.77
81901.17,48090.48,2425.08,676.0,18,0.617,738543.02
96816.77,37705.48,13505.7,751.0,65,0.529,835003.21
44900.48,29321.1,1260.55,745.0,38,0.681,277661.9
54261.28,26601.65,7988.59,618.0,54,0.637,347054.05
19012.9,3802.58,444.53,638.0,45,0.223,292745.52
50188.22,32571.02,4636.37,848.0,66,0.741,260494.05
84914.26,32476.21,2043.18,760.0,56,0.407,1035832.07
48337.62,18988.65,2527.37,660.0,53,0.445,484747.68
76011.99,49649.92,7346.56,496.0,19,0.75,258424.97
55237.42,27504.14,593.13,643.0,19,0.509,482317.4
68101.43,46831.02,1489.48,574.0,21,0.71,342438.68
31307.72,22902.37,1752.03,611.0,19,0.787,119029.45
62130.24,28161.2,8835.06,603.0,18,0.595,480468.26
15000.0,10034.84,1233.61,662.0,66,0.751,64653.81
55327.6,24160.5,4813.35,686.0,57,0.524,433606.71
19238.17,17025.15,1605.16,621.0,35,0.968,12198.1
90149.86,40211.93,2700.65,578.0,58,0.476,768831.53
79435.18,55915.47,9685.28,666.0,51,0.826,255755.63
71666.77,48487.48,8671.43,640.0,44,0.798,260338.34
98025.16,58561.52,6943.49,528.0,53,0.668,454068.54
36277.09,16303.59,169.73,729.0,56,0.454,429197.19
103684.08,54671.62,7630.59,622.0,43,0.601,750034.16
83304.79,18907.0,6961.11,658.0,28,0.311,1101130.97
54086.12,31568.07,7224.28,662.0,57,0.717,311800.6
88390.5,53250.18,2421.44,679.0,20,0.63,591596.33
32342.66,18436.12,4303.55,692.0,66,0.703,188059.55
39387.15,7877.43,1696.97,576.0,45,0.243,517259.1
44785.26,16129.61,4058.67,705.0,53,0.451,495157.32
46775.56,20477.7,8314.91,652.0,33,0.616,312249.3
33586.06,19941.68,859.62,767.0,52,0.619,287246.26
90577.08,53748.51,1855.16,745.0,69,0.614,595355.77
53528.64,28073.97,3645.48,786.0,39,0.593,487683.46
68812.62,44403.88,2199.63,605.0,33,0.677,443144.3
45741.22,18116.43,3114.99,783.0,50,0.464,496388.45
15000.0,9623.03,856.43,688.0,30,0.699,82871.62
66751.43,41466.75,1368.0,735.0,66,0.642,517366.95
15000.0,9099.5,2640.68,734.0,45,0.783,67817.98
58284.15,30464.77,6178.09,717.0,61,0.629,373801.01
25792.12,21268.48,1349.84,593.0,33,0.877,57849.22
109681.9,68439.24,1759.83,756.0,19,0.64,743732.11
82784.07,33506.82,4821.6,708.0,43,0.463,867068.98
62643.84,36787.34,3985.01,562.0,59,0.651,391573.75
91592.67,60714.26,4126.43,641.0,45,0.708,440406.1
38842.1,17936.65,1915.45,583.0,20,0.511,280426.26
73586.98,52496.28,4573.2,566.0,61,0.776,263795.57
64995.26,39471.95,1516.53,748.0,38,0.631,517984.31
66600.5,13320.1,10020.03,562.0,49,0.35,739891.45
91808.84,54621.74,4023.54,574.0,23,0.639,636571.05
78312.3,38302.2,3839.22,838.0,22,0.538,863265.9
67218.09,42386.18,3013.19,644.0,41,0.675,396045.94
18627.81,12883.6,909.81,733.0,18,0.74,96361.59
35998.84,20853.2,5274.48,770.0,40,0.726,208275.08
56932.28,45533.74,5348.62,742.0,33,0.894,92443.8
62334.31,32612.93,5612.16,692.0,25,0.613,417798.37
31744.91,20434.92,2045.41,677.0,62,0.708,169017.78
120291.92,80684.77,8216.95,723.0,42,0.739,657173.49
97909.85,52420.75,1297.62,662.0,63,0.549,686128.13
75052.96,50046.52,5339.26,736.0,28,0.738,402534.78
61800.92,28477.81,7903.46,659.0,29,0.589,436258.75
54694.78,26615.28,1410.67,668.0,62,0.512,511907.93
36202.04,12783.91,1771.08,831.0,25,0.402,421465.34
61937.01,36308.18,3445.14,642.0,27,0.642,386357.32
66443.81,39785.74,8155.17,682.0,52,0.722,323602.63
28955.99,21047.8,1901.47,714.0,55,0.793,108684.41
68354.41,45706.61,4490.25,720.0,38,0.734,383441.74
56118.52,28467.84,5106.1,703.0,68,0.598,377375.84
15000.0,5599.1,1486.41,580.0,35,0.472,116817.66
38490.37,23668.79,1115.52,693.0,35,0.644,223966.82
49659.86,35586.9,1144.2,699.0,43,0.74,227856.56
107192.19,71098.2,10205.28,771.0,37,0.758,498269.61
73913.83,52676.29,4473.97,739.0,42,0.773,325332.51
26612.96,13791.28,223.44,776.0,48,0.527,243413.21
72150.91,34632.95,1606.9,600.0,35,0.502,584291.65
21317.4,9368.25,804.26,600.0,33,0.477,231035.25
87067.28,47156.99,5283.99,706.0,62,0.602,685245.18
48221.88,25953.57,6274.58,771.0,60,0.668,287828.11
57659.1,33500.03,2743.49,664.0,35,0.629,388278.88
93144.92,49423.19,6671.18,621.0,65,0.602,722193.95
27820.91,14743.85,2891.65,552.0,31,0.634,161436.27
25072.05,10868.63,1691.8,709.0,24,0.501,228931.77
45410.02,31389.35,106.28,671.0,55,0.694,242902.22
85959.47,48264.33,12652.35,645.0,66,0.709,499406.28
22016.35,11532.9,1054.84,752.0,46,0.572,189017.32
15000.0,6568.28,882.96,673.0,40,0.497,128909.63
48721.03,17062.74,2752.24,680.0,64,0.407,642754.01
73793.52,55064.33,1609.55,752.0,59,0.768,297028.66
90006.54,56991.77,6421.71,850.0,66,0.705,542961.16
48420.97,14836.78,2693.74,644.0,51,0.362,619069.41
49714.33,33033.75,3916.14,610.0,34,0.743,220524.12
88847.52,61160.16,6852.49,601.0,62,0.765,350200.75
15000.0,8529.85,1520.29,718.0,35,0.67,97196.26
50286.98,39712.47,7703.47,593.0,36,0.943,50388.32
64760.6,37723.56,1732.29,650.0,19,0.609,417798.73
71230.47,24038.61,3967.11,657.0,46,0.393,835705.93
47254.83,28578.56,1791.6,805.0,19,0.643,308594.98
60861.03,35709.27,6730.03,775.0,35,0.697,310604.75
15000.0,6892.58,740.23,557.0,56,0.509,126547.82
43543.79,27695.32,297.21,807.0,59,0.643,283717.53
71337.72,21390.63,3081.08,583.0,53,0.343,808020.7
35442.65,24759.7,617.64,693.0,53,0.716,193896.77
61474.61,25713.71,3616.78,613.0,38,0.477,575328.89
71171.81,28629.44,6115.76,649.0,50,0.488,841363.57
51436.27,27411.74,3053.81,602.0,19,0.592,418546.34
64261.59,39517.41,5333.56,814.0,27,0.698,411421.6
35931.69,20645.94,810.01,669.0,32,0.597,277712.45
54834.72,24050.57,1904.59,698.0,29,0.473,581935.77
75255.4,35677.58,5918.18,594.0,20,0.553,584747.02
63924.32,24294.03,3363.92,567.0,21,0.433,612280.71
45336.72,23407.26,3411.84,644.0,26,0.592,331706.32
65605.41,46662.06,5278.05,722.0,63,0.792,247186.68
77865.24,42776.09,8069.29,670.0,59,0.653,593990.68
15000.0,10183.68,411.84,758.0,27,0.706,77078.94
88976.85,68361.82,4126.88,690.0,48,0.815,335438.03
51593.63,23825.8,6133.23,681.0,54,0.581,431463.72
70637.25,36873.63,9515.85,723.0,28,0.657,492104.05
89931.17,78750.83,1062.28,688.0,44,0.887,188965.68
25708.16,19709.2,4043.48,756.0,63,0.924,34637.83
42263.97,12642.82,7180.91,724.0,23,0.469,446118.26
52786.28,32097.87,1894.68,753.0,60,0.644,380591.1
40406.16,22226.78,217.37,737.0,47,0.555,424853.01
103373.41,69670.37,11740.48,789.0,60,0.788,463925.61
38580.7,16908.11,1490.32,746.0,52,0.477,401144.93
46111.33,19553.91,4435.65,820.0,62,0.52,448702.33
65109.73,29207.53,8243.06,637.0,35,0.575,477563.46
29946.26,13901.38,1458.6,747.0,67,0.513,289318.43
50107.98,33687.53,1341.08,570.0,23,0.699,273858.23
67936.33,25328.01,1266.51,756.0,30,0.391,744268.07
51678.49,23596.81,4161.88,685.0,55,0.537,423364.5
57665.33,16241.33,4153.04,755.0,29,0.354,661808.94
46766.7,32786.62,1211.29,814.0,24,0.727,269893.12
22138.24,16396.79,2578.41,744.0,31,0.857,67763.65
68039.83,34083.8,7192.82,647.0,26,0.607,355369.37
103873.33,52487.98,1239.35,593.0,52,0.517,845023.34
60460.04,37363.29,3124.36,723.0,64,0.67,446998.72
65631.6,50613.27,6427.81,657.0,24,0.869,167851.29
77318.07,47263.89,3550.62,733.0,56,0.657,527117.3
28266.74,12589.12,604.79,639.0,38,0.467,239356.94
102562.87,31504.91,6980.58,606.0,36,0.375,1222228.95
65058.22,24899.8,1581.07,661.0,44,0.407,699381.84
100796.42,56545.07,8693.7,720.0,19,0.647,725751.45
41674.18,18824.26,3473.84,690.0,69,0.535,440205.87
105451.55,61082.3,4273.14,615.0,31,0.62,617486.54
79378.89,37074.81,4722.19,824.0,54,0.527,870751.45
73826.0,28886.49,7914.23,669.0,50,0.498,659733.97
65850.61,24591.6,9480.41,499.0,61,0.517,578527.7
53786.78,42187.84,3246.54,755.0,29,0.845,152699.38
90013.29,61510.42,7824.37,679.0,68,0.77,345042.91
63509.0,51415.47,3624.3,666.0,38,0.867,166491.75
15000.0,9464.89,597.97,665.0,47,0.671,75527.26
32070.34,15570.19,2752.12,665.0,39,0.571,232457.09
55353.86,41432.42,1370.46,814.0,19,0.773,233743.99
67749.97,36926.43,4287.52,717.0,46,0.608,468934.28
58585.29,34162.62,2182.1,701.0,41,0.62,441914.94
90474.27,49179.67,8088.73,659.0,49,0.633,635680.01
15000.0,3000.0,1084.21,818.0,62,0.272,217960.52
63589.7,50281.03,3981.3,747.0,29,0.853,166303.92
15000.0,9354.76,156.48,759.0,24,0.634,104922.41
78992.81,47354.09,5638.38,702.0,19,0.671,425183.13
57638.53,31167.09,6109.47,760.0,57,0.647,345544.53
70490.25,40497.65,7682.73,711.0,36,0.684,389688.77
38402.93,17681.02,3616.73,650.0,68,0.555,264165.95
91986.62,59100.2,1259.87,710.0,35,0.656,601225.76
86043.12,30453.69,1708.14,848.0,51,0.374,1167456.63
74588.61,43105.52,10216.72,696.0,19,0.715,395684.21
56762.07,36000.55,1003.67,782.0,62,0.652,345574.16
74496.43,38753.02,4394.93,775.0,55,0.579,585499.24
42327.69,25634.92,5684.32,725.0,57,0.74,227456.32
81388.89,32661.35,2476.19,813.0,36,0.432,1033456.65
101237.02,41013.75,3730.0,506.0,23,0.442,807035.86
86765.26,50801.72,2708.68,533.0,68,0.617,574646.3
41759.94,27218.39,1795.06,818.0,58,0.695,235351.86
69035.43,18554.66,10510.41,628.0,64,0.421,791821.7
27671.46,17386.06,2927.55,689.0,34,0.734,152692.41
74309.76,34815.59,3490.85,820.0,40,0.515,546218.51
71265.09,37134.75,7973.66,696.0,57,0.633,440755.5
15000.0,5236.08,1800.17,815.0,26,0.469,166311.29
30955.4,13071.15,4109.84,649.0,54,0.555,193284.17
52921.53,36776.16,8264.87,729.0,55,0.851,171374.47
52478.51,29121.87,3520.5,685.0,38,0.622,379875.9
29763.08,14660.79,1744.11,799.0,38,0.551,224354.55
69724.47,37130.14,2371.72,659.0,44,0.567,600820.1
66286.84,41322.01,2894.19,603.0,28,0.667,422151.98
55143.27,33972.35,6109.69,643.0,56,0.727,284827.82
41105.21,22145.27,938.25,646.0,47,0.562,337018.35
86217.68,61554.58,2505.83,628.0,45,0.743,425161.33
101385.18,70520.43,11749.19,625.0,37,0.811,300289.43
47910.96,29321.79,1915.63,770.0,64,0.652,329595.73
44695.83,24948.84,2507.69,793.0,62,0.614,312139.82
72280.19,46880.8,5868.82,711.0,64,0.73,405168.01
51049.27,30483.56,9273.03,628.0,63,0.779,198468.04
56515.07,40075.97,467.05,633.0,55,0.717,218871.06
78491.33,53761.4,5164.08,514.0,21,0.751,268897.54
15000.0,5958.93,819.01,710.0,35,0.452,152021.47
92957.56,35984.38,2995.09,625.0,67,0.419,892282.03
61817.01,27496.98,3837.47,798.0,46,0.507,567227.14
49712.67,34620.94,4845.66,570.0,53,0.794,159157.77
57769.15,18113.73,2128.36,633.0,44,0.35,604413.4
59060.73,35980.6,3389.49,672.0,18,0.667,368755.44
16719.97,10105.24,1303.34,717.0,52,0.682,106238.08
97373.46,70537.06,5039.84,824.0,22,0.776,445564.97
61033.14,35219.22,7554.11,570.0,69,0.701,327216.11
71075.05,24770.98,3979.48,656.0,23,0.405,760348.11
83788.74,34026.34,5461.69,566.0,53,0.471,627240.94
34470.94,12847.34,5486.0,743.0,22,0.532,351094.82
71836.8,33713.61,1621.16,628.0,61,0.492,730819.83
53308.97,27857.39,2066.58,672.0,49,0.561,448330.01
81169.27,30453.39,3604.83,666.0,56,0.42,742643.06
15000.0,11558.99,712.58,689.0,62,0.818,42483.78
57522.64,20202.4,1278.36,667.0,48,0.373,600882.57
44929.48,33783.18,2660.4,602.0,57,0.811,177307.94
70806.57,51531.22,10104.32,687.0,62,0.87,173442.08
71751.1,49131.24,7639.05,616.0,61,0.791,260744.33
42309.35,18867.22,5381.82,745.0,59,0.573,346501.63
42195.65,25375.1,875.33,685.0,27,0.622,279004.01
57233.37,20512.11,335.64,597.0,48,0.364,619503.64
37583.94,25806.49,870.14,850.0,25,0.71,222796.47
81049.59,43677.81,628.6,813.0,44,0.547,684747.99
50769.82,24806.23,1907.56,850.0,46,0.526,427771.64
15000.0,5496.57,2153.75,653.0,31,0.51,132334.55
50629.45,10125.89,8040.56,613.0,40,0.359,519341.3
34036.4,13417.79,2346.45,745.0,21,0.463,383479.38
19218.1,13777.84,1739.55,769.0,69,0.807,74683.55
29064.33,14229.17,4847.39,696.0,51,0.656,181256.0
62735.21,32910.93,1146.19,512.0,58,0.543,428203.82
93216.02,60435.04,9635.51,602.0,55,0.752,424875.86
67829.61,55677.96,4191.44,714.0,44,0.883,158427.97
44837.42,33572.05,3267.76,627.0,36,0.822,133573.74
71397.6,28855.32,1088.05,571.0,48,0.419,721706.16
48522.74,12548.68,923.45,659.0,20,0.278,573428.15
42634.99,38371.49,1088.1,420.0,46,0.926,48296.17
31140.93,27726.29,966.12,632.0,30,0.921,39471.3
16204.28,9370.42,373.25,646.0,44,0.601,108945.94
50251.91,18061.88,1620.25,705.0,60,0.392,612788.55
63951.34,44413.18,2267.29,724.0,49,0.73,360839.08
57584.41,30738.7,3874.88,710.0,63,0.601,366195.96
49600.83,26439.86,2663.86,752.0,66,0.587,384026.0
36356.35,24873.88,8088.56,667.0,67,0.907,65170.49
75206.15,45135.44,3479.51,564.0,54,0.646,398223.47
27071.7,10074.13,2232.46,684.0,20,0.455,257937.59
79400.7,39802.67,7595.58,610.0,56,0.597,583514.36
34944.57,22685.07,7640.33,571.0,23,0.868,73494.92
41189.12,25806.54,3771.08,726.0,20,0.718,188422.64
23330.37,13748.65,1862.57,567.0,69,0.669,125057.76
47464.95,32751.45,3718.07,734.0,30,0.768,202515.62
84382.81,41832.14,600.12,577.0,28,0.503,818414.83
72890.7,42043.39,7869.63,657.0,44,0.685,507100.46
84460.55,16892.11,6993.27,635.0,19,0.283,1101630.98
73053.56,35252.18,1090.89,771.0,57,0.497,713889.54
32408.25,21538.05,4880.19,728.0,61,0.815,99735.67
51730.27,25422.37,253.28,614.0,29,0.496,388691.9
40495.02,19440.28,1567.09,667.0,64,0.519,391390.2
93264.37,36725.84,10693.27,786.0,57,0.508,760544.18
30080.28,21071.39,888.01,799.0,29,0.73,169794.36
82342.44,52062.61,3683.61,570.0,40,0.677,553617.96
82323.85,55470.81,8481.83,785.0,48,0.777,320629.0
105740.51,30777.67,6458.72,779.0,27,0.352,1072320.02
49757.84,26169.26,5776.78,694.0,52,0.642,342044.26
77808.05,39525.2,5067.17,673.0,23,0.573,676964.87
117041.3,59446.94,4672.0,636.0,42,0.548,839592.43
44558.96,20390.0,1649.55,580.0,48,0.495,417549.7
21623.99,10770.57,855.42,707.0,47,0.538,207821.38
15000.0,10161.7,240.93,666.0,32,0.694,85826.86
77817.8,20471.71,4980.24,715.0,63,0.327,933996.89
15000.0,12248.91,623.73,717.0,20,0.858,42759.95
50692.02,31559.65,2362.47,850.0,35,0.669,321594.57
70932.83,38562.65,8679.36,776.0,34,0.666,455690.22
64629.39,44337.38,4567.9,724.0,31,0.757,283104.04
70636.12,23467.07,8622.16,509.0,63,0.454,636137.98
65557.25,29520.09,662.56,711.0,33,0.46,667153.69
91971.65,48914.08,10635.71,807.0,68,0.647,637074.36
36192.09,27319.02,1374.71,646.0,44,0.793,129722.85
43075.12,23390.89,2020.44,850.0,60,0.59,378652.02
40683.51,25122.4,1657.66,724.0,54,0.658,240795.47
80754.8,37273.44,11784.83,704.0,50,0.607,536994.72
82509.96,51405.88,14699.34,601.0,37,0.801,313780.45
71280.63,57137.55,7917.31,800.0,42,0.913,133527.47
89587.34,62651.03,16962.92,614.0,67,0.889,160906.81
30548.98,16428.68,3845.02,635.0,31,0.664,167144.35
101680.6,66226.98,2699.93,530.0,54,0.678,496687.22
98080.97,62441.04,8734.72,752.0,22,0.726,417437.2
78390.55,49071.56,8004.66,727.0,54,0.728,436806.83
104544.97,74937.11,21500.15,681.0,27,0.922,152535.52
18584.42,13300.34,2234.51,739.0,27,0.836,52393.71
46888.8,24894.49,1251.03,732.0,26,0.558,417166.74
41617.41,26896.58,1894.1,651.0,31,0.692,248363.38
78036.98,38436.0,5518.08,617.0,50,0.563,589334.37
33746.48,13888.0,3287.15,543.0,46,0.509,285195.28
78937.38,40224.59,6642.96,666.0,41,0.594,601257.79
94263.4,50766.34,11776.9,575.0,23,0.663,534184.55
77380.07,23273.05,5552.06,693.0,43,0.373,891550.55
67093.78,45560.02,1595.79,667.0,56,0.703,371826.4
35303.17,7060.63,1278.69,648.0,61,0.236,488614.45
38828.73,34945.85,2444.65,764.0,64,0.963,26362.3
91240.47,70737.08,6392.27,601.0,65,0.845,229068.48
79483.73,40604.16,1287.9,532.0,20,0.527,712143.44
59024.51,32546.94,4774.29,662.0,65,0.632,374445.79
49552.26,29505.68,6272.78,621.0,57,0.722,209229.1
15000.0,6924.39,229.33,690.0,63,0.477,160228.06
33228.69,19235.85,567.01,607.0,49,0.596,230637.36
107785.48,56953.85,15766.15,714.0,43,0.675,645983.57
27988.61,14997.95,2076.99,602.0,20,0.61,186588.13
64737.0,37367.43,6702.03,601.0,29,0.681,399723.63
85186.1,30068.21,3136.13,729.0,31,0.39,879940.98
28626.93,15914.73,795.06,676.0,36,0.584,239418.99
64617.76,37124.01,8002.62,585.0,21,0.698,342025.43
83447.89,47509.17,1133.65,604.0,29,0.583,654225.98
60312.48,31219.27,9583.95,650.0,52,0.677,331166.37
131710.08,94920.64,4902.01,589.0,40,0.758,688615.19
18285.02,9086.78,141.67,657.0,65,0.505,159999.09
86468.21,50505.99,6418.59,660.0,20,0.658,525564.95
55679.96,41459.0,419.91,607.0,20,0.752,216386.02
79298.0,42669.75,9713.6,732.0,56,0.661,499138.97
71032.68,41353.06,8286.51,598.0,59,0.699,335301.84
41671.1,22316.63,156.12,780.0,33,0.539,452365.49
65724.91,48347.6,5240.74,663.0,30,0.815,178518.31
15000.0,7670.12,811.65,627.0,36,0.565,87598.33
75081.19,55748.02,8386.48,723.0,45,0.854,193034.68
67453.96,36051.57,4541.75,683.0,55,0.602,506294.42
75966.5,31988.05,10276.63,741.0,26,0.556,723112.77
86452.96,56359.2,680.26,520.0,63,0.66,482526.68
69190.5,34892.76,4208.83,721.0,34,0.565,542652.57
63702.24,40965.32,1358.28,638.0,24,0.664,377354.98
37973.29,7594.66,3643.74,683.0,25,0.296,523727.65
42194.48,23239.91,1962.89,673.0,54,0.597,271000.89
89668.37,43135.79,7459.47,788.0,69,0.564,835667.97
95908.39,37453.3,1189.61,531.0,29,0.403,760612.56
54047.24,25240.81,3093.28,809.0,45,0.524,494935.1
61150.07,28370.24,3375.0,737.0,19,0.519,548559.13
37384.64,20292.46,1294.73,692.0,65,0.577,247799.15
89318.92,30806.19,3785.32,565.0,45,0.387,919373.63
76635.42,45785.15,6684.68,546.0,42,0.685,381451.19
108530.44,81933.12,13983.7,635.0,44,0.884,227359.75
38041.92,22526.12,4723.08,731.0,52,0.716,208434.12
50549.8,33936.52,6176.53,680.0,32,0.794,196387.37
65786.15,46983.44,907.85,726.0,66,0.728,317913.33
76162.24,56015.3,7049.11,563.0,65,0.828,222223.31
54608.31,45353.34,5396.96,684.0,52,0.929,78687.3
38175.97,18138.16,899.51,768.0,64,0.499,397210.1
82035.19,36278.21,5474.22,796.0,50,0.509,812324.98
78028.38,52085.5,526.53,580.0,61,0.674,388441.76
37093.15,24342.0,6329.94,652.0,59,0.827,84686.97
93886.07,62561.1,4862.59,653.0,40,0.718,377706.37
89254.97,74384.41,7033.63,630.0,44,0.912,146198.07
63357.41,34954.63,4694.78,753.0,55,0.626,415140.73
61989.95,38057.08,3586.9,850.0,25,0.672,358975.48
73851.44,29757.83,2785.54,591.0,69,0.441,658424.18
38457.42,33469.43,2538.31,714.0,55,0.936,44858.49
60750.79,30346.13,722.34,704.0,68,0.511,551897.24
15000.0,7556.51,779.67,705.0,21,0.556,113987.32
81911.39,40790.85,6991.93,787.0,65,0.583,724753.32
20962.67,9501.66,4451.67,710.0,22,0.666,126940.01
97585.5,42994.65,2796.34,509.0,33,0.469,810442.63
51747.0,24395.83,2783.16,565.0,35,0.525,373214.53
54708.33,18881.52,6722.07,595.0,62,0.468,594749.0
44306.65,19149.44,2390.61,620.0,62,0.486,389914.56
52799.03,44474.97,1988.9,669.0,35,0.88,120300.39
95463.28,63039.01,6576.9,663.0,25,0.729,471665.21
15000.0,10333.28,339.09,534.0,46,0.711,79603.55
91924.13,66790.36,12628.85,551.0,38,0.864,189632.66
68450.59,56479.96,10946.47,510.0,56,0.985,17322.84
29824.46,8478.69,3686.6,556.0,44,0.408,284314.23
33117.19,12104.91,1514.66,759.0,64,0.411,379861.78
101909.83,43764.3,9279.64,658.0,19,0.52,843687.2
36362.33,17437.21,1576.96,604.0,21,0.523,355782.32
31166.24,15736.29,2202.63,527.0,65,0.576,212752.03
88432.86,42708.95,4878.02,599.0,29,0.538,591696.08
68463.82,39907.31,1606.92,729.0,33,0.606,498605.1
36551.86,20297.04,1028.55,718.0,42,0.583,287211.39
65415.62,28885.89,1747.31,660.0,40,0.468,630778.19
34356.18,7684.37,1253.44,659.0,34,0.26,396785.66
87520.53,35101.83,2760.42,538.0,69,0.433,718436.27
86534.27,40464.66,12393.12,618.0,59,0.611,694347.89
73300.15,37598.44,4353.29,724.0,64,0.572,572764.1
69041.53,26273.74,1705.54,626.0,68,0.405,709268.35
104029.7,49557.57,8206.05,810.0,63,0.555,1104117.33
59992.16,22818.13,640.08,776.0,18,0.391,762882.92
30453.15,16174.49,1180.91,644.0,38,0.57,231078.93
71236.85,27713.72,9058.97,659.0,53,0.516,631027.96
112151.18,47402.3,5549.45,850.0,19,0.472,1436754.04
34631.01,12248.9,1795.17,748.0,40,0.406,365979.08
50963.43,26856.45,1596.4,686.0,57,0.558,444305.1
70411.15,29575.0,6988.14,695.0,19,0.519,662718.97
58652.38,40236.57,4070.31,692.0,60,0.755,264022.99
35442.41,21650.97,3945.34,679.0,27,0.722,168777.4
88046.45,47503.01,12574.36,594.0,60,0.682,497474.62
118001.02,50784.94,1370.1,648.0,26,0.442,1168686.99
64903.29,39401.36,1434.51,565.0,46,0.629,431842.45
37398.29,24443.72,2547.9,738.0,43,0.722,164098.33
21275.99,12157.17,310.34,669.0,53,0.586,206327.33
66449.4,52531.92,4842.71,742.0,46,0.863,181794.78
87596.93,54217.74,6458.71,578.0,21,0.693,476916.6
71879.19,49383.96,1505.54,794.0,38,0.708,494513.79
59939.9,34167.83,4167.94,784.0,50,0.64,393362.51
45268.21,29485.43,4347.63,554.0,48,0.747,176678.73
32695.91,14075.03,1336.81,640.0,45,0.471,295132.88
80868.78,38917.31,2999.78,648.0,53,0.518,841985.12
82844.29,49905.78,6232.11,565.0,50,0.678,442863.43
21356.76,12842.14,4030.67,659.0,21,0.79,102359.14
99745.97,62455.12,19993.19,725.0,21,0.827,306172.75
74351.78,53165.9,7846.01,642.0,50,0.821,174150.61
94989.87,31940.75,3014.82,543.0,31,0.368,822325.89
26446.81,10680.07,2253.14,742.0,65,0.489,270558.92
25854.4,15110.24,1612.64,617.0,26,0.647,168904.45
56275.77,24837.05,4180.01,625.0,41,0.516,493623.94
72569.61,65312.65,1885.35,815.0,42,0.926,95401.2
104909.02,65815.51,4557.67,712.0,24,0.671,563793.5
77651.97,41796.2,1371.69,615.0,63,0.556,511944.55
53932.97,25493.01,258.93,585.0,45,0.477,463525.54
34340.77,16414.05,2168.23,757.0,22,0.541,311425.06
90750.01,50322.8,8580.31,752.0,63,0.649,683843.08
35882.36,20338.03,1932.14,639.0,30,0.621,262925.39
100711.71,48492.2,6662.01,579.0,19,0.548,784489.43
52890.38,26922.64,3547.4,711.0,37,0.576,526873.25
99764.55,74987.3,1869.55,728.0,29,0.77,431341.46
76973.28,58320.79,6553.97,650.0,44,0.843,166547.04
56575.11,33255.14,7918.55,592.0,24,0.728,227848.79
47015.09,16399.38,1153.2,682.0,51,0.373,541337.01
51477.3,32470.62,1305.7,717.0,38,0.656,285313.92
70707.92,55374.37,7679.75,641.0,35,0.892,153072.01
61928.91,46785.26,511.9,701.0,27,0.764,275581.6
45154.71,29809.51,5374.74,709.0,55,0.779,209341.15
55859.21,42640.88,1011.84,772.0,56,0.781,241784.5
61964.43,34576.62,3953.56,646.0,61,0.622,314912.46
15000.0,9663.23,468.78,589.0,38,0.675,95466.98
71454.2,32003.17,8387.07,675.0,33,0.565,558562.84
35506.97,21085.45,2021.84,815.0,68,0.651,245437.04
31166.69,23357.26,1813.76,539.0,37,0.808,103141.93
17816.39,8223.81,2910.57,495.0,67,0.625,104654.44
15152.69,6376.0,1214.98,671.0,63,0.501,144196.03
26113.81,14744.47,1158.42,650.0,64,0.609,185837.14
42274.48,21813.66,1925.0,663.0,57,0.562,331201.33
108831.48,70454.47,10552.37,660.0,41,0.744,427040.86
46853.01,22583.67,1198.9,760.0,64,0.508,443407.14
64443.75,52055.47,1849.93,677.0,38,0.836,188584.02
70012.03,24962.69,2411.81,746.0,61,0.391,864556.31
63276.63,46701.96,3904.56,482.0,48,0.8,215099.97
58063.91,25273.63,2191.53,638.0,67,0.473,529371.01
30117.66,8451.09,1381.93,615.0,27,0.326,341162.86
96273.19,56385.4,5608.17,497.0,37,0.644,611583.17
105179.92,53832.01,4386.51,688.0,31,0.554,919722.82
17933.53,6878.56,906.67,672.0,36,0.434,171291.23
34399.29,10243.88,1522.2,643.0,47,0.342,337828.64
53004.74,29086.13,2422.42,670.0,33,0.594,457742.27
35886.56,24990.52,4077.26,688.0,39,0.81,134652.84
72649.14,46331.48,2122.76,761.0,37,0.667,506836.9
41793.19,23341.75,1565.27,731.0,23,0.596,281479.4
114126.4,70966.89,10109.03,706.0,62,0.71,659967.53
89763.71,49003.62,3157.33,850.0,60,0.581,687165.39
65314.35,21915.67,2669.92,623.0,50,0.376,786833.52
85674.66,28860.87,2101.25,571.0,58,0.361,908629.74
87647.51,45535.05,10868.53,774.0,36,0.644,522822.66
45901.31,24139.59,2589.24,829.0,22,0.582,390283.69
39594.57,26831.16,1559.7,629.0,24,0.717,206669.54
61953.58,41112.12,3790.72,790.0,51,0.725,352758.29
81540.9,52248.96,1938.04,637.0,37,0.665,484689.5
63476.51,32243.38,2362.61,727.0,32,0.545,431187.02
20575.09,7055.24,1403.09,731.0,55,0.411,260964.08
39929.39,24429.23,2028.54,630.0,18,0.663,250831.88
58150.68,36563.72,1019.09,828.0,22,0.646,413070.07
58108.36,11621.67,1524.08,837.0,51,0.226,1018588.01
109313.55,46441.78,1634.71,598.0,38,0.44,912677.9
25350.3,11314.9,1302.71,696.0,31,0.498,225123.44
72639.73,41241.39,7027.65,753.0,34,0.664,511016.08
97227.83,41758.96,2578.2,529.0,29,0.456,1049872.99
116786.24,63564.4,13437.76,682.0,44,0.659,689955.07
49890.06,25864.0,4457.39,548.0,23,0.608,265963.66
72285.74,38031.52,2291.29,733.0,56,0.558,645035.06
74244.01,32856.01,1948.79,687.0,65,0.469,818437.22
64887.04,29468.6,3687.74,650.0,42,0.511,464659.83
57528.87,22318.9,731.62,555.0,44,0.401,564619.15
70899.38,43036.64,14236.03,632.0,62,0.808,266193.67
15000.0,9534.98,258.28,722.0,19,0.653,111513.92
77051.74,33471.84,2614.98,677.0,39,0.468,624990.13
63154.45,49140.22,6509.55,775.0,49,0.881,141329.45
54438.13,27372.02,1157.16,770.0,34,0.524,473820.28
111171.55,86661.32,11680.96,767.0,54,0.885,221436.22
43126.65,19565.74,622.56,637.0,19,0.468,412550.98
49923.1,12281.75,903.13,704.0,69,0.264,699922.66
109788.83,67007.38,6851.67,603.0,43,0.673,729092.54
39198.47,23020.55,2000.35,579.0,50,0.638,181583.21
46247.12,25674.51,2455.16,775.0,18,0.608,368433.16
56324.36,25552.4,3451.89,585.0,57,0.515,427045.48
81018.36,44139.95,3566.11,576.0,60,0.589,496202.07
65195.06,30857.55,4698.22,688.0,61,0.545,526311.86
27684.37,13970.85,3254.17,658.0,53,0.622,192355.76
46695.79,31577.78,1976.18,665.0,56,0.719,222284.41
44816.14,25887.26,6009.09,850.0,42,0.712,254492.45
58069.47,37251.14,2061.85,600.0,30,0.677,321790.06
70646.09,36398.26,5026.56,720.0,56,0.586,567349.22
70455.14,35135.8,2973.86,687.0,53,0.541,656978.93
15599.71,5880.74,995.21,761.0,29,0.441,163650.32
86598.52,42822.49,423.48,617.0,38,0.499,760882.21
66314.22,13262.84,311.84,662.0,40,0.205,948907.3
94613.3,43660.89,16674.33,689.0,35,0.638,734277.93
71104.96,38234.48,1661.54,565.0,30,0.561,547858.44
87533.07,55544.2,10426.9,536.0,36,0.754,366772.4
71663.63,36526.83,11438.79,678.0,52,0.669,427861.85
93655.64,56394.84,2969.83,787.0,63,0.634,669023.65
73056.27,16293.86,5752.39,652.0,65,0.302,731456.59
57552.12,31163.0,3938.18,663.0,51,0.61,385581.44
116810.87,34818.35,8378.54,772.0,69,0.37,1494501.98
82225.93,30321.18,3865.83,668.0,18,0.416,865646.29
74343.61,38801.8,7571.69,742.0,63,0.624,520174.7
28092.39,20828.81,1787.23,850.0,39,0.805,126602.68
27792.31,16833.27,783.02,634.0,45,0.634,186003.22
67317.89,37208.93,7677.79,666.0,21,0.667,355666.15
63638.03,34814.49,3142.51,712.0,54,0.596,400919.99
44646.94,19776.61,8852.86,799.0,24,0.641,343933.41
63524.57,29755.07,2608.95,671.0,28,0.509,511442.73
99715.67,61236.03,924.29,738.0,29,0.623,727842.21
77385.06,26480.85,4577.0,708.0,57,0.401,924916.96
31474.79,20111.07,1843.46,674.0,56,0.698,176739.93
57212.28,28132.65,7378.6,646.0,52,0.621,445693.35
39875.84,26869.68,6344.07,631.0,51,0.833,114973.08
50307.5,34921.66,1564.59,850.0,35,0.725,288189.33
49659.61,14850.08,1260.69,557.0,27,0.324,534674.06
48058.86,22239.86,3019.48,564.0,68,0.526,370736.79
28621.62,12068.9,1629.95,700.0,32,0.479,296418.43
56808.63,15797.96,1302.46,696.0,43,0.301,795978.24
45984.81,18169.52,3470.22,714.0,66,0.471,381764.01
15000.0,13500.0,758.81,610.0,68,0.951,11824.92
111324.3,71406.35,5150.41,598.0,20,0.688,608489.91
87219.24,73054.24,13183.2,657.0,30,0.989,18571.85
50592.48,34117.79,3173.98,753.0,51,0.737,222253.52
60470.48,26529.82,10993.29,599.0,64,0.621,371757.77
30708.64,15131.2,1957.96,692.0,34,0.556,262659.38
102393.07,65353.96,5324.75,639.0,18,0.69,600112.91
107432.22,66138.06,1872.51,558.0,31,0.633,682367.75
63917.34,29619.21,1738.49,577.0,18,0.491,541211.39
85588.27,27687.89,4021.56,753.0,41,0.37,923369.53
64382.17,57943.95,8688.62,632.0,28,1.035,0.0
26581.86,14057.22,357.41,780.0,20,0.542,259522.07
49704.42,24908.83,6296.98,677.0,30,0.628,365744.52
63298.2,35890.09,878.9,571.0,39,0.581,407508.57
48636.31,24979.16,5264.57,718.0,58,0.622,396948.64
54533.67,30997.45,1618.67,616.0,64,0.598,351380.62
57715.01,42884.68,5158.55,650.0,58,0.832,174535.87
57978.04,30804.76,3458.88,771.0,47,0.591,408772.06
61306.46,23026.3,2865.41,577.0,42,0.422,699165.17
33484.87,17604.79,816.04,644.0,24,0.55,289404.26
42074.6,20210.1,4652.24,593.0,42,0.591,299581.05
27885.39,21292.86,773.44,585.0,56,0.791,94628.88
84445.39,61279.3,1471.57,642.0,42,0.743,467125.56
15000.0,8491.93,2093.46,611.0,19,0.706,80378.63
88839.76,31821.48,10622.11,658.0,51,0.478,998694.36
94658.73,34656.09,10417.71,731.0,39,0.476,944936.23
52445.49,28963.99,469.25,620.0,18,0.561,407884.72
15000.0,9006.73,600.21,563.0,35,0.64,97645.98
50967.24,25167.96,523.03,731.0,33,0.504,483703.93
58395.4,27911.51,3472.39,619.0,27,0.537,482771.27
34735.04,16015.64,2542.66,826.0,48,0.534,334899.45
47119.54,25750.4,5658.55,647.0,65,0.667,303206.94
98254.88,19650.98,4766.47,669.0,30,0.249,1227624.76
76623.18,29484.68,2110.4,496.0,51,0.412,717787.85
36885.9,16817.84,2384.24,587.0,51,0.521,285737.58
20060.02,14666.39,473.16,498.0,59,0.755,83378.62
51824.57,22177.18,6269.33,704.0,29,0.549,431987.47
54663.58,31544.72,4057.03,673.0,54,0.651,325522.59
72404.98,42283.16,5311.69,730.0,57,0.657,532853.93
46617.08,34715.16,7018.59,745.0,34,0.895,103432.41
72787.49,53818.1,5198.16,757.0,58,0.811,294107.3
108378.85,58673.55,1640.22,662.0,32,0.557,974562.1
80387.53,38479.68,1905.73,687.0,30,0.502,772260.43
58797.79,26484.0,4017.45,726.0,63,0.519,565276.09
55421.24,28477.68,1582.23,616.0,25,0.542,432953.94
51083.17,24769.97,4353.57,605.0,34,0.57,429281.95
89516.02,56667.59,10325.69,803.0,28,0.748,450660.61
44317.16,27168.48,1700.39,536.0,57,0.651,238874.53
61130.57,39048.38,1154.55,720.0,63,0.658,407194.53
61279.95,45279.3,1006.99,707.0,18,0.755,267317.26
47455.4,39360.95,4721.22,590.0,49,0.929,62857.21
25688.36,14608.96,1178.77,627.0,61,0.615,186643.38
68074.36,48667.69,5728.12,651.0,69,0.799,264787.0
58474.9,29076.7,2021.67,697.0,27,0.532,431948.77
72506.01,52766.33,1430.48,708.0,61,0.747,279892.21
46659.99,33092.5,2781.06,678.0,68,0.769,199536.84
90520.53,63478.65,7681.26,695.0,32,0.786,362531.52
38080.66,21481.7,5258.61,733.0,20,0.702,241637.83
102801.01,46234.37,3049.0,729.0,26,0.479,943558.48
16309.09,5558.48,1361.83,803.0,25,0.424,167036.12
70869.25,38552.48,5304.38,763.0,27,0.619,480206.2
71885.77,56067.44,8551.77,681.0,25,0.899,118037.29
40111.07,20196.86,2403.06,731.0,33,0.563,313051.21
70609.85,47151.07,1539.67,714.0,28,0.69,359736.73
91987.97,62238.39,8511.88,693.0,40,0.769,392667.85
15000.0,7611.71,205.68,611.0,39,0.521,124746.37
72568.62,54241.54,14725.48,693.0,57,0.95,61491.25
15000.0,3000.0,2282.12,515.0,35,0.352,141401.43
35858.38,13145.23,1469.65,766.0,56,0.408,362514.65
100729.16,41566.41,7493.53,708.0,20,0.487,728980.88
45455.45,19411.42,3958.92,667.0,25,0.514,369872.79
30653.0,18405.27,3541.51,646.0,22,0.716,147272.32
55051.56,32673.41,1608.57,732.0,44,0.623,311514.18
111697.66,68034.89,2423.54,827.0,22,0.631,938062.3
15000.0,9591.18,1030.91,710.0,36,0.708,88514.07
33717.25,13739.25,1590.56,832.0,34,0.455,361696.09
97435.79,35785.59,2593.84,743.0,63,0.394,888335.92
106442.56,64871.2,593.16,616.0,35,0.615,791488.94
57414.22,26150.18,5186.56,719.0,19,0.546,463620.86
29023.68,9125.88,2447.88,711.0,67,0.399,272594.65
112396.09,78194.14,17949.05,616.0,24,0.855,246878.02
99861.06,75821.04,7695.01,647.0,66,0.836,274811.4
76973.67,60314.58,11610.4,646.0,67,0.934,80991.3
39689.94,22942.82,3449.88,688.0,33,0.665,226819.37
58774.27,37844.15,5103.74,658.0,24,0.731,226831.31
55991.0,42300.09,4110.0,701.0,35,0.829,201583.63
68271.28,30980.66,2653.89,714.0,61,0.493,705265.71
96275.04,68990.85,2810.45,781.0,43,0.746,438229.41
81985.43,48478.76,8005.89,724.0,46,0.689,517571.86
33065.6,22717.94,3150.57,624.0,33,0.782,119765.54
94412.41,54562.25,9770.33,849.0,63,0.681,609957.41
67828.3,50494.0,5028.5,624.0,56,0.819,189186.15
77176.64,45034.78,6098.59,649.0,47,0.663,487096.54
96663.52,31647.94,6011.04,728.0,42,0.39,1194827.97
32210.49,24730.86,123.23,850.0,25,0.772,152156.33
59104.36,24106.92,5080.04,712.0,31,0.494,525436.75
46713.64,34472.74,1404.96,629.0,39,0.768,151991.95
20803.51,11160.33,205.54,549.0,69,0.546,169554.13
68667.75,49880.37,1901.58,544.0,31,0.754,272562.96
122788.91,88434.45,13109.08,681.0,44,0.827,355770.15
15000.0,9217.82,1557.75,724.0,52,0.718,74031.36
59192.98,37071.4,1383.2,566.0,57,0.65,357130.43
76013.57,46626.29,870.76,698.0,68,0.625,459766.27
63076.96,15638.44,3548.42,575.0,29,0.304,771427.38
57171.8,32459.26,7374.62,606.0,60,0.697,291361.88
27519.59,10528.73,1360.93,731.0,38,0.432,272430.85
65819.67,37890.94,1410.46,620.0,28,0.597,425109.27
41080.9,15551.53,4604.31,785.0,20,0.491,420880.96
15000.0,5583.86,2444.32,633.0,26,0.535,92147.59
89864.81,71059.71,3794.35,769.0,60,0.833,270223.04
83959.65,59646.37,8780.85,850.0,36,0.815,334544.38
61291.52,33672.25,5079.95,620.0,59,0.632,388416.65
65726.87,37971.42,3411.84,850.0,40,0.63,552259.56
86857.95,44541.85,3196.89,681.0,33,0.55,720118.04
65608.49,41692.98,9713.09,629.0,21,0.784,232489.23
82600.44,37053.88,4397.7,656.0,49,0.502,717157.87
52562.94,36744.71,1183.49,648.0,18,0.722,263556.96
92799.59,47516.82,2700.11,792.0,21,0.541,764020.8
68019.64,33127.13,4976.22,785.0,43,0.56,616976.31
64851.3,35879.43,2299.15,784.0,44,0.589,612475.18
28248.47,13031.81,2443.83,576.0,57,0.548,190369.39
67173.9,40257.47,1661.72,695.0,33,0.624,491940.42
39201.13,18400.84,3068.89,556.0,47,0.548,271954.0
44042.93,27318.89,1131.61,761.0,55,0.646,277953.58
39615.61,29014.51,6156.34,641.0,50,0.888,75604.05
33344.13,14741.5,1728.85,720.0,33,0.494,295790.22
113119.29,60000.02,3127.43,640.0,50,0.558,939307.71
93283.48,57761.09,2409.36,540.0,37,0.645,546545.17
108009.19,52343.56,16119.24,751.0,48,0.634,737593.29
29427.62,18234.77,1179.68,757.0,65,0.66,197965.65
61781.34,39126.73,2621.1,691.0,44,0.676,381512.05
27662.31,19709.1,949.08,511.0,49,0.747,112374.72
42607.63,19561.23,3046.93,740.0,39,0.531,415499.25
37046.83,15136.73,1638.51,621.0,53,0.453,356671.9
90989.6,45846.33,7955.13,721.0,44,0.591,840311.52
50094.26,20280.02,4471.07,641.0,42,0.494,406821.36
86709.48,55032.32,331.32,649.0,19,0.638,473425.97
75103.02,28219.01,7150.97,720.0,63,0.471,754647.22
117590.97,105826.28,12282.28,614.0,55,1.004,0.0
23013.89,17131.29,889.92,667.0,40,0.783,86746.73
91480.83,50487.02,4851.24,721.0,69,0.605,618619.69
88661.02,60299.17,4407.64,850.0,29,0.73,484914.01
35665.53,10859.43,2718.88,674.0,54,0.381,389174.65
85178.33,76660.5,1980.56,747.0,63,0.923,121682.97
68403.62,31566.07,660.42,586.0,54,0.471,567067.91
54313.09,28890.51,5335.52,816.0,67,0.63,377345.52
39401.61,10701.87,1332.56,615.0,65,0.305,520442.27
42022.26,26177.48,3958.85,669.0,38,0.717,241424.56
111245.3,42723.58,9215.93,721.0,65,0.467,1087865.61
60017.07,33924.55,5216.3,618.0,59,0.652,323344.06
79553.25,37259.47,10279.26,766.0,28,0.598,553151.63
40227.52,15621.89,1071.24,627.0,38,0.415,359920.76
40503.68,17390.08,3201.94,746.0,54,0.508,411465.86
87049.62,50825.51,7609.49,765.0,21,0.671,558668.13
26260.59,9395.42,1342.88,726.0,43,0.409,284864.43
49619.66,21717.44,1659.92,737.0,37,0.471,538384.66
60850.69,39521.97,3395.85,850.0,24,0.705,377728.16
62784.32,56505.88,994.06,713.0,55,0.916,74141.53
55522.67,34515.02,264.86,689.0,64,0.626,351403.89
69895.49,28825.65,4710.74,707.0,44,0.48,668987.32
77321.39,38268.9,8049.54,782.0,64,0.599,707894.56
78365.94,43472.59,7559.56,850.0,34,0.651,644142.11
35354.9,17592.11,1780.25,667.0,49,0.548,224150.34
52896.12,36258.11,5027.8,607.0,27,0.781,174852.33
89869.07,52359.61,9671.77,773.0,67,0.69,544724.46
82366.18,56517.85,6157.65,571.0,28,0.761,351881.96
25678.51,12912.02,1535.29,701.0,35,0.563,193059.12
68787.0,51509.43,784.92,704.0,19,0.76,319986.16
15000.0,7875.41,1556.28,671.0,52,0.629,93797.35
61173.37,24733.71,3596.89,676.0,23,0.463,559259.8
107444.18,94185.36,8367.68,548.0,20,0.954,71821.73
36302.68,10028.74,1275.4,611.0,24,0.311,373237.41
39141.92,17190.71,957.17,755.0,52,0.464,380075.95
79100.74,36065.65,10210.68,517.0,64,0.585,589865.38
21429.96,19286.97,2909.06,673.0,30,1.036,0.0
44181.12,36273.98,4875.8,655.0,55,0.931,55547.47
74911.03,57987.82,8645.66,521.0,19,0.89,130228.68
44142.85,22089.14,3324.46,815.0,19,0.576,386676.3
54100.75,48690.68,2385.01,598.0,68,0.944,49386.23
78604.64,47575.68,7085.99,724.0,25,0.695,411545.7
70538.65,49136.48,4726.5,642.0,26,0.764,310625.18
66670.46,38465.81,6462.91,612.0,51,0.674,355176.49
51521.94,27954.78,3325.06,661.0,56,0.607,323943.85
69251.53,35472.93,3195.53,651.0,48,0.558,567838.03
56906.68,29509.19,3174.13,665.0,46,0.574,376079.43
71445.14,45815.89,2263.52,617.0,66,0.673,421791.44
47576.7,28787.71,3507.31,599.0,64,0.679,272780.36
55435.78,30227.98,5916.58,760.0,53,0.652,321610.32
35251.06,27369.93,1483.47,681.0,39,0.819,101994.84
59124.81,11824.96,162.95,675.0,40,0.203,963931.01
39724.98,24887.03,3267.16,609.0,30,0.709,212301.75
32148.84,21143.03,1292.49,806.0,52,0.698,200574.59
66466.53,47991.79,6100.93,673.0,61,0.814,228335.09
65318.49,35289.58,3885.78,528.0,20,0.6,456250.27
79571.84,46246.2,13325.67,702.0,68,0.749,394686.83
49221.86,34351.56,67.77,619.0,26,0.699,236814.89
70201.32,54313.0,5301.42,753.0,65,0.849,197761.1
73769.94,37247.89,10853.73,763.0,35,0.652,470415.97
71119.35,41963.71,3136.52,754.0,43,0.634,524185.01
39358.66,31557.22,1187.96,643.0,46,0.832,119005.44
63734.09,14747.81,2816.16,671.0,65,0.276,938141.67
69103.51,30854.59,283.78,700.0,29,0.451,717721.06
60179.46,46330.69,206.88,751.0,56,0.773,260476.1
15000.0,10708.21,868.76,597.0,40,0.772,63421.94
64012.24,40223.17,4304.95,687.0,36,0.696,384736.05
115313.28,55662.93,3742.1,829.0,41,0.515,1253655.19
50999.02,21303.68,7116.44,637.0,61,0.557,406050.8
41798.07,19282.19,1527.75,678.0,60,0.498,458512.48
69333.71,54232.92,9625.16,850.0,61,0.921,121035.45
67809.46,30903.05,2756.27,661.0,47,0.496,739871.86
89818.38,50766.56,2348.77,557.0,48,0.591,615918.67
28553.3,12476.19,764.02,675.0,36,0.464,339894.46
78284.51,52952.9,2655.54,814.0,38,0.71,480834.43
74760.55,35076.98,5163.02,765.0,66,0.538,594393.67
56446.34,30219.16,2660.82,602.0,64,0.582,366467.99
68467.18,20368.49,1419.74,713.0,27,0.318,840466.18
85736.44,26406.37,722.76,666.0,21,0.316,1020997.07
81807.88,45088.5,2935.73,745.0,35,0.587,661801.63
31424.52,11037.12,1831.37,631.0,62,0.41,382804.49
80503.95,69697.34,1913.62,720.0,54,0.89,171070.62
58382.78,14056.91,5053.49,833.0,37,0.327,707167.73
61821.85,26581.77,1116.22,471.0,69,0.448,555153.72
61829.92,34161.35,5631.87,727.0,53,0.644,396145.35
56243.93,27853.68,2930.36,786.0,65,0.547,477657.46
89792.69,34514.35,905.69,555.0,49,0.394,886928.24
57907.05,23528.26,1626.21,622.0,69,0.434,550272.5
32011.35,12849.42,4538.77,649.0,44,0.543,226091.08
50161.75,25431.6,1769.84,622.0,58,0.542,404052.57
64467.37,54332.41,1884.3,616.0,41,0.872,168143.55
90730.37,50962.4,6594.89,650.0,46,0.634,637060.52
75077.37,54613.91,3434.58,748.0,41,0.773,284828.74
38736.62,24250.92,3484.37,799.0,46,0.716,161110.16
122129.75,87576.72,11262.0,784.0,56,0.809,467389.08
66619.38,13323.88,6342.7,760.0,35,0.295,949787.61
91884.77,46340.36,15539.58,827.0,27,0.673,632919.83
56207.14,41934.48,4041.03,843.0,64,0.818,208398.68
73333.98,34044.54,5686.56,693.0,26,0.542,551585.27
80986.71,65953.23,2824.02,794.0,67,0.849,278407.2
90454.87,69883.94,5071.71,714.0,28,0.829,284118.81
86434.21,41456.47,1977.63,663.0,29,0.503,731198.65
81804.93,38818.52,5244.93,676.0,19,0.539,716841.4
52122.83,20742.76,4051.35,761.0,43,0.476,496712.18
45706.35,20822.02,4788.89,797.0,26,0.56,349003.89
68315.19,24942.67,7946.64,726.0,34,0.481,630794.98
83328.2,51190.32,6785.2,648.0,52,0.696,461168.04
54431.98,18049.27,144.75,641.0,63,0.334,724065.8
86629.3,55491.26,5472.2,532.0,20,0.704,343505.35
96315.42,62047.53,1966.7,709.0,23,0.665,622988.27
37091.98,11157.98,960.25,703.0,60,0.327,499120.43
39076.98,30576.68,1789.84,596.0,40,0.828,119583.29
56490.62,35421.96,5992.62,718.0,52,0.733,298422.62
67690.32,44841.77,2438.07,717.0,32,0.698,433201.53
46885.82,20451.61,6087.48,561.0,25,0.566,371644.7
93805.07,60350.13,6225.74,654.0,49,0.71,466291.76
70601.67,50759.71,5216.74,793.0,51,0.793,312960.22
60986.18,32640.33,7603.78,629.0,28,0.66,369448.8
24102.26,20493.87,1906.18,681.0,63,0.929,33346.25
27104.6,15086.69,2790.82,693.0,20,0.66,147805.97
67025.23,48333.09,3705.54,678.0,46,0.776,266851.64
15000.0,8909.27,1945.53,735.0,27,0.724,82736.53
85315.94,54416.91,13614.6,755.0,35,0.797,325356.76
56046.15,16774.62,4289.63,781.0,35,0.376,714377.3
141077.32,85444.62,1580.26,655.0,29,0.617,1093808.13
117697.91,51758.09,2890.83,722.0,44,0.464,1144505.34
55463.77,23463.41,1548.51,747.0,68,0.451,628858.02
57341.57,46539.31,2523.55,671.0,36,0.856,133932.98
84889.54,43967.22,3759.13,622.0,58,0.562,697445.48
102579.32,40980.92,7158.25,691.0,50,0.469,833122.2
19049.27,9450.92,714.17,632.0,42,0.534,159024.37
15340.61,5444.88,820.51,624.0,61,0.408,161043.4
44449.13,34007.26,2536.19,698.0,19,0.822,170166.15
74568.44,33231.27,3850.24,665.0,19,0.497,640690.43
72421.84,45581.94,13039.02,694.0,22,0.809,202378.58
86744.29,65354.53,3321.93,556.0,39,0.792,316173.63
30007.56,14252.9,4754.43,666.0,50,0.633,177720.27
15000.0,9447.05,814.38,499.0,61,0.684,75947.17
81450.35,32212.56,9666.69,596.0,22,0.514,632839.62
39295.09,35365.58,3167.55,673.0,45,0.981,13477.86
15000.0,10356.86,2956.06,777.0,31,0.888,25621.44
63626.59,33156.39,5306.17,723.0,57,0.605,388633.85
79829.39,34651.94,5091.28,687.0,60,0.498,758963.48
56948.57,30347.92,7342.23,650.0,67,0.662,337421.33
48553.79,24228.46,10188.9,660.0,27,0.709,224103.98
56015.94,47218.17,1620.34,784.0,58,0.872,131749.14
50735.43,18577.78,5409.48,591.0,32,0.473,478801.01
26298.82,14996.12,384.5,622.0,27,0.585,185087.54
42132.98,23057.25,739.53,765.0,21,0.565,367255.6
73032.0,38881.39,5022.78,652.0,60,0.601,473355.62
68041.96,36314.51,13617.88,835.0,66,0.734,383025.28
64201.5,34193.03,3428.44,735.0,35,0.586,488431.21
35121.29,23916.19,1974.43,772.0,34,0.737,184775.13
55462.42,35570.69,2247.31,550.0,48,0.682,300597.61
15000.0,9192.55,1464.19,765.0,50,0.71,79970.32
64461.92,12892.38,8218.01,612.0,42,0.327,723972.85
95721.44,56951.31,5300.07,737.0,29,0.65,621366.13
23146.7,6982.3,1384.88,651.0,64,0.361,280906.19
45351.81,29340.26,2788.84,698.0,38,0.708,284818.08
68227.67,52615.45,7959.63,592.0,34,0.888,120274.46
91321.07,37538.81,10339.43,542.0,37,0.524,784220.94
48794.38,24920.9,338.94,692.0,46,0.518,419207.55
42693.74,19643.25,2598.79,656.0,20,0.521,361477.35
15000.0,11029.72,1249.77,608.0,24,0.819,48323.62
62585.95,35314.39,6923.99,545.0,50,0.675,320498.69
111051.9,89868.69,2385.64,466.0,43,0.831,281347.45
66933.96,40967.81,1021.53,722.0,37,0.627,552615.04
59443.03,34855.46,8470.61,660.0,60,0.729,290893.58
68052.06,38124.87,2301.72,632.0,54,0.594,509029.92
59722.7,40175.39,5075.61,697.0,49,0.758,314002.33
39674.64,11479.74,6282.59,761.0,52,0.448,494514.29
80582.0,45351.68,4537.21,702.0,38,0.619,555173.18
65644.04,35414.5,7079.05,645.0,69,0.647,378266.58
60440.33,39818.87,5186.32,850.0,58,0.745,278746.71
35615.85,18585.94,818.47,629.0,25,0.545,250669.9
92587.7,36497.13,5276.05,567.0,19,0.451,815506.64
76617.57,42224.14,1873.7,688.0,68,0.576,527986.92
46176.98,17896.99,4407.65,660.0,65,0.483,424522.03
85045.62,22214.82,11283.0,756.0,33,0.394,912920.04
47560.73,31345.77,7855.93,638.0,44,0.824,142420.53
40449.91,25760.9,380.28,667.0,53,0.646,254793.34
41007.42,25427.21,1314.02,611.0,27,0.652,238900.52
15723.29,11720.75,309.29,745.0,45,0.765,62594.43
71788.56,32322.46,2295.65,691.0,34,0.482,703957.68
15000.0,5029.99,821.79,658.0,42,0.39,183682.67
29288.9,15801.23,2236.22,668.0,32,0.616,226979.86
15000.0,7468.12,824.51,678.0,35,0.553,132010.22
57848.26,24507.74,1834.55,565.0,45,0.455,512994.36
56241.99,30259.46,4905.31,773.0,19,0.625,380871.39
51832.59,23752.76,1848.96,768.0,57,0.494,540041.94
33935.56,9318.68,792.81,683.0,59,0.298,447489.56
30694.16,14850.55,3390.39,675.0,48,0.594,241082.27
71609.25,27178.84,9251.01,600.0,48,0.509,715609.93
46236.2,27036.49,8457.65,818.0,42,0.768,212679.25
67908.96,30667.33,6005.36,799.0,18,0.54,566051.18
37868.78,27142.25,149.45,712.0,35,0.721,185684.71
64526.57,51013.41,2516.87,746.0,33,0.83,211336.36
92581.95,60354.84,5664.87,778.0,59,0.713,484731.71
74654.15,23691.2,6650.02,762.0,54,0.406,912257.68
49689.65,38548.21,352.28,612.0,58,0.783,199830.82
66429.97,52237.75,2896.77,655.0,59,0.83,227528.53
53983.37,29843.01,8295.16,717.0,54,0.706,333075.78
60197.0,45053.78,1412.63,696.0,24,0.772,188350.91
51859.72,24231.39,4425.07,740.0,23,0.553,403840.4
55891.62,15094.26,739.18,731.0,31,0.283,760493.25
65302.33,28469.03,622.88,700.0,39,0.445,591358.81
35166.03,28463.22,1024.47,472.0,67,0.839,88040.14
34603.03,11292.28,1260.36,774.0,48,0.363,392620.07
25286.44,13905.72,2014.9,747.0,62,0.63,170324.29
19993.22,11098.67,1444.53,846.0,27,0.627,175482.62
29567.93,13987.22,1887.74,642.0,63,0.537,271883.93
63986.56,30935.7,2616.43,533.0,57,0.524,498791.1
37680.31,21132.53,1107.96,666.0,63,0.59,253108.53
72840.36,33919.98,5518.94,717.0,53,0.541,642607.98
60867.84,20493.67,3080.64,645.0,58,0.387,519357.6
15000.0,8733.82,140.24,790.0,55,0.592,127515.73
76374.39,54302.57,701.84,627.0,51,0.72,395840.36
80269.97,54618.56,8069.25,672.0,20,0.781,280606.95
35153.43,15064.64,560.6,660.0,40,0.444,397141.53
70504.79,25545.0,4271.59,850.0,60,0.423,775805.16
38587.54,19578.23,2387.86,608.0,34,0.569,261158.69
62441.76,49027.32,1754.63,727.0,46,0.813,222558.79
28387.54,18362.19,2778.63,584.0,18,0.745,107009.98
15172.34,9946.9,928.2,707.0,20,0.717,72727.46
50429.57,34467.53,1255.48,604.0,31,0.708,262502.71
56906.78,34890.4,1944.3,768.0,28,0.647,369266.42
50058.01,28437.52,1483.02,753.0,47,0.598,438296.31
30399.24,19739.62,118.46,702.0,38,0.653,164301.58
50002.52,23404.94,5003.54,569.0,33,0.568,366575.86
66732.37,22544.23,4974.2,676.0,63,0.412,781923.44
58877.67,38767.98,9705.78,656.0,68,0.823,200794.12
64562.53,47496.11,1412.92,746.0,26,0.758,276767.05
43247.12,16531.87,1565.38,608.0,19,0.418,514158.24
89292.95,60119.89,11872.06,772.0,43,0.806,271725.74
30595.67,24541.24,969.53,757.0,59,0.834,96865.85
72189.01,39679.63,7454.76,570.0,20,0.653,460171.5
89547.28,38263.52,810.8,662.0,32,0.436,1016228.13
72022.7,40941.51,746.54,676.0,29,0.579,500002.03
54936.89,25678.6,4031.72,760.0,36,0.541,490118.59
46792.57,21407.16,3854.33,625.0,58,0.54,406455.96
85902.19,52827.92,3414.97,697.0,31,0.655,535343.79
24425.63,7558.28,1149.43,768.0,32,0.356,266302.43
35746.89,11918.4,4958.03,700.0,40,0.472,287631.22
50061.06,27678.44,3100.22,531.0,28,0.615,294293.52
90941.34,49713.42,2656.58,640.0,60,0.576,643801.42
69494.19,41803.06,1316.01,752.0,20,0.62,464073.97
35798.86,29759.01,2102.98,742.0,60,0.89,88345.66
52242.31,29552.28,7257.66,500.0,18,0.705,259738.33
44641.92,28558.59,6047.45,696.0,21,0.775,178857.93
42255.28,17057.19,5999.37,756.0,38,0.546,358165.1
84472.24,56190.14,8673.38,723.0,42,0.768,360357.82
25706.42,12108.79,2028.0,732.0,37,0.55,230336.92
100219.52,56194.4,9736.36,845.0,27,0.658,617106.55
80705.74,43070.45,1756.74,677.0,35,0.555,587507.35
87271.54,61521.74,3409.97,704.0,50,0.744,411053.98
48426.51,17118.94,3763.38,605.0,52,0.431,343635.77
56251.48,11672.98,1313.72,629.0,42,0.231,697017.25
24171.2,12520.32,3934.32,653.0,20,0.681,149872.08
46883.44,29080.85,2207.62,748.0,68,0.667,319355.35
72341.37,41440.06,636.48,620.0,67,0.582,442260.2
92401.58,67899.51,3246.69,779.0,30,0.77,406941.12
32321.08,19897.05,3016.29,593.0,52,0.709,139394.5
50862.35,23672.5,1180.98,731.0,42,0.489,451050.48
56217.52,11310.23,1985.72,724.0,35,0.237,751695.98
25105.27,12914.23,1168.43,701.0,68,0.561,216109.37
74783.73,52662.24,2961.74,759.0,47,0.744,400461.12
41900.24,20581.1,3605.67,621.0,57,0.577,292737.42
55115.24,30547.51,5947.41,643.0,63,0.662,279574.85
48701.27,29863.81,681.85,603.0,47,0.627,255914.04
40266.54,16014.25,3706.39,681.0,41,0.49,415145.26
59823.88,38495.79,7807.54,670.0,43,0.774,236775.2
54609.76,43445.79,961.06,749.0,18,0.813,189506.37
50703.55,26572.62,4524.84,711.0,50,0.613,321257.95
41788.46,15906.37,5298.93,735.0,25,0.507,422756.12
67988.12,36714.25,8326.33,664.0,29,0.662,436841.15
101340.43,21924.23,3544.9,712.0,25,0.251,1345370.62
63497.18,38132.31,3328.55,825.0,28,0.653,397917.48
84902.96,52456.54,3480.59,572.0,31,0.659,495901.14
25244.45,20229.53,2776.67,533.0,35,0.911,29765.96
63944.04,33308.5,2222.66,731.0,61,0.556,559015.01
32565.79,19906.58,4176.37,612.0,57,0.74,142289.39
23076.88,9710.91,2180.18,569.0,18,0.515,191140.09
41515.71,20614.04,2427.43,723.0,38,0.555,343434.2
89797.48,28844.94,7537.53,600.0,27,0.405,994019.28
83750.4,43615.66,1367.93,803.0,54,0.537,831152.43
66075.12,33315.31,2715.51,693.0,46,0.545,606915.06
21682.49,12898.48,186.34,664.0,63,0.603,155818.92
55092.98,25147.77,3440.58,614.0,57,0.519,455880.08
67542.5,37992.78,5393.47,697.0,41,0.642,413388.53
64388.41,32193.75,1810.45,553.0,61,0.528,474447.02
15000.0,7504.13,702.76,483.0,53,0.547,110561.79
37742.05,21213.09,946.57,556.0,35,0.587,259420.89
58398.06,32473.9,1291.07,771.0,32,0.578,532185.04
73407.27,48755.36,5437.27,606.0,49,0.738,323485.15
15000.0,7978.55,322.21,565.0,55,0.553,96008.18
55946.9,27834.55,4679.56,673.0,60,0.581,429419.89
63576.22,33242.66,2331.27,850.0,62,0.56,619047.06
81240.3,35973.24,10306.5,767.0,37,0.57,706309.65
77321.44,38352.47,4513.54,616.0,51,0.554,626496.0
74564.28,63728.14,5525.25,615.0,26,0.929,101418.11
40001.49,16524.54,1862.31,616.0,58,0.46,383252.84
15000.0,7623.02,102.18,607.0,51,0.515,104853.95
50173.68,24679.26,2454.7,724.0,52,0.541,466663.64
85040.8,43619.49,6026.21,653.0,44,0.584,648346.24
94836.36,47447.97,5440.98,591.0,59,0.558,706428.25
77763.73,46027.26,14566.26,573.0,35,0.779,253674.01
70733.52,20758.43,4882.8,850.0,38,0.363,839396.78
69490.99,49031.16,7492.67,739.0,35,0.813,199560.07
46097.03,29727.4,2670.86,612.0,44,0.703,224347.58
56748.49,20632.01,5730.95,777.0,48,0.465,552122.1
101726.74,21325.83,7262.26,588.0,45,0.281,1229080.18
36436.05,14699.73,3077.09,669.0,50,0.488,388610.18
100369.47,51549.76,19929.8,660.0,32,0.712,566774.54
51949.3,46754.37,3198.2,695.0,62,0.962,36718.75
93135.8,58814.19,3517.73,605.0,64,0.669,490443.16
24829.62,6924.03,1296.09,690.0,53,0.331,268567.39
74647.61,33334.01,4307.33,540.0,36,0.504,673085.84
41580.75,22537.52,1367.33,650.0,52,0.575,273909.59
24618.32,14476.87,1145.18,787.0,49,0.635,154593.39
65463.35,23094.66,5043.35,762.0,62,0.43,898295.04
85236.79,45154.32,8418.5,624.0,56,0.629,542040.51
38876.46,17197.16,2045.36,558.0,29,0.495,394765.85
22524.6,8659.27,2103.2,505.0,46,0.478,181601.5
57703.88,33984.09,8815.38,729.0,51,0.742,314375.41
57814.12,38508.92,467.1,702.0,33,0.674,356304.99
73707.99,49838.11,3481.84,711.0,39,0.723,351371.78
83739.86,53271.78,3234.41,815.0,25,0.675,491226.45
58514.62,27817.53,2233.22,692.0,29,0.514,404970.4
106387.58,69916.05,7838.61,698.0,51,0.731,473476.35
65605.87,39124.6,855.65,568.0,33,0.609,459432.91
51339.34,29268.11,4954.66,810.0,64,0.667,335316.38
19710.82,9032.4,228.29,667.0,26,0.47,177231.75
53433.51,25405.96,4205.55,615.0,44,0.554,408342.84
51590.33,28946.46,1512.38,697.0,64,0.59,424613.37
84007.62,75606.86,14158.34,840.0,52,1.069,0.0
71562.09,42592.78,9291.53,850.0,28,0.725,411754.66
30515.77,13986.04,1336.62,602.0,36,0.502,222048.52
64306.36,27339.31,3712.52,774.0,48,0.483,462935.57
76788.28,36569.27,9155.41,707.0,32,0.595,538422.11
98200.78,86082.22,13064.26,759.0,44,1.01,0.0
82187.6,40281.09,12709.85,702.0,50,0.645,519841.37
79021.17,54210.94,11953.55,729.0,24,0.837,238467.69
61502.15,30358.12,2631.79,786.0,40,0.536,583254.44
69707.8,41070.28,7217.56,540.0,53,0.693,325571.56
91237.62,61016.24,6991.89,709.0,39,0.745,372080.71
26680.57,12385.51,3763.74,586.0,18,0.605,198191.49
51264.02,23265.32,6241.1,643.0,44,0.576,433412.12
40685.78,32501.04,1794.79,680.0,69,0.843,118239.17
69478.83,48474.61,9860.97,599.0,28,0.84,199804.3
90755.55,60679.24,1603.49,633.0,68,0.686,549892.85
45075.64,30114.65,3097.04,568.0,29,0.737,218849.86
15000.0,9284.04,1305.37,633.0,38,0.706,68050.46
49694.48,42372.81,7456.85,721.0,25,1.003,0.0
82836.84,46105.85,4112.94,749.0,30,0.606,515973.43
73440.75,46751.6,6346.11,618.0,54,0.723,363218.79
70704.66,23499.62,2275.14,786.0,50,0.365,925614.26
53000.17,22591.63,7710.04,726.0,67,0.572,366078.07
28024.23,10365.52,3556.51,795.0,19,0.497,293693.96
72882.36,54013.81,1366.36,538.0,26,0.76,314318.8
39142.95,7828.59,1419.01,705.0,30,0.236,633892.18
114602.42,56115.47,9218.67,729.0,43,0.57,908799.67
74262.68,14852.54,4584.21,543.0,62,0.262,945357.88
45483.79,19344.57,2976.53,850.0,64,0.491,530427.17
44715.37,21300.51,497.88,629.0,69,0.487,354006.55
57676.39,43703.17,2023.67,724.0,26,0.793,220056.52
54012.45,32920.28,480.66,754.0,32,0.618,342066.41
87920.84,37368.89,4298.09,688.0,24,0.474,847694.4
64660.4,45902.07,262.72,791.0,60,0.714,352529.72
41709.21,23051.63,2924.38,840.0,54,0.623,296026.52
107261.02,59597.98,3580.84,591.0,26,0.589,798288.1
61232.71,22631.56,3435.07,689.0,31,0.426,593285.93
79220.99,31807.07,5703.3,753.0,47,0.473,762743.13
44794.34,19092.93,4148.11,549.0,68,0.519,396460.88
69077.89,38474.26,6122.53,765.0,64,0.646,564673.53
67777.75,38069.6,5627.09,817.0,65,0.645,545662.78
15000.0,11724.21,108.77,783.0,37,0.789,63078.33
110381.88,67085.5,16223.71,715.0,64,0.755,539887.5
92266.11,18453.22,3417.76,803.0,40,0.237,1424540.01
50070.12,29511.14,2852.1,709.0,32,0.646,261264.75
32443.26,10787.3,2218.04,574.0,48,0.401,274597.4
68689.04,27826.23,4338.42,638.0,21,0.468,625824.36
62167.44,26618.52,5593.12,660.0,42,0.518,639129.53
68891.72,31035.67,4857.78,675.0,68,0.521,525673.34
64789.43,22269.92,7005.68,672.0,36,0.452,688001.19
72656.02,42178.44,9297.37,653.0,54,0.708,330255.47
96182.64,32546.25,6208.17,698.0,51,0.403,1150689.04
74202.58,44781.27,3606.72,800.0,18,0.652,534875.3
33758.61,29894.79,2186.12,697.0,58,0.95,26909.04
94064.07,32978.5,11309.34,730.0,48,0.471,944891.38
101015.36,51247.46,2308.56,504.0,57,0.53,808881.38
138801.42,27760.28,11235.83,690.0,61,0.281,1865585.01
31912.65,16111.41,15.75,767.0,52,0.505,339514.48
66072.05,42709.47,3712.47,780.0,44,0.703,407948.46
15000.0,9871.44,635.02,772.0,38,0.7,102596.7
73828.73,41462.55,9893.03,704.0,25,0.696,480213.2
46294.99,31637.51,1934.97,713.0,35,0.725,247837.98
108086.14,97277.53,5180.62,626.0,40,0.948,106541.43
40634.63,32785.87,2483.2,748.0,58,0.868,99666.39
17770.42,8380.92,1396.52,627.0,53,0.55,145649.8
48218.41,16024.64,1162.12,734.0,46,0.356,623135.39
15000.0,7336.16,1132.08,683.0,33,0.565,112325.18
78777.49,32137.48,6213.67,681.0,67,0.487,846637.64
15000.0,9265.53,479.82,760.0,27,0.65,96690.13
60711.44,22634.5,6016.18,725.0,34,0.472,617883.91
15000.0,8086.15,2707.59,703.0,39,0.72,76093.47
51992.55,35131.48,609.77,640.0,57,0.687,329200.76
101084.45,54069.63,5485.23,808.0,19,0.589,706155.18
69016.2,28162.26,11383.7,707.0,59,0.573,474820.7
38412.66,27896.12,1785.17,740.0,47,0.773,155065.29
59219.91,15879.99,5676.39,686.0,61,0.364,660606.2
60450.42,30275.43,2401.54,625.0,56,0.541,487803.91
71815.76,39049.89,5887.99,708.0,56,0.626,433609.64
25828.54,14267.33,1825.04,632.0,62,0.623,175309.13
74814.18,43173.35,6181.18,715.0,36,0.66,411695.31
15000.0,9623.49,218.9,419.0,27,0.656,78125.37
44252.89,24104.06,2168.22,648.0,37,0.594,357260.53
47793.15,23647.63,3244.56,679.0,41,0.563,411537.42
75833.17,37071.93,16217.78,604.0,23,0.703,374507.11
60565.77,27755.64,2006.18,709.0,62,0.491,535347.11
24860.92,16610.37,396.32,646.0,35,0.684,175079.18
35375.17,16025.69,2570.71,680.0,33,0.526,325421.17
64967.0,43983.68,4143.4,636.0,56,0.741,315886.57
58023.32,32078.18,1846.21,758.0,57,0.585,506873.41
45521.9,21477.77,9390.85,724.0,57,0.678,289398.72
47979.16,30839.13,3039.36,704.0,33,0.706,274665.89
77404.2,34126.11,3242.57,685.0,57,0.483,755037.49
47057.69,30386.45,98.29,850.0,32,0.648,346238.16
57797.72,33633.01,281.87,667.0,57,0.587,417865.86
114248.41,52617.26,3435.95,624.0,23,0.491,1009332.04
24407.93,15359.8,401.0,586.0,50,0.646,169497.44
15000.0,9479.83,1513.18,752.0,65,0.733,82828.14
79589.74,57593.36,9999.24,810.0,30,0.849,217681.95
43033.92,29905.22,2785.76,612.0,21,0.76,195910.76
52044.06,32459.42,3380.75,657.0,49,0.689,287725.69
40471.09,15413.87,965.63,651.0,67,0.405,397361.95
53505.0,48154.5,5358.71,670.0,46,1.0,0.0
99963.45,33933.35,5001.18,539.0,24,0.389,917227.15
80053.21,55428.0,12803.58,745.0,50,0.852,203904.73
81555.59,50131.61,5902.62,775.0,22,0.687,556706.86
24594.32,9195.29,3939.85,528.0,57,0.534,163954.31
31221.16,16589.51,841.43,821.0,21,0.558,279855.11
15000.0,8072.81,894.78,809.0,24,0.598,129663.98
39765.48,29658.58,742.24,434.0,33,0.765,130271.66
83917.58,37175.77,4270.38,506.0,54,0.494,755916.28
72923.66,37242.72,5982.0,669.0,66,0.593,569075.55
54462.17,10892.43,2375.31,785.0,28,0.244,1041024.82
59442.49,48161.16,1245.16,703.0,67,0.831,188126.44
42777.86,16658.97,244.81,682.0,22,0.395,559301.34
65118.97,39008.65,769.17,726.0,46,0.611,418194.66
79146.96,42326.91,2853.85,615.0,42,0.571,544469.46
19602.83,10493.39,3863.79,782.0,20,0.732,113317.52
67491.19,45318.94,2031.59,672.0,49,0.702,344303.41
83310.87,66706.13,5896.46,549.0,47,0.871,169394.12
49622.49,29164.33,2873.74,616.0,37,0.646,363799.53
77517.52,50251.64,4035.43,710.0,47,0.7,460496.89
130366.36,78132.96,11242.57,657.0,20,0.686,774369.44
57391.43,40324.92,4589.97,649.0,61,0.783,228700.14
69832.68,33558.97,1379.47,696.0,32,0.5,666962.28
41548.57,29553.86,1257.61,709.0,58,0.742,164512.62
64531.28,46241.5,2880.41,582.0,31,0.761,266180.37
71506.79,50940.05,3215.78,778.0,57,0.757,313406.87
64871.06,29255.41,2601.47,670.0,67,0.491,657220.53
34507.62,18107.85,1141.66,714.0,27,0.558,263990.35
65159.04,38177.99,2700.47,688.0,34,0.627,419628.36
96554.9,33250.97,6943.23,647.0,32,0.416,866633.58
71215.89,56206.29,3761.62,753.0,46,0.842,228314.38
84049.68,46072.55,1244.76,686.0,51,0.563,766958.9
54074.7,32044.08,2604.26,686.0,52,0.641,323120.65
78747.51,36495.48,1629.2,481.0,26,0.484,596981.6
66981.7,23508.46,1697.08,746.0,68,0.376,872617.64
36227.23,16642.63,2482.36,666.0,34,0.528,306276.81
67963.03,39614.33,4978.07,740.0,19,0.656,451826.67
35207.58,22920.64,3090.92,812.0,43,0.739,191626.11
44177.99,25370.04,296.98,746.0,55,0.581,342995.86
64733.21,38969.95,2641.44,684.0,60,0.643,406038.33
67431.11,33678.2,9494.77,657.0,45,0.64,393996.06
30269.19,18901.21,153.73,850.0,47,0.63,204015.87
86349.64,66698.62,6516.19,719.0,60,0.848,198590.3
74300.16,48719.98,3379.68,697.0,26,0.701,414135.89
42381.79,28456.46,1705.18,665.0,45,0.712,223165.17
21560.38,12809.07,1228.34,608.0,33,0.651,135976.7
56377.39,18295.97,5159.99,524.0,41,0.416,581891.78
48851.41,19213.26,5370.74,802.0,39,0.503,487577.86
62828.51,38842.56,8943.27,618.0,37,0.761,225175.71
50922.08,27923.59,2842.35,665.0,69,0.604,337212.28
15000.0,9239.65,507.48,672.0,31,0.65,85409.77
50291.33,40306.66,5643.0,795.0,69,0.914,76734.18
52359.52,34499.97,3115.3,619.0,60,0.718,271023.79
75841.53,56034.22,2330.08,701.0,49,0.77,323790.33
42545.01,24003.99,3811.88,721.0,27,0.654,250361.1
101966.87,43735.39,2623.24,569.0,19,0.455,1002088.4
15000.0,8119.8,498.63,562.0,24,0.575,104360.01
92779.19,39828.92,8173.09,623.0,18,0.517,723422.17
54392.03,42629.44,2130.9,699.0,54,0.823,184424.97
81489.62,54480.59,2974.61,689.0,32,0.705,499282.25
61995.04,38937.65,2214.16,670.0,28,0.664,352010.8
88488.89,65073.97,9021.97,732.0,37,0.837,245073.7
50315.95,12427.61,2816.12,611.0,67,0.303,634244.09
32534.49,20764.18,6291.9,666.0,58,0.832,100261.81
95512.61,33754.45,7168.99,671.0,50,0.428,942368.52
57162.98,31377.43,609.73,614.0,69,0.56,410065.02
65538.96,32982.08,3652.35,850.0,55,0.559,593552.45
90868.8,58997.52,14329.26,507.0,37,0.807,248498.13
34201.12,19981.25,1278.83,779.0,27,0.622,240310.1
74887.27,56297.82,4769.01,744.0,49,0.815,243528.7
45252.63,20803.33,7804.79,745.0,53,0.632,286376.12
56695.77,37213.24,3719.96,688.0,67,0.722,294744.86
61806.97,35497.81,8101.57,787.0,29,0.705,419941.01
22494.45,6854.21,721.84,644.0,42,0.337,223284.11
40529.07,16706.39,1905.89,711.0,26,0.459,441355.75
93776.82,49468.99,1611.22,686.0,66,0.545,785362.42
82154.78,58892.15,2293.11,661.0,34,0.745,263046.47
58434.01,36203.29,2274.1,690.0,31,0.658,351309.46
66078.09,24771.01,2503.3,604.0,41,0.413,868535.36
52643.94,27846.15,115.14,627.0,58,0.531,343429.65
93914.58,80078.24,2295.28,806.0,68,0.877,254316.39
54991.19,31162.6,4943.88,850.0,62,0.657,398135.62
65796.05,32957.32,2459.79,722.0,20,0.538,515647.27
88650.75,55296.88,900.06,747.0,67,0.634,646080.82
40565.71,26956.28,3024.73,700.0,58,0.739,203003.0
98969.73,47661.32,3138.68,716.0,33,0.513,890114.09
21738.46,13594.94,3170.83,724.0,35,0.771,89995.46
100741.05,50437.68,1446.77,763.0,56,0.515,899561.84
50683.11,33344.37,918.85,803.0,67,0.676,332416.83
53932.53,31035.69,2037.95,609.0,31,0.613,379201.56
15000.0,9334.43,78.24,850.0,27,0.628,124130.4
48630.13,21208.69,6164.13,691.0,27,0.563,382453.48
34004.84,14513.5,2197.22,691.0,23,0.491,327563.03
44808.84,30999.86,6073.95,647.0,20,0.827,119540.15
56567.23,30438.29,3671.44,647.0,66,0.603,329435.22
83944.79,49758.71,3121.74,729.0,39,0.63,557391.0
65190.08,32858.45,8325.81,731.0,19,0.632,398372.66
67691.92,46356.03,1522.35,725.0,56,0.707,370233.34
32612.02,14963.32,2111.27,644.0,29,0.524,286397.37
37981.15,20117.09,8528.25,464.0,18,0.754,145913.59
104968.13,70108.1,7968.79,536.0,69,0.744,417875.09
41619.97,30213.82,1123.34,681.0,54,0.753,170906.45
101405.21,47806.08,15156.88,707.0,30,0.621,760712.07
53923.47,45508.85,815.94,646.0,49,0.859,149367.57
60057.2,35853.32,490.33,625.0,42,0.605,414643.99
86759.13,34144.99,3343.42,704.0,68,0.432,838680.93
91797.31,55570.22,11981.95,671.0,55,0.736,470261.71
57229.69,28188.49,11308.4,642.0,22,0.69,274389.71
50293.92,30936.31,4100.44,551.0,54,0.697,225822.45
58601.99,31854.37,6931.19,612.0,35,0.662,365327.44
68448.94,38409.51,5052.61,755.0,27,0.635,399937.91
82282.59,34004.19,7011.49,603.0,36,0.498,619444.66
60105.75,41984.42,6090.62,733.0,51,0.8,253468.77
75472.16,28421.37,4569.42,791.0,47,0.437,693328.55
100958.99,38736.48,9975.1,617.0,49,0.482,878150.63
69532.74,42074.54,4258.33,644.0,28,0.666,482992.25
67791.32,53584.07,4968.64,759.0,39,0.864,187130.66
22027.23,10949.98,1949.46,779.0,47,0.586,158471.54
15000.0,9827.19,308.16,628.0,18,0.676,88214.1
69709.39,49563.45,2785.35,550.0,23,0.751,299613.31
57629.39,38738.63,4826.46,780.0,31,0.756,242512.25
47130.43,23721.63,3507.54,727.0,20,0.578,392152.83
66088.26,25532.73,4190.73,712.0,56,0.45,763522.07
58489.91,12801.56,2967.87,753.0,32,0.27,941744.93
88194.51,45029.82,1429.41,585.0,48,0.527,740826.42
62152.77,45167.23,1068.15,711.0,36,0.744,319022.44
41326.92,15761.06,1859.86,657.0,39,0.426,385376.53
84754.16,55516.64,2590.67,728.0,24,0.686,585586.92
54571.72,22236.73,2303.06,744.0,44,0.45,518480.96
73163.42,41403.97,2169.39,758.0,52,0.596,527152.46
48064.73,31538.57,1774.12,728.0,60,0.693,264780.15
43754.33,19736.51,2531.21,700.0,22,0.509,374477.4
62104.21,35745.49,8124.2,703.0,63,0.706,296854.14
60320.72,29420.6,2327.38,709.0,52,0.526,513853.92
71995.68,47212.77,7327.41,630.0,53,0.758,352860.33
53283.86,31186.91,5178.34,650.0,54,0.682,281934.92
15000.0,8377.14,2790.89,712.0,40,0.745,66912.96
49180.65,38545.46,1498.63,732.0,53,0.814,195846.22
79845.46,51847.32,6982.66,628.0,21,0.737,294677.68
52565.6,23467.77,1547.62,594.0,19,0.476,509242.67
53840.41,28918.79,838.65,546.0,54,0.553,388870.14
84659.41,45598.84,1535.43,579.0,52,0.557,665640.35
42200.67,23718.8,3555.37,637.0,63,0.646,270984.94
21429.92,19286.93,782.41,644.0,21,0.937,27442.27
55984.22,33905.6,8888.08,657.0,65,0.764,209023.23
47895.65,11715.98,6760.74,584.0,21,0.386,432274.9
35843.84,16795.71,662.64,535.0,23,0.487,311824.95
55615.54,14468.06,4460.22,690.0,68,0.34,594963.2
72287.64,36182.15,4699.96,690.0,34,0.566,620502.44
59767.79,15055.71,4829.17,730.0,21,0.333,780831.49
67674.53,28373.32,4118.37,745.0,39,0.48,689257.84
105335.19,33906.53,3113.65,711.0,38,0.351,1180919.48
51428.03,31248.91,2841.84,689.0,29,0.663,315560.39
66958.72,36832.71,10291.52,750.0,24,0.704,368156.72
47269.67,28146.46,3308.44,794.0,65,0.665,361626.42
38841.01,20753.42,2031.94,626.0,45,0.587,272954.12
45377.31,15467.1,353.14,742.0,63,0.349,521608.85
48031.04,30116.81,2591.75,630.0,30,0.681,296123.73
68986.89,57834.04,4761.17,698.0,60,0.907,106288.97
118726.89,72587.47,684.99,766.0,60,0.617,1031803.13
42098.91,20464.76,1341.92,658.0,50,0.518,305080.24
49584.37,16649.93,5452.77,604.0,57,0.446,557797.16
58421.92,24174.41,2634.79,643.0,30,0.459,559964.88
69894.97,43192.01,4238.96,604.0,21,0.679,370834.7
66588.77,47342.47,4344.64,594.0,42,0.776,299181.09
92102.39,54260.28,6601.79,777.0,68,0.661,588181.89
15000.0,10049.75,312.52,723.0,37,0.691,77641.71
15000.0,9842.28,685.92,622.0,55,0.702,77525.25
47603.05,29798.56,10320.3,601.0,52,0.843,136710.68
87432.5,39452.08,8051.06,607.0,26,0.543,683453.52
20858.8,12016.51,1888.52,622.0,68,0.667,117747.53
15000.0,6341.15,1799.22,772.0,47,0.543,128118.33
74279.49,41047.91,7676.46,671.0,56,0.656,487843.58
66091.43,39630.37,660.65,850.0,40,0.61,461246.91
32744.79,26255.35,1436.18,677.0,28,0.846,95621.98
35361.51,12501.72,3036.25,634.0,32,0.439,401727.1
35756.41,22248.57,1485.21,754.0,64,0.664,261635.44
62763.38,48464.97,3219.92,546.0,39,0.823,209932.77
44342.12,29435.5,4636.42,695.0,34,0.768,171968.35
72351.6,48833.12,3538.97,583.0,64,0.724,395618.39
15000.0,9572.31,846.24,505.0,29,0.695,72259.5
38578.7,28731.5,2259.55,671.0,68,0.803,142463.73
31848.65,12321.55,2815.51,747.0,52,0.475,317443.46
53591.48,18334.24,9981.24,697.0,51,0.528,434189.78
46548.81,25557.62,2841.55,687.0,18,0.61,336289.89
79946.09,18053.88,4103.27,472.0,49,0.277,972734.18
15000.0,11018.95,409.5,668.0,21,0.762,67933.01
61137.29,44820.19,5244.31,668.0,41,0.819,207356.13
73958.41,35869.64,2350.45,730.0,24,0.517,615706.69
106416.19,52610.5,4571.79,595.0,29,0.537,829527.91
47955.85,25855.3,5511.36,746.0,39,0.654,322706.83
68111.47,37992.79,3395.83,639.0,66,0.608,396202.92
15000.0,8536.14,3123.64,656.0,52,0.777,63234.89
15000.0,9506.02,2195.51,722.0,38,0.78,64164.9
81119.36,42515.15,2990.42,585.0,46,0.561,691500.89
59860.99,41392.62,7526.23,746.0,66,0.817,198423.94
89462.82,55188.91,4162.58,572.0,34,0.663,503095.82
25664.93,11779.06,501.43,732.0,45,0.478,251418.66
72997.55,54767.65,4052.64,661.0,59,0.806,271392.49
106720.45,36953.18,12332.54,668.0,64,0.462,987861.51
70492.64,37796.4,2622.56,435.0,58,0.573,512129.52
66914.54,46508.12,3345.02,633.0,34,0.745,293033.92
60213.9,26586.79,3545.75,663.0,21,0.5,552131.46
20727.96,12362.85,1886.7,804.0,58,0.687,118312.24
93889.32,59291.2,1326.93,677.0,23,0.646,533265.02
44728.56,18827.21,5555.38,628.0,32,0.545,352057.23
72612.08,39147.23,2403.85,747.0,61,0.572,538784.45
20924.14,11017.07,2955.96,640.0,41,0.668,110196.18
30513.51,14257.11,2919.38,763.0,25,0.563,254595.98
95877.18,85834.17,13420.01,701.0,58,1.035,0.0
51317.44,22350.49,1942.4,608.0,44,0.473,451561.91
96331.89,67503.56,4081.03,755.0,48,0.743,473139.15
58044.23,28504.35,5253.16,728.0,26,0.582,503808.99
15000.0,5805.07,1730.73,752.0,35,0.502,140071.68
82301.69,46535.2,4824.04,665.0,19,0.624,577771.76
45252.69,29294.96,6260.38,728.0,39,0.786,158630.95
77467.22,53303.37,1958.26,834.0,37,0.713,389273.06
60630.27,47554.73,3183.02,694.0,59,0.837,196834.22
21422.04,19279.84,1833.81,648.0,21,0.986,5090.86
64107.37,37668.02,2876.34,804.0,55,0.632,417598.5
114905.58,51769.12,590.35,733.0,61,0.456,1057103.68
72324.66,44691.66,2637.6,644.0,30,0.654,427401.01
58562.06,29870.63,2344.87,819.0,66,0.55,556373.7
86883.59,59853.66,5014.64,584.0,37,0.747,291984.87
65266.71,23197.44,3566.82,722.0,69,0.41,907634.08
65238.36,58714.52,3538.78,772.0,23,0.954,57909.19
32709.37,22190.27,1049.49,766.0,32,0.71,166007.22
65846.2,19582.62,5605.14,608.0,25,0.383,690360.73
85886.09,38102.99,1935.34,581.0,47,0.466,700862.05
39098.45,26290.27,3586.22,698.0,53,0.764,172387.88
95612.4,69457.78,15898.64,736.0,53,0.893,177626.38
57707.35,20726.42,7278.19,594.0,20,0.485,514686.57
37805.76,24836.64,883.5,704.0,44,0.68,212048.39
84940.8,21906.15,5176.92,563.0,47,0.319,1024168.02
52830.14,28348.64,5703.59,765.0,46,0.645,422282.96
78987.87,56619.06,4797.83,634.0,33,0.778,287041.86
52706.03,24628.09,6961.46,667.0,57,0.599,377951.19
58504.35,18953.16,3322.7,749.0,55,0.381,733814.41
72339.01,41373.01,6742.05,742.0,37,0.665,513851.48
67272.43,30897.7,3214.42,718.0,62,0.507,640451.2
15000.0,9666.51,1190.81,762.0,33,0.724,73409.49
31968.91,13337.46,1582.97,713.0,38,0.467,278151.52
83235.25,36132.79,3204.75,796.0,35,0.473,882256.97
56696.59,13995.53,6985.63,543.0,58,0.37,627767.44
46906.72,26994.43,176.2,675.0,48,0.579,375568.59
26035.65,13691.22,118.71,672.0,19,0.53,234938.96
33006.59,12269.95,484.39,662.0,41,0.386,316905.29
15000.0,8686.05,2189.52,720.0,23,0.725,72477.03
57467.98,40460.94,1452.95,697.0,63,0.729,281046.36
45039.06,23315.14,10109.82,746.0,34,0.742,225581.8
35835.3,21150.89,301.24,585.0,43,0.599,251087.19
58296.91,34453.28,419.22,850.0,64,0.598,490068.62
69099.27,25521.85,2649.13,649.0,69,0.408,584112.59
112329.95,96433.9,6611.84,703.0,54,0.917,148481.68
22202.91,10643.47,1719.83,664.0,19,0.557,177476.18
88984.53,57699.12,3219.09,686.0,43,0.685,519399.01
84327.54,56110.05,12957.14,637.0,61,0.819,264713.11
40522.68,21438.96,4707.17,696.0,54,0.645,274447.12
65080.9,41718.11,2828.73,726.0,18,0.684,409620.41
48559.17,28498.06,5434.04,488.0,19,0.699,205346.14
64642.21,21807.31,3345.8,654.0,50,0.389,582340.76
97728.28,48879.69,3142.43,651.0,28,0.532,780785.42
75140.16,34423.01,7636.99,850.0,47,0.56,713967.2
72715.21,34956.98,3048.17,749.0,51,0.523,676041.25
49242.27,17451.44,4223.25,800.0,44,0.44,525549.13
22898.58,16463.28,1162.16,725.0,60,0.77,110717.11
54788.29,43299.13,6444.61,687.0,51,0.908,111512.47
90165.2,62818.14,7267.61,709.0,24,0.777,398613.75
21820.8,16160.04,2026.26,770.0,56,0.833,80999.39
33622.77,16754.38,1880.67,820.0,56,0.554,253059.96
63156.69,28708.6,8310.72,704.0,19,0.586,488176.91
35383.63,15328.61,1200.15,630.0,47,0.467,313228.06
40186.91,25985.25,4160.93,754.0,65,0.75,204654.82
49410.04,28858.4,577.2,612.0,20,0.596,303194.21
25859.56,13923.22,2150.58,711.0,19,0.622,180673.83
35646.95,26531.04,2934.06,735.0,47,0.827,108991.28
77585.7,47384.78,12430.41,671.0,54,0.771,346476.51
27315.76,11587.38,2791.87,608.0,46,0.526,212133.66
20053.2,8981.1,391.35,644.0,52,0.467,159632.38
44249.38,28863.82,2654.47,655.0,55,0.712,237695.45
78298.89,55299.37,3117.99,596.0,39,0.746,369554.44
55076.95,34850.06,1600.97,649.0,54,0.662,301581.4
48385.47,40379.29,2725.9,564.0,35,0.891,94226.84
61108.97,48596.97,77.22,727.0,57,0.797,235293.97
16357.31,10078.65,2785.91,707.0,62,0.786,65158.6
72367.64,30699.29,5891.39,701.0,51,0.506,515183.33
69585.88,24598.74,1442.24,649.0,62,0.374,862691.77
49767.29,24480.17,1737.5,660.0,66,0.527,436474.71
85148.11,56451.67,4995.52,614.0,55,0.722,422256.96
31812.6,26213.49,903.14,720.0,47,0.852,91208.65
88197.72,54031.43,3162.4,571.0,19,0.648,534122.7
63862.34,46319.89,4367.72,687.0,37,0.794,275880.13
51586.19,26474.23,7048.81,629.0,61,0.65,351512.16
59503.16,38285.25,7149.42,821.0,33,0.764,266956.52
57318.38,38604.13,6080.66,722.0,21,0.78,300393.81
90507.07,22903.8,1858.35,680.0,65,0.274,1285034.69
33083.02,16143.99,1134.74,592.0,30,0.522,322276.21
40937.02,28347.05,3686.96,571.0,31,0.783,153027.75
85907.57,50786.0,2878.73,720.0,26,0.625,608020.56
45111.63,16714.88,3325.89,824.0,61,0.444,437273.21
82513.33,16502.67,6063.39,713.0,31,0.273,914756.96
102485.9,50744.14,3226.07,694.0,28,0.527,890500.39
49955.12,26938.91,1542.17,695.0,27,0.57,380329.57
77034.06,32154.91,1877.32,688.0,47,0.442,816224.3
31157.69,17805.46,493.52,696.0,24,0.587,219781.78
78868.33,49368.26,3162.67,625.0,23,0.666,493502.48
64985.6,42279.83,3546.73,602.0,34,0.705,359253.61
71825.96,14365.19,451.1,689.0,30,0.206,1221542.22
43860.7,15476.56,3341.63,799.0,64,0.429,607486.74
18472.91,9316.01,1028.03,742.0,21,0.56,165309.63
72581.3,46149.08,12653.45,581.0,43,0.81,280528.52
15000.0,9350.78,493.16,660.0,49,0.656,96340.78
52066.24,32321.7,3142.14,738.0,20,0.681,321913.7
83529.55,41137.24,4914.49,801.0,28,0.551,663373.61
64797.44,32454.12,8018.18,823.0,37,0.625,488628.91
108708.57,47913.37,6353.59,663.0,69,0.499,945609.81
85627.73,56962.06,3453.69,746.0,46,0.706,432607.48
43652.54,17981.65,5605.54,700.0,19,0.54,311987.05
60682.83,41112.95,10610.62,670.0,60,0.852,161205.54
58815.73,34182.41,8859.09,685.0,21,0.732,255602.18
20445.58,11106.93,188.41,686.0,49,0.552,164348.54
36490.03,16475.01,4127.21,774.0,66,0.565,331278.46
45980.98,15940.17,538.38,568.0,66,0.358,450752.72
15000.0,6792.78,1934.62,717.0,38,0.582,102310.38
61187.34,30624.2,9034.17,803.0,34,0.648,366929.54
53773.2,10754.64,3743.16,795.0,62,0.27,716480.7
18177.65,9459.59,377.79,726.0,30,0.541,146241.73
70105.32,48278.28,8238.08,619.0,49,0.806,205129.58
77896.82,49470.92,1082.24,742.0,68,0.649,566001.54
65675.86,31233.41,1101.79,786.0,20,0.492,685089.93
51898.3,28909.45,7354.33,639.0,59,0.699,233765.41
74786.05,34893.33,1371.93,709.0,65,0.485,637174.21
77005.51,44071.34,14211.95,664.0,69,0.757,364402.53
67685.09,52863.15,8417.72,631.0,48,0.905,97655.79
39384.69,27383.19,1738.19,655.0,48,0.739,165590.63
66915.02,42030.6,876.82,690.0,18,0.641,429515.08
89887.02,42792.27,1662.45,607.0,45,0.495,723840.89
45084.27,29867.91,5816.69,593.0,40,0.792,194217.93
112448.48,33393.65,23988.47,609.0,69,0.51,994365.86
46859.23,23998.81,1831.83,706.0,22,0.551,399004.51
60810.18,38769.94,9517.03,563.0,18,0.794,208281.81
43187.86,28549.9,3748.42,503.0,33,0.748,188989.93
65581.77,42659.81,4492.52,790.0,28,0.719,369391.76
16444.46,9771.7,1438.92,599.0,53,0.682,85379.5
46348.96,24131.18,3971.25,664.0,54,0.606,273884.3
32696.97,20621.86,803.76,754.0,33,0.655,201132.29
63383.46,25801.56,5143.45,565.0,29,0.488,524633.14
84861.18,35921.6,8097.13,565.0,47,0.519,716130.64
76150.15,42587.75,2224.42,629.0,61,0.588,600397.27
15000.0,8639.69,2231.65,757.0,21,0.725,78819.1
111051.74,30667.8,7327.47,678.0,66,0.342,1335497.52
67382.0,41660.4,534.88,679.0,58,0.626,402181.98
40587.52,27027.61,785.49,656.0,55,0.685,208549.84
63928.2,34419.4,1197.17,725.0,25,0.557,433670.39
64404.75,57964.27,2403.03,795.0,25,0.937,74089.65
43328.78,19392.22,5271.0,850.0,38,0.569,389967.17
64947.92,32203.58,6277.08,668.0,57,0.592,507848.5
44813.19,21991.62,417.42,802.0,25,0.5,410472.03
49890.95,26869.86,988.55,760.0,46,0.558,466374.19
42843.02,21451.13,8953.0,701.0,32,0.71,262658.33
24183.22,8197.59,125.86,503.0,31,0.344,275427.61
63645.91,29787.42,4895.38,650.0,55,0.545,576202.73
74632.49,39955.02,396.69,653.0,27,0.541,554535.1
72872.09,53508.94,1459.53,709.0,44,0.754,283545.79
80498.13,70865.44,12572.36,664.0,57,1.037,0.0
68108.51,51103.25,4116.0,635.0,44,0.811,258092.81
46681.86,20245.6,226.15,842.0,59,0.439,615787.66
80991.6,36092.17,1942.36,785.0,57,0.47,695252.36
26062.06,13711.27,365.75,518.0,52,0.54,194720.76
37483.22,30649.42,4994.36,658.0,53,0.951,29155.71
35895.0,18851.56,1385.27,730.0,28,0.564,288678.5
87001.4,30526.52,5604.03,786.0,30,0.415,1073627.38
83569.71,39680.86,5190.38,646.0,52,0.537,711989.89
72182.63,47897.39,9972.41,663.0,38,0.802,219047.84
86798.25,56721.88,9843.68,688.0,54,0.767,362214.77
38017.93,19768.09,5866.48,733.0,61,0.674,220548.64
68714.88,44837.3,1496.14,557.0,29,0.674,406789.87
56870.64,11887.34,780.67,519.0,67,0.223,662655.2
81172.05,45908.83,3897.62,780.0,42,0.614,617646.4
57119.39,38789.94,9636.6,601.0,45,0.848,144530.94
50376.43,21413.53,6516.68,850.0,61,0.554,534754.26
73522.71,31214.01,6893.03,611.0,35,0.518,655284.65
81904.23,22116.83,5595.86,665.0,27,0.338,961727.56
43291.37,34134.57,1208.01,709.0,56,0.816,141712.04
58473.11,25843.76,5071.16,509.0,20,0.529,442209.37
33538.98,19659.09,108.38,850.0,22,0.589,339646.27
15000.0,9608.81,1913.26,648.0,29,0.768,65402.01
65011.49,50501.59,6073.26,613.0,31,0.87,150746.28
75222.63,39635.96,3306.69,587.0,62,0.571,586713.99
66551.67,31218.43,5646.99,709.0,58,0.554,580982.18
15000.0,8639.4,573.05,703.0,49,0.614,113780.63
51228.76,38043.1,1600.53,589.0,59,0.774,210913.96
15000.0,7867.11,1733.1,570.0,50,0.64,81837.62
94242.53,38335.0,9747.1,764.0,23,0.51,770612.4
32848.64,10474.98,446.06,628.0,47,0.332,410606.59
91385.09,33520.54,4145.14,542.0,23,0.412,916790.44
83646.74,56851.24,5024.67,668.0,48,0.74,370617.59
37485.24,18814.08,3822.61,648.0,19,0.604,245556.64
31680.38,14537.23,1195.29,836.0,43,0.497,336342.53
68759.26,30433.18,7014.88,638.0,65,0.545,580284.39
38891.9,21886.68,6579.78,655.0,49,0.732,158146.2
62562.12,32162.04,1111.38,698.0,22,0.532,540280.23
47929.31,24397.47,4648.07,634.0,63,0.606,327932.46
15471.04,11640.39,308.81,715.0,65,0.772,63703.81
15000.0,11710.54,1483.25,599.0,58,0.88,27609.82
65667.11,20258.09,1840.77,661.0,60,0.337,726467.58
45961.06,27537.06,4857.02,713.0,33,0.705,243677.33
46172.75,20014.54,1733.67,771.0,69,0.471,383057.94
77396.6,39686.06,2136.15,633.0,29,0.54,691126.12
89336.06,53279.29,6001.0,632.0,32,0.664,524106.16
53186.38,27555.44,1616.27,803.0,38,0.548,444851.27
51485.03,30096.55,463.5,636.0,54,0.594,331005.42
72503.58,47195.88,1214.8,675.0,38,0.668,446714.11
26076.61,15494.37,464.25,817.0,42,0.612,166793.38
65578.83,29705.54,8590.1,685.0,34,0.584,532922.43
73797.15,33623.46,5319.53,660.0,25,0.528,674576.7
77005.76,25723.33,10823.36,666.0,47,0.475,679502.83
15000.0,6328.68,449.94,621.0,50,0.452,110741.37
40966.12,34588.11,1521.61,716.0,19,0.881,84870.9
38043.42,16404.3,6024.64,606.0,50,0.59,260873.26
62497.17,23186.03,1252.29,742.0,69,0.391,710587.21
72018.61,43066.35,4187.79,681.0,45,0.656,530118.28
97417.76,51967.04,11019.47,699.0,43,0.647,654204.02
47625.86,24796.93,6101.07,818.0,58,0.649,388377.65
47560.69,36210.66,1118.14,564.0,18,0.785,184722.94
88741.8,56117.56,7422.19,682.0,52,0.716,476028.89
67414.42,31718.56,1710.07,731.0,65,0.496,646147.95
91691.29,44592.1,18289.28,631.0,60,0.686,405941.14
67218.2,31902.57,2067.45,756.0,56,0.505,503559.16
31072.08,21166.64,1870.93,636.0,37,0.741,152207.52
26671.79,13436.66,759.79,703.0,30,0.532,228213.36
21212.19,5961.2,2682.05,670.0,48,0.407,250043.47
76551.3,41548.37,9027.49,693.0,55,0.661,401067.85
89714.92,28659.08,9341.15,686.0,40,0.424,972635.15
106234.05,93234.68,2154.9,677.0,29,0.898,205510.13
81077.63,32848.59,8625.21,642.0,23,0.512,655785.51
89070.96,46826.41,1323.77,627.0,41,0.541,639692.92
45499.59,26786.99,490.23,705.0,51,0.6,301401.83
31089.6,15753.14,2139.5,684.0,50,0.576,223221.52
81251.98,41153.76,7010.52,625.0,24,0.593,549392.19
70442.02,43200.27,11049.4,707.0,68,0.77,280863.46
62686.11,48828.24,317.76,643.0,31,0.784,247077.75
69684.29,46348.86,999.31,804.0,53,0.679,432858.94
68079.64,52542.3,2616.1,850.0,33,0.81,228728.33
92095.42,36194.16,3144.77,791.0,63,0.427,1085710.87
92374.64,55203.49,12882.73,787.0,40,0.737,416510.42
73605.51,42197.07,5032.27,745.0,35,0.642,482253.77
81145.07,48903.19,6244.45,663.0,46,0.68,418517.88
72851.56,55107.46,9734.41,528.0,24,0.89,121432.31
48470.76,25053.64,5465.91,598.0,21,0.63,292085.33
78914.12,38602.77,5571.93,626.0,42,0.56,579386.7
25137.62,15839.14,2222.84,777.0,50,0.719,133581.75
86347.29,24459.56,8251.07,700.0,68,0.379,982749.59
30136.93,15504.61,5.41,627.0,41,0.515,282525.28
67145.08,35578.19,5711.64,532.0,40,0.615,378706.88
38871.15,16012.82,3585.38,850.0,67,0.504,277248.41
73834.72,52316.25,9266.37,723.0,38,0.834,203967.07
59151.87,23108.5,6745.75,753.0,56,0.505,618021.75
20131.1,10661.81,694.31,637.0,38,0.564,164492.54
70517.49,41885.53,2134.16,669.0,65,0.624,438908.45
45551.98,34301.45,463.49,652.0,44,0.763,184896.53
82028.67,44985.88,1680.09,685.0,34,0.569,514588.47
60033.14,41448.26,5514.54,828.0,43,0.782,237972.74
69885.52,45781.26,3344.86,584.0,36,0.703,324059.35
36060.78,20501.22,3573.18,677.0,50,0.668,233282.34
45266.69,17498.88,709.26,709.0,65,0.402,491551.71
48534.03,16249.82,1955.48,671.0,69,0.375,486852.62
81417.56,46080.37,2648.22,760.0,24,0.599,536237.48
101934.43,47766.01,5976.04,541.0,48,0.527,858437.53
39870.71,27426.63,5153.43,831.0,56,0.817,143522.35
86921.2,57531.27,10654.36,570.0,32,0.784,283881.56
15000.0,7834.63,318.8,590.0,19,0.544,127931.26
30145.26,11344.96,4398.95,644.0,62,0.522,273555.68
36030.54,22577.11,1697.91,628.0,19,0.674,195234.01
26187.28,10404.41,2620.02,714.0,34,0.497,214491.51
20410.29,8903.59,1135.91,705.0,51,0.492,218945.96
70324.97,28347.13,1105.14,689.0,64,0.419,791340.91
54648.31,28921.24,3589.39,567.0,63,0.595,365071.16
69485.13,50413.47,8312.67,669.0,42,0.845,169549.69
77261.82,42435.58,7925.12,682.0,65,0.652,509097.8
66640.42,32221.79,9370.39,779.0,28,0.624,433756.47
76444.08,24550.61,4181.41,696.0,61,0.376,927754.01
58261.69,36869.09,11370.16,711.0,26,0.828,194750.32
30325.17,13128.96,1150.93,837.0,24,0.471,298742.04
86445.35,49068.77,5048.32,587.0,28,0.626,577076.89
45272.2,22494.27,1392.15,649.0,68,0.528,361012.21
36610.09,24738.41,780.09,589.0,21,0.697,207631.22
55552.05,29243.41,5064.17,809.0,54,0.618,397907.82
37179.73,20120.22,3005.49,814.0,43,0.622,297044.9
49564.24,30871.69,2942.08,802.0,51,0.682,389230.65
68601.35,59411.58,10903.51,724.0,33,1.025,0.0
68708.54,46946.28,4671.57,710.0,58,0.751,272534.48
37554.25,20155.71,971.01,643.0,64,0.563,292264.3
47807.37,26316.98,6319.61,742.0,47,0.683,300755.88
86858.33,40933.82,13812.72,577.0,63,0.63,494321.23
72410.0,29507.12,4505.58,577.0,33,0.47,640873.18
111876.63,52256.16,16123.38,646.0,23,0.611,708835.51
89503.2,38860.29,10636.52,831.0,50,0.553,675855.6
88607.33,57418.01,1857.28,639.0,67,0.669,529679.52
25303.29,9851.09,4257.56,650.0,32,0.558,198462.41
79096.51,59320.92,5436.27,703.0,37,0.819,235405.75
58672.33,38888.43,5371.72,752.0,29,0.754,249736.01
46225.45,25566.16,7889.78,780.0,41,0.724,237608.02
64200.38,35313.28,7737.3,590.0,57,0.671,355290.48
83630.29,39005.82,4064.24,672.0,49,0.515,625069.07
72520.79,42824.44,3856.09,698.0,58,0.644,441435.34
38038.15,27129.34,3077.76,706.0,50,0.794,160592.48
78561.47,34922.66,4979.11,749.0,65,0.508,776354.52
44060.31,14098.91,2464.36,746.0,63,0.376,501942.18
65417.08,42879.77,2288.9,682.0,29,0.69,407567.1
52416.25,31379.24,2887.2,772.0,32,0.654,342320.99
54528.34,20828.2,1186.08,758.0,25,0.404,596548.59
79156.07,34827.98,21266.32,751.0,21,0.709,448883.39
33995.16,14316.53,813.02,638.0,44,0.445,338272.6
108629.88,47940.55,10901.97,737.0,54,0.542,1064428.12
15000.0,7521.71,442.86,776.0,31,0.531,121298.06
45058.31,22980.54,647.08,639.0,56,0.524,403941.29
69255.3,31329.78,4328.51,691.0,32,0.515,597015.88
74607.85,32549.57,8181.37,805.0,36,0.546,578411.07
57488.11,29645.6,1025.16,712.0,31,0.534,512628.11
58565.23,33684.01,2057.43,673.0,24,0.61,393681.23
70263.75,35311.44,727.27,797.0,23,0.513,755884.48
54223.26,39246.8,7212.26,642.0,51,0.857,125657.2
94829.53,59383.5,14569.79,544.0,41,0.78,322076.79
80983.73,25216.16,4144.06,618.0,42,0.363,906208.8
81820.61,51429.09,8028.89,771.0,58,0.727,354957.99
35846.08,22971.3,1061.52,722.0,42,0.67,242192.55
58015.29,28125.22,4759.29,685.0,67,0.567,508530.75
52488.35,17096.52,3278.93,765.0,64,0.388,657273.86
34859.97,19215.16,4103.13,693.0,32,0.669,213804.55
69004.1,37872.47,4558.95,662.0,59,0.615,505008.79
46558.86,17773.99,343.1,747.0,20,0.389,552722.5
76385.1,25384.07,7650.19,649.0,53,0.432,835549.39
33245.21,17848.26,4166.93,719.0,19,0.662,245960.29
102976.02,53036.6,8967.17,616.0,39,0.602,702986.74
37591.68,18322.57,2332.07,596.0,45,0.549,281867.01
65482.56,35196.11,3587.7,611.0,49,0.592,452858.5
79796.48,30688.41,5834.93,678.0,56,0.458,689733.68
45733.99,22170.78,6661.6,628.0,42,0.63,298676.01
81311.72,51226.28,2332.87,630.0,18,0.659,407985.21
29270.41,14562.16,426.68,668.0,61,0.512,287770.47
96302.94,28814.24,11301.17,674.0,40,0.417,1146077.93
60353.73,28915.24,12132.29,556.0,22,0.68,293230.12
45089.71,17561.37,722.97,478.0,65,0.406,374954.83
52520.46,30990.77,1849.43,712.0,52,0.625,396910.93
80222.98,47959.35,9085.86,691.0,28,0.711,358510.32
45388.62,13670.32,7355.99,570.0,32,0.463,371845.65
41266.06,27394.55,4165.21,715.0,22,0.765,161031.4
54461.59,20868.16,2093.16,715.0,55,0.422,605890.09
30575.95,23967.79,1582.68,656.0,21,0.836,93030.6
105513.6,57260.49,14596.15,837.0,61,0.681,688471.48
45840.14,16641.85,614.63,782.0,27,0.376,544822.65
80790.42,30595.5,3697.22,648.0,26,0.424,874134.94
65236.75,39286.5,4797.73,650.0,50,0.676,375033.66
35386.65,17385.64,5191.6,563.0,59,0.638,245176.05
59851.13,32050.4,1837.67,778.0,23,0.566,548432.22
79600.07,63036.65,11197.02,700.0,63,0.933,90252.79
55293.47,24611.86,1452.13,746.0,44,0.471,529755.67
89827.82,50213.25,13734.27,509.0,60,0.712,403556.37
85537.88,65263.41,10087.84,742.0,45,0.881,172479.78
82972.87,49001.87,3405.35,639.0,63,0.632,593801.97
48508.58,14989.62,623.53,727.0,60,0.322,659227.88
33003.94,20654.14,275.65,722.0,51,0.634,217216.81
44660.31,16772.16,1479.72,678.0,46,0.409,496899.08
64906.02,49394.86,447.68,624.0,49,0.768,249332.37
73644.67,31414.6,4796.15,712.0,39,0.492,753709.16
15000.0,13500.0,2014.98,613.0,32,1.034,0.0
59797.17,46050.18,425.85,764.0,44,0.777,202713.47
63952.23,27531.95,3004.05,622.0,27,0.477,503856.04
53061.39,29343.06,2469.86,682.0,42,0.6,432170.01
92281.85,61187.17,7037.91,620.0,28,0.739,408603.34
70544.5,47091.92,2480.89,693.0,25,0.703,395305.15
92754.8,57169.46,6205.9,597.0,38,0.683,491874.46
54600.99,40285.91,1553.75,615.0,25,0.766,188180.11
83436.94,44351.29,16387.68,850.0,54,0.728,406066.1
100876.66,49933.17,5138.35,748.0,41,0.546,956771.96
92792.34,46207.84,10545.3,710.0,63,0.612,731338.8
32696.46,22192.92,1174.67,721.0,65,0.715,148966.11
53658.1,32451.19,1299.1,704.0,40,0.629,408783.52
51370.88,30498.51,10657.36,673.0,41,0.801,174042.47
72231.36,48343.38,3937.26,741.0,30,0.724,382165.78
77158.84,18698.84,9384.99,614.0,56,0.364,845579.44
39027.68,23280.42,4130.2,808.0,22,0.702,242568.62
61695.96,35955.5,3468.7,690.0,32,0.639,438619.84
15000.0,12004.82,222.68,744.0,41,0.815,50272.77
96048.63,30803.93,6630.65,806.0,28,0.39,1275513.45
47190.64,36977.55,2866.61,719.0,34,0.844,155194.58
61396.6,34462.61,543.39,615.0,25,0.57,473418.47
52258.76,32575.41,494.44,778.0,59,0.633,331495.4
88650.69,71043.58,12800.66,816.0,41,0.946,99295.13
15000.0,9511.71,491.69,524.0,55,0.667,76922.21
59584.74,36349.98,2716.34,672.0,44,0.656,356770.28
57354.53,33629.47,5936.95,703.0,59,0.69,297170.96
48659.09,23233.66,4726.72,659.0,68,0.575,422013.16
103155.66,56294.79,4405.1,580.0,24,0.588,710951.52
37816.76,16740.46,2436.83,609.0,69,0.507,365206.15
79294.9,43082.11,7180.43,532.0,41,0.634,508176.88
68906.32,13781.26,4969.83,756.0,44,0.272,880923.7
91537.98,56236.9,2056.45,790.0,54,0.637,597785.22
43320.27,23035.1,438.04,789.0,62,0.542,379853.48
41675.78,20819.94,1514.8,678.0,20,0.536,348913.93
87401.75,50952.05,7271.54,702.0,39,0.666,514335.03
70633.03,23659.62,3151.21,766.0,65,0.38,932797.72
21376.57,17943.29,2528.55,661.0,55,0.958,16348.54
46517.37,24867.49,5391.04,604.0,39,0.65,287424.2
69659.57,36788.84,3307.86,634.0,57,0.576,463892.92
80944.11,32797.79,1619.56,694.0,65,0.425,699544.63
43019.23,23815.1,4132.91,623.0,66,0.65,285759.33
15000.0,11370.66,2302.86,718.0,46,0.912,22219.06
73080.58,51550.12,5647.26,572.0,27,0.783,259581.21
29491.98,20000.45,1371.16,661.0,34,0.725,144170.8
15000.0,9479.4,1668.32,712.0,59,0.743,72343.77
15000.0,7443.28,406.59,691.0,24,0.523,124187.16
80349.52,26714.25,2958.7,621.0,60,0.369,809559.13
63215.44,32862.18,2416.27,739.0,52,0.558,499369.64
54358.59,27973.98,3146.71,701.0,57,0.573,353870.97
94725.61,67001.24,2860.32,513.0,20,0.738,416617.44
75933.12,45287.16,2742.69,716.0,30,0.633,545713.58
100407.5,79507.35,14558.86,646.0,23,0.937,117052.1
25181.61,18373.09,1193.43,638.0,34,0.777,100007.74
59136.23,28475.61,615.55,614.0,19,0.492,576743.86
19582.17,5497.31,1411.86,600.0,56,0.353,243155.84
54265.44,41124.32,3381.73,697.0,55,0.82,197521.41
53784.6,40548.63,2084.5,724.0,50,0.793,206928.71
75665.34,26109.71,2997.07,692.0,59,0.385,839993.7
61139.1,47467.54,3584.95,756.0,40,0.835,193621.95
75585.18,45904.21,4923.73,727.0,69,0.672,432577.35
77586.0,44542.34,11432.45,519.0,50,0.721,355726.0
113873.22,90212.35,2266.29,607.0,42,0.812,371050.2
52117.58,39176.93,3929.93,775.0,31,0.827,189348.98
36474.43,23624.48,3714.83,578.0,52,0.75,175622.41
66152.09,41079.29,36.17,461.0,47,0.622,397427.01
39943.0,25661.75,2290.49,827.0,26,0.7,255194.16
97049.02,47553.18,14819.05,704.0,47,0.643,638595.9
52919.55,28668.36,1815.41,625.0,24,0.576,422074.13
45860.59,19016.21,3277.23,612.0,25,0.486,442643.43
48217.11,24110.68,238.65,730.0,24,0.505,510809.74
77960.44,38590.8,1011.84,718.0,59,0.508,577126.88
56056.33,25489.05,2524.11,706.0,44,0.5,547602.41
43958.33,25078.75,5030.45,665.0,42,0.685,242107.12
101633.8,50959.48,2592.2,578.0,64,0.527,850414.86
38595.75,24135.28,1474.94,677.0,68,0.664,246869.59
60889.15,18671.77,8084.42,765.0,41,0.439,602935.98
76307.65,40671.73,2802.72,637.0,45,0.57,481617.16
19216.62,10948.34,42.61,728.0,51,0.572,159194.8
72006.51,36248.48,122.6,648.0,69,0.505,607555.38
33622.31,17622.83,430.55,744.0,27,0.537,314980.42
80569.57,25154.87,687.09,602.0,53,0.321,924648.64
35933.72,21684.98,2974.53,681.0,32,0.686,219767.19
77319.23,50036.43,1969.74,717.0,55,0.673,486352.68
87645.83,54693.68,12416.41,626.0,20,0.766,308168.35
81535.91,57548.79,3507.18,709.0,29,0.749,379307.98
66282.92,38459.3,3335.33,678.0,50,0.631,443699.12
54217.48,33712.54,281.61,676.0,43,0.627,354193.17
45589.51,26141.65,1600.64,626.0,58,0.609,329311.81
96775.87,63207.47,3256.66,760.0,58,0.687,528781.65
42512.62,13324.12,5097.71,604.0,23,0.433,478794.54
34073.35,14173.25,5577.94,702.0,20,0.58,227498.45
76634.22,60390.45,1936.76,612.0,44,0.813,212910.28
40096.58,8019.32,2076.26,675.0,58,0.252,574343.48
36248.41,19174.44,1851.57,731.0,31,0.58,347339.23
23909.89,17354.79,5341.9,657.0,66,0.949,20324.26
47927.25,25689.53,1876.06,434.0,66,0.575,322181.8
57932.12,28343.2,9628.83,572.0,67,0.655,372340.29
66077.29,37625.29,380.92,507.0,28,0.575,439914.25
83782.66,41642.66,4407.06,685.0,69,0.55,651323.13
73172.45,40583.45,4211.58,680.0,68,0.612,581161.98
55228.19,24714.22,3319.91,652.0,34,0.508,500583.41
55045.11,39428.87,3543.05,630.0,63,0.781,223367.2
72753.94,55546.88,9851.21,698.0,65,0.899,118049.74
91814.25,48660.77,2711.42,564.0,69,0.56,706532.52
63157.85,21601.67,1897.57,756.0,33,0.372,829401.46
48271.73,22756.43,2121.42,686.0,60,0.515,447082.59
35178.35,18377.23,4138.6,604.0,18,0.64,229575.44
23869.87,14938.5,1532.48,647.0,65,0.69,152513.56
76656.74,30570.56,9515.47,669.0,23,0.523,696135.48
74449.46,32357.65,2150.81,570.0,32,0.464,750533.34
74434.09,46640.51,7192.2,734.0,50,0.723,418289.59
56783.51,39228.11,5805.29,757.0,24,0.793,211810.88
95173.37,43471.47,6783.28,689.0,25,0.528,841471.07
47897.04,16764.8,2945.57,755.0,59,0.412,568690.1
83881.73,75493.56,9492.15,850.0,47,1.013,0.0
59031.43,39403.22,2106.93,530.0,24,0.703,291080.8
44791.23,22841.26,4171.58,684.0,57,0.603,362690.05
74813.26,50899.55,7753.24,573.0,62,0.784,246943.05
70240.9,37321.2,4618.77,805.0,31,0.597,495865.87
68924.32,46873.61,8410.22,700.0,20,0.802,259434.04
62031.96,35600.7,3683.92,624.0,43,0.633,351694.25
59052.67,33287.45,2712.16,659.0,61,0.61,459242.22
119709.3,63800.59,5703.32,787.0,51,0.581,926624.65
89606.42,29829.33,3474.93,716.0,47,0.372,1117737.16
78070.67,65635.13,6692.72,726.0,47,0.926,97679.56
62794.98,25668.7,11796.77,799.0,46,0.597,596946.82
85178.93,29471.61,11166.58,756.0,54,0.477,1037742.32
72949.87,37793.21,7089.62,770.0,61,0.615,601228.94
60655.12,24612.59,7732.36,670.0,42,0.533,475428.72
52410.89,28419.44,6031.4,500.0,21,0.657,284235.36
57977.07,37868.57,3138.1,688.0,18,0.707,248469.59
15000.0,10489.43,1244.13,627.0,25,0.782,64615.96
65265.02,43871.77,6812.42,743.0,69,0.777,279143.17
47788.1,24092.62,1854.99,538.0,19,0.543,355243.37
99816.75,55641.73,3251.37,746.0,34,0.59,705951.12
60483.6,36966.48,6078.1,695.0,58,0.712,351240.15
30275.91,8668.96,1632.73,708.0,69,0.34,389336.82
58753.0,37342.68,2861.91,730.0,60,0.684,349456.32
33846.97,11217.06,975.29,678.0,66,0.36,409267.69
71835.19,61494.65,442.69,653.0,40,0.862,210466.03
67273.68,32918.54,539.92,771.0,38,0.497,592072.24
83945.99,43842.37,5447.87,727.0,46,0.587,567452.0
40227.96,17480.81,2146.89,735.0,22,0.488,357494.93
60850.2,27717.54,498.65,673.0,49,0.464,660474.26
25874.46,23057.09,1697.77,689.0,38,0.957,21011.17
77537.37,53582.62,6901.25,679.0,26,0.78,285434.08
72971.78,23177.27,5270.23,540.0,24,0.39,770412.41
72395.13,56151.97,3710.3,570.0,35,0.827,200016.45
60040.48,43768.69,4009.72,670.0,32,0.796,224908.66
70369.32,35734.82,9566.8,530.0,42,0.644,428147.96
100108.48,59665.11,8615.43,671.0,65,0.682,539243.08
52872.64,28961.43,2885.05,608.0,33,0.602,297198.45
63466.13,53685.17,2996.45,674.0,37,0.893,125583.46
32846.84,14142.42,2980.56,694.0,62,0.521,282401.37
38293.48,21900.1,4858.04,531.0,54,0.699,176648.29
62445.33,30334.58,2902.2,706.0,51,0.532,552715.79
87598.34,29349.29,18038.1,644.0,68,0.541,756367.34
53592.98,47094.6,826.29,494.0,22,0.894,70395.18
54102.09,20167.37,1500.22,643.0,50,0.4,580113.03
49827.87,29050.61,3439.49,710.0,18,0.652,317330.38
46631.08,13471.48,916.25,648.0,65,0.309,550914.3
67374.29,33022.79,13766.97,643.0,66,0.694,387880.42
22568.56,13841.19,549.15,692.0,24,0.638,121696.91
92023.49,39228.68,13157.39,642.0,59,0.569,494613.25
43364.44,27667.39,2160.57,659.0,21,0.688,203046.26
78047.59,39776.47,3980.42,574.0,21,0.561,618666.35
28250.04,20453.38,3006.55,639.0,62,0.83,80449.28
76721.0,57867.9,6222.37,831.0,30,0.835,246354.76
76798.62,35480.06,2201.56,694.0,52,0.491,838901.97
69605.05,39083.93,4711.93,702.0,60,0.629,495794.11
35139.29,20293.58,502.27,629.0,35,0.592,276866.99
66238.7,42585.02,2967.22,648.0,69,0.688,364950.71
30423.6,16798.61,5788.11,662.0,60,0.742,110185.98
53680.92,31056.11,6691.88,750.0,67,0.703,296004.66
85735.33,44024.15,9535.15,776.0,63,0.625,570160.14
79917.55,45336.1,4961.69,644.0,28,0.629,482084.48
60379.57,44964.13,1893.33,678.0,30,0.776,254682.26
35629.84,23049.39,496.48,661.0,60,0.661,168584.09
76139.69,49885.84,5045.48,741.0,48,0.721,372796.85
60484.53,39826.68,5198.08,717.0,56,0.744,274987.8
15000.0,7903.93,600.99,673.0,59,0.567,124868.51
79565.75,47566.32,5053.79,761.0,23,0.661,622999.3
59394.18,22998.85,3719.73,721.0,55,0.45,481327.63
90061.28,66674.27,8566.96,618.0,67,0.835,260286.04
32618.24,6523.65,1347.84,681.0,28,0.241,433852.53
15000.0,8053.92,554.65,666.0,38,0.574,117732.52
66977.1,48299.49,4988.22,601.0,43,0.796,296625.53
67289.09,23242.99,6139.46,662.0,32,0.437,584094.53
17733.21,10816.67,2565.48,771.0,41,0.755,78784.53
35537.51,15916.72,2635.4,768.0,35,0.522,368133.87
128880.44,63754.51,8996.76,753.0,25,0.564,1116313.83
52359.73,36227.24,1029.82,742.0,58,0.712,308366.62
78273.97,45376.09,5503.35,697.0,52,0.65,481079.75
43733.5,10708.0,969.47,632.0,45,0.267,617443.65
15000.0,6053.04,605.87,725.0,46,0.444,169967.43
55743.54,38814.25,3540.83,548.0,64,0.76,229200.77
53359.89,32941.27,10253.2,626.0,69,0.809,212954.74
50003.04,40613.49,5134.33,768.0,63,0.915,84061.14
57133.98,45844.14,2018.12,641.0,19,0.838,170753.95
66606.71,33214.32,6914.86,731.0,35,0.602,475212.23
56247.08,50622.37,959.68,651.0,18,0.917,86651.5
28399.85,15724.2,2542.85,724.0,19,0.643,194875.48
72154.62,29265.89,3641.34,557.0,62,0.456,696748.41
15000.0,6824.31,715.27,782.0,62,0.503,150109.63
15000.0,3172.37,378.93,591.0,31,0.237,202817.4
78479.51,62081.44,12700.09,571.0,45,0.953,59572.98
72675.51,57356.55,2374.22,777.0,61,0.822,267399.88
58565.12,23289.82,4747.85,680.0,38,0.479,564100.14
25113.79,12954.13,1619.9,656.0,37,0.58,181999.86
42302.23,23872.89,1528.83,805.0,51,0.6,306635.76
53431.33,21690.29,3134.37,738.0,51,0.465,584854.96
20102.65,5764.13,1664.95,644.0,63,0.37,243082.16
41524.28,21528.11,3710.98,669.0,56,0.608,290009.47
76308.26,38294.39,4484.93,766.0,21,0.561,561558.56
95682.63,47050.82,3725.49,603.0,60,0.531,887862.2
49514.13,28886.91,112.38,795.0,45,0.586,454527.41
78912.21,60322.7,5191.07,645.0,56,0.83,294079.5
15000.0,7568.04,813.39,610.0,18,0.559,92979.83
76486.28,44022.94,3244.45,767.0,62,0.618,545918.29
39901.29,26296.17,2345.2,739.0,25,0.718,196813.88
67683.64,42851.96,4247.59,538.0,33,0.696,277393.59
53806.19,24634.44,4341.71,671.0,68,0.539,450612.06
93010.35,52500.3,6142.06,592.0,65,0.63,601086.91
38139.11,24108.91,1016.36,744.0,62,0.659,244541.59
75690.16,28818.82,3752.93,818.0,48,0.43,716877.45
53012.31,39204.24,614.0,723.0,24,0.751,261552.13
56042.36,42857.74,87.84,619.0,68,0.766,200827.8
55403.65,24465.31,3818.25,751.0,22,0.51,569770.71
38858.17,22500.84,4516.49,676.0,19,0.695,235570.06
59647.53,38552.69,2058.86,674.0,58,0.681,357579.0
58433.79,27356.24,2088.91,641.0,65,0.504,491441.18
66031.01,41087.27,2185.1,688.0,21,0.655,421324.41
62112.63,35682.98,1172.76,674.0,27,0.593,428567.75
79949.86,26368.45,1662.12,488.0,52,0.351,871542.53
83087.72,51420.84,1158.3,682.0,18,0.633,632782.27
33734.42,12987.03,1099.01,669.0,56,0.418,399863.69
81719.31,56458.27,4481.52,708.0,20,0.746,385220.7
30341.59,13633.03,1444.98,519.0,60,0.497,281817.4
74696.4,39275.9,1140.05,721.0,62,0.541,660980.82
75493.47,57061.12,8985.06,682.0,43,0.875,131740.16
15000.0,9366.86,1005.92,720.0,34,0.692,97437.73
62324.48,24186.82,4035.06,550.0,59,0.453,574846.89
48287.6,19207.0,1580.68,581.0,25,0.43,487488.93
41030.87,18878.49,9373.18,530.0,47,0.689,200148.71
93771.31,57125.16,17287.31,692.0,25,0.794,401579.23
43658.02,26358.31,1676.25,652.0,46,0.642,257707.26
39840.58,16873.86,10618.77,668.0,68,0.69,250138.01
61892.37,23204.6,939.27,569.0,68,0.39,571233.94
77139.74,45685.05,463.54,583.0,35,0.598,539746.85
56458.79,29512.19,4667.37,480.0,41,0.605,398094.58
89159.26,77887.96,4781.01,572.0,26,0.927,125454.84
73274.39,40703.23,2878.77,628.0,37,0.595,564398.33
15000.0,12332.07,1305.96,632.0,69,0.909,26590.57
46763.33,17510.17,657.59,675.0,61,0.389,564935.68
45953.95,14430.37,7031.54,741.0,30,0.467,443566.81
71984.02,27496.98,4200.49,625.0,54,0.44,740474.97
15000.0,10925.54,169.52,719.0,36,0.74,74818.43
123725.24,100640.0,2029.99,742.0,22,0.83,441776.5
73275.65,31704.4,7038.85,772.0,53,0.529,743006.05
63721.92,30644.83,10305.09,719.0,41,0.643,426628.39
89539.19,33546.12,23376.71,686.0,69,0.636,588715.5
118591.35,32998.52,4811.07,594.0,51,0.319,1525557.47
81768.67,53784.3,2828.21,702.0,64,0.692,454858.01
83720.33,48846.88,17322.53,650.0,25,0.79,347704.34
63267.25,34896.52,949.21,790.0,63,0.567,542351.68
56461.86,19196.55,5226.39,687.0,21,0.433,552469.85
48105.11,38291.36,3032.22,667.0,61,0.859,117363.02
39347.2,18670.11,491.53,793.0,55,0.487,282670.72
42824.65,26981.41,142.96,641.0,25,0.633,275806.56
26236.1,8705.55,2002.59,680.0,26,0.408,299767.97
58103.21,30296.25,2188.24,841.0,58,0.559,646989.6
17883.31,10617.43,905.64,701.0,65,0.644,109862.61
64772.91,38802.94,2650.72,770.0,58,0.64,433611.2
59091.73,33871.22,2942.47,800.0,48,0.623,407976.23
63673.38,39743.55,5837.77,636.0,48,0.716,294111.09
46946.71,17859.56,6256.46,753.0,68,0.514,459962.57
136921.51,79360.51,8404.9,653.0,57,0.641,841825.75
94002.9,53305.63,2937.7,843.0,24,0.598,705812.98
28886.44,16891.37,2148.47,795.0,42,0.659,200417.64
65821.7,36916.22,5171.66,739.0,30,0.639,472717.84
44799.85,16083.96,2458.81,764.0,22,0.414,468238.39
34638.01,12204.01,504.73,624.0,69,0.367,424751.65
26498.2,5772.89,2749.29,817.0,35,0.322,415975.15
70805.42,47625.86,11287.35,608.0,24,0.832,219858.85
42965.49,28965.13,136.4,713.0,55,0.677,271051.55
84195.65,56961.1,2686.25,623.0,59,0.708,330292.91
84844.56,50568.92,2360.99,749.0,32,0.624,554734.9
94347.86,21703.04,10590.28,820.0,66,0.342,1062221.79
38690.33,15321.12,1361.72,716.0,62,0.431,447192.88
71884.14,41373.8,2058.31,705.0,50,0.604,576578.17
75811.36,43237.32,2290.49,671.0,69,0.601,570466.07
48145.55,24871.4,4984.15,688.0,48,0.62,325337.07
40705.7,24640.69,223.53,653.0,26,0.611,274792.23
100238.02,55306.1,11669.63,811.0,36,0.668,854031.47
65687.4,37318.03,1292.66,744.0,23,0.588,553433.56
75899.19,34468.88,13306.34,652.0,53,0.629,496137.04
39448.1,27507.22,393.33,685.0,49,0.707,220549.99
29517.89,14327.52,4088.13,850.0,45,0.624,195863.72
45763.76,16035.74,816.41,702.0,67,0.368,562890.74
56899.47,24714.29,2665.61,796.0,55,0.481,563287.86
33394.5,16621.45,1703.47,634.0,27,0.549,278349.18
59753.88,41773.96,5515.01,718.0,52,0.791,210009.26
17787.37,9670.28,2199.9,630.0,63,0.667,122673.19
31998.81,16705.87,83.08,637.0,41,0.525,244335.74
76772.78,27845.53,3224.31,743.0,51,0.405,835420.3
75094.76,50149.96,5396.3,608.0,68,0.74,300408.56
50203.08,22702.19,152.7,585.0,26,0.455,430614.7
34555.89,18487.26,3298.69,735.0,44,0.63,237015.22
34314.91,26492.05,2700.28,641.0,51,0.851,90960.53
50668.29,31734.29,3953.43,658.0,32,0.704,261293.7
76112.96,23272.44,3549.03,536.0,44,0.352,848525.49
83206.14,23678.26,9407.33,578.0,44,0.398,1046563.49
47586.71,25713.64,3655.17,698.0,49,0.617,328055.56
31162.69,11470.64,3469.84,661.0,62,0.479,276129.97
66696.09,43171.18,11145.91,753.0,44,0.814,268158.42
39411.63,21926.24,1003.94,608.0,43,0.582,257596.02
47043.68,27041.07,2060.25,667.0,61,0.619,375939.54
93131.9,41349.5,9564.45,684.0,34,0.547,627176.65
80677.89,65446.51,8888.28,664.0,33,0.921,125246.01
63949.36,57554.42,2159.23,728.0,52,0.934,71839.92
28202.02,14332.62,656.32,593.0,43,0.531,203635.1
65284.91,39363.92,956.99,721.0,55,0.618,483954.9
86566.43,48876.5,2641.33,771.0,47,0.595,736956.34
50609.16,25863.66,2610.9,614.0,59,0.563,410454.46
93777.85,39873.35,9488.59,712.0,54,0.526,766951.51
92318.63,35750.83,520.81,709.0,31,0.393,1126462.32
101593.32,38570.96,2132.2,727.0,35,0.401,1045188.18
67631.08,41308.12,2301.55,680.0,45,0.645,424949.28
74684.79,35254.87,2933.58,793.0,57,0.511,671982.15
95354.68,19070.94,3434.56,849.0,33,0.236,1450796.74
71184.85,43901.74,7771.38,730.0,19,0.726,346245.12
47469.15,25835.6,4627.95,705.0,37,0.642,319489.79
48786.43,36687.44,1134.52,681.0,47,0.775,172190.37
65963.87,39972.02,1187.05,575.0,26,0.624,442851.47
27735.96,9102.91,2535.16,566.0,68,0.42,256050.2
56418.53,12160.93,4985.11,588.0,18,0.304,597801.8
87413.68,38643.76,11262.91,701.0,44,0.571,761737.13
15000.0,6843.51,686.04,665.0,26,0.502,159127.01
98362.05,68014.79,617.35,802.0,37,0.698,616568.9
88059.36,48315.47,2243.37,480.0,44,0.574,602504.97
48505.88,34926.82,1858.68,683.0,56,0.758,204883.92
73584.77,25848.49,8637.11,715.0,52,0.469,629513.66
60078.69,41742.05,7067.75,752.0,50,0.812,226801.05
90749.76,59726.81,2319.59,691.0,30,0.684,442841.58
84567.08,20910.47,2308.85,709.0,31,0.275,1187915.39
24998.23,18708.49,1399.0,694.0,18,0.804,74101.34
74681.56,42121.8,7075.18,715.0,67,0.659,483098.06
54859.3,33398.71,1782.27,678.0,24,0.641,402657.43
62070.81,26086.23,9991.68,849.0,64,0.581,544851.73
41795.7,30982.61,4044.11,726.0,50,0.838,140708.12
103703.43,38590.34,10271.13,696.0,56,0.471,1153979.69
86001.55,58035.03,7247.23,621.0,69,0.759,362444.13
41505.72,27937.13,3589.85,653.0,69,0.76,210700.89
26634.73,10757.1,995.5,801.0,51,0.441,283899.34
50358.18,42678.87,3512.46,481.0,63,0.917,59047.87
70862.57,41435.42,4340.43,685.0,45,0.646,411525.99
66005.15,42776.87,11067.1,678.0,24,0.816,241419.71
91328.32,29310.17,1401.27,720.0,63,0.336,1102230.37
79747.99,69194.1,1307.61,701.0,69,0.884,162811.9
84239.23,30858.21,6056.31,801.0,41,0.438,998021.87
68171.39,47974.45,6910.87,688.0,32,0.805,204581.3
25267.53,10126.83,112.74,675.0,41,0.405,343126.79
55107.54,25192.5,6902.26,756.0,44,0.582,387825.02
86502.24,57810.58,5000.14,803.0,56,0.726,494230.19
58711.93,41341.0,498.3,735.0,20,0.713,334815.39
72577.26,26077.54,3963.85,761.0,27,0.414,802424.99
52031.29,37128.01,5182.7,663.0,29,0.813,193686.97
34254.7,24209.41,2659.05,690.0,58,0.784,146067.12
56916.4,23296.28,2583.5,799.0,46,0.455,601821.86
67726.19,53489.95,15792.03,722.0,25,1.023,0.0
43607.81,14454.74,297.25,661.0,27,0.338,402990.82
54107.22,24688.26,4359.08,683.0,34,0.537,437279.53
36513.42,22705.88,1691.89,763.0,26,0.668,245036.03
87981.12,37124.96,3890.16,770.0,59,0.466,844471.12
52638.61,31034.29,3270.52,613.0,32,0.652,314962.78
96318.89,56458.42,14306.67,709.0,21,0.735,464071.46
98218.7,51264.15,12005.44,679.0,38,0.644,525649.59
57973.85,39124.24,9200.5,675.0,24,0.834,190383.61
34788.78,17942.17,1151.59,786.0,65,0.549,309262.22
15000.0,8770.97,346.0,661.0,25,0.608,92981.04
23199.07,16749.05,1647.76,634.0,63,0.793,100046.27
25654.13,17152.43,153.11,615.0,37,0.675,147578.37
94461.74,63091.24,18762.67,666.0,24,0.867,232078.52
62895.61,23750.83,3085.33,621.0,63,0.427,622368.59
69740.11,43846.93,2773.57,611.0,23,0.668,476197.61
15000.0,6273.38,462.05,609.0,26,0.449,156084.95
30050.84,10751.82,1172.12,614.0,31,0.397,292137.51
82176.99,44313.46,144.9,619.0,65,0.541,520058.2
67169.35,27832.01,2405.2,712.0,53,0.45,731221.51
56319.87,37655.05,8905.35,523.0,69,0.827,156345.93
74121.06,49822.72,2449.68,624.0,46,0.705,367894.61
100894.95,26697.41,14793.75,672.0,20,0.411,1056248.82
54473.94,23192.53,3.13,772.0,62,0.426,494314.87
61734.25,20436.01,4188.07,660.0,48,0.399,673623.69
64814.92,31150.42,6955.38,668.0,41,0.588,468716.38
119802.74,74071.2,13089.35,673.0,41,0.728,563261.39
15000.0,7704.85,1779.43,534.0,65,0.632,90832.29
77080.58,35575.47,820.43,733.0,53,0.472,883920.16
57129.94,42563.32,472.85,729.0,52,0.753,255390.6
74169.29,15150.67,8849.33,745.0,42,0.324,1069561.45
43565.69,32043.9,2050.51,850.0,56,0.783,194741.91
58775.87,27528.08,894.37,576.0,38,0.484,580806.12
77785.26,41870.54,7254.89,561.0,32,0.632,475403.13
137822.76,64900.12,1290.41,736.0,51,0.48,1231889.84
80200.9,62671.65,1833.28,653.0,26,0.804,339213.24
38798.36,14175.11,2207.27,601.0,20,0.422,424311.43
49406.01,27260.28,811.29,657.0,27,0.568,435875.84
48664.65,30615.7,1592.74,631.0,67,0.662,306062.91
15108.92,4658.83,2134.88,818.0,32,0.45,166036.31
51747.75,21320.86,3157.58,850.0,33,0.473,606403.0
78320.73,41335.58,2838.6,549.0,30,0.564,598146.76
28144.2,11736.14,1533.81,562.0,61,0.471,235237.94
86212.07,36869.56,5105.34,619.0,61,0.487,806109.67
72194.37,35918.19,6859.29,625.0,18,0.593,496363.85
41644.17,26961.98,4573.63,618.0,64,0.757,153234.42
56461.76,28151.4,3714.23,664.0,50,0.564,439022.97
99958.05,71146.53,4434.65,644.0,25,0.756,405653.65
78338.7,31361.83,3550.18,572.0,33,0.446,884032.47
60219.59,21812.24,6721.16,598.0,65,0.474,485872.29
54057.92,45351.99,8770.69,804.0,52,1.001,0.0
61915.23,27942.73,2973.59,651.0,68,0.499,520276.53
47205.91,16680.83,3900.13,647.0,31,0.436,509508.48
15000.0,4330.38,1050.05,558.0,58,0.359,164282.25
111054.45,78989.2,1418.83,643.0,44,0.724,645709.97
63883.12,31865.18,2611.64,757.0,61,0.54,646091.97
69953.68,35812.34,5885.84,728.0,65,0.596,534885.43
58552.31,30805.52,2633.42,745.0,18,0.571,424201.63
41622.08,29216.26,248.21,584.0,56,0.708,214022.28
55351.89,28952.94,4057.5,582.0,67,0.596,387589.54
20015.13,18013.62,995.11,771.0,60,0.95,16490.82
116927.16,66655.98,651.85,746.0,47,0.576,921771.99
29137.2,20666.08,446.57,659.0,52,0.725,146469.84
34200.84,22941.45,2797.65,748.0,27,0.753,161347.52
48993.52,26678.58,1177.76,584.0,48,0.569,323585.42
92201.89,42593.07,4041.12,580.0,29,0.506,770412.29
60362.72,36205.24,2605.64,551.0,57,0.643,352754.07
29096.61,18229.45,849.03,709.0,52,0.656,194415.04
91358.46,42400.57,6354.9,697.0,51,0.534,711042.0
78275.02,45004.29,1637.72,638.0,56,0.596,623244.25
73460.87,54025.39,3336.68,618.0,49,0.781,293737.54
77893.36,67026.62,7222.04,850.0,29,0.953,63988.57
119859.05,81283.06,6361.24,659.0,62,0.731,592013.86
114627.37,95073.54,4537.41,791.0,45,0.869,294206.79
42832.12,19514.05,3754.27,668.0,36,0.543,349246.67
100597.12,65919.52,11376.39,640.0,41,0.768,350982.01
69579.2,52238.53,4642.13,793.0,37,0.817,240219.77
72477.4,30117.98,1186.43,743.0,39,0.432,729656.89
17693.23,8442.53,1114.93,678.0,28,0.54,140837.4
55740.36,45187.91,6060.36,771.0,45,0.919,94369.95
39679.41,16019.97,2172.45,850.0,62,0.458,405506.87
80701.47,28151.13,1498.44,621.0,57,0.367,1084905.34
86777.01,67616.41,3409.4,718.0,37,0.818,365762.03
15000.0,10942.72,1363.87,647.0,22,0.82,49519.24
59449.13,36550.4,1921.29,605.0,68,0.647,315046.74
88046.54,47821.89,1082.18,603.0,69,0.555,586898.63
55333.03,26793.43,3944.27,807.0,57,0.556,507779.58
78226.59,46333.01,7771.08,534.0,24,0.692,385473.71
68779.14,54127.19,10341.36,721.0,39,0.937,74540.41
68541.51,40150.58,2163.7,614.0,54,0.617,455322.63
53217.13,46567.32,8047.66,822.0,58,1.026,0.0
29585.48,12287.11,3177.89,658.0,46,0.523,312650.9
31961.75,17484.61,1379.62,651.0,29,0.59,246426.28
77733.81,38403.71,1207.54,806.0,46,0.51,873449.35
60486.46,23422.1,1665.28,750.0,53,0.415,737664.48
56537.19,29797.22,5388.36,724.0,52,0.622,429502.6
49402.75,30264.09,4218.23,744.0,60,0.698,257441.13
52370.28,32921.77,3192.75,593.0,39,0.69,204634.89
86172.79,75450.13,5155.98,739.0,35,0.935,116026.64
51618.9,31986.69,931.75,664.0,39,0.638,336360.14
26473.38,19127.56,3320.8,709.0,36,0.848,90909.85
78591.29,44004.38,7864.91,719.0,51,0.66,476304.71
54878.08,43996.22,1066.41,591.0,26,0.821,167827.06
60784.9,54706.41,6701.79,728.0,27,1.01,0.0
100189.46,63085.57,2913.88,665.0,36,0.659,696226.57
59485.99,23859.9,475.29,581.0,55,0.409,451308.88
67229.59,31441.88,6642.42,668.0,26,0.566,545571.26
30526.91,18080.79,2040.52,682.0,68,0.659,176718.48
54508.26,33711.98,608.38,727.0,45,0.63,380980.36
75238.15,49263.22,165.53,489.0,47,0.657,471426.55
21115.66,13071.22,863.04,711.0,42,0.66,118808.17
65021.13,35829.75,3826.58,639.0,35,0.61,398835.25
62519.78,28419.63,3785.58,745.0,69,0.515,682352.18
61032.19,37240.05,3678.55,680.0,43,0.67,352169.38
85928.97,71170.51,17197.38,653.0,36,1.028,0.0
68360.96,48057.02,3006.57,666.0,44,0.747,294888.17
96951.8,61099.56,1199.38,707.0,53,0.643,535572.93
35160.26,24768.12,532.45,753.0,21,0.72,216990.71
63398.11,31340.25,7749.01,609.0,66,0.617,480527.28
62111.67,29426.04,1846.42,653.0,43,0.503,454224.71
33268.64,14566.08,1595.16,798.0,62,0.486,323686.45
83907.38,44572.19,7381.16,651.0,20,0.619,479509.67
118116.83,57487.36,20696.78,709.0,53,0.662,798816.28
59574.85,43563.58,8914.85,581.0,24,0.881,127407.59
72625.53,34765.95,5195.26,543.0,27,0.55,484384.56
62112.96,26683.22,2464.77,597.0,62,0.469,539661.73
42160.38,35473.18,5193.9,625.0,21,0.965,29623.4
15000.0,7234.41,255.67,763.0,24,0.499,141954.5
42355.66,24271.03,5395.75,772.0,39,0.7,229390.21
25201.04,15566.64,621.76,526.0,47,0.642,160758.83
102602.55,38937.26,12543.75,637.0,39,0.502,907776.11
57122.26,42003.29,2728.53,736.0,46,0.783,263390.79
51352.02,33151.21,9598.23,672.0,28,0.832,170121.21
82228.85,64447.48,4012.85,800.0,33,0.833,287840.75
31956.22,14320.12,1417.03,734.0,61,0.492,278168.34
40828.4,23062.69,5851.11,659.0,23,0.708,241530.24
61701.81,34300.24,4233.25,666.0,54,0.625,416719.43
85719.22,50538.62,8972.88,675.0,30,0.694,477895.59
72542.13,24070.04,1032.07,612.0,50,0.346,698179.42
66208.13,37515.21,5984.35,755.0,64,0.657,403704.91
61952.94,20818.07,9952.77,739.0,68,0.497,534494.43
70005.9,42266.07,2401.43,716.0,25,0.638,495242.74
65041.32,15005.2,1693.06,699.0,28,0.257,969287.95
34250.69,9325.16,1783.36,599.0,50,0.324,386046.68
61151.98,41141.97,2698.21,720.0,50,0.717,327403.66
33157.78,15516.99,3044.53,690.0,61,0.56,264974.89
62027.06,24923.79,4618.41,840.0,65,0.476,768764.16
47983.8,35538.09,7826.01,577.0,57,0.904,59855.79
123484.54,73985.01,2370.88,622.0,44,0.618,732546.66
59002.64,40169.8,2768.92,553.0,63,0.728,258758.94
24894.01,13070.94,1197.41,663.0,56,0.573,196623.55
56645.49,50980.95,4237.06,541.0,35,0.975,22305.22
72983.97,33523.21,3690.44,775.0,62,0.51,578145.35
101834.1,82656.12,4577.55,767.0,49,0.857,299194.15
45263.69,24478.38,2770.01,667.0,62,0.602,378958.54
20439.3,6169.06,924.34,599.0,58,0.347,193043.23
80420.93,50056.18,3719.11,558.0,41,0.669,461265.06
25485.03,15220.03,670.83,624.0,39,0.624,186460.39
49096.11,19260.49,2360.31,730.0,67,0.44,539015.33
53559.49,22048.68,1331.38,617.0,20,0.437,579990.45
58259.16,31826.71,4207.45,833.0,20,0.619,428282.72
77229.11,46527.62,7416.61,799.0,31,0.698,416344.27
42909.14,8581.83,1732.99,680.0,49,0.24,668992.41
53156.77,37633.3,3529.95,643.0,26,0.774,220230.9
59643.24,28379.76,2094.32,634.0,33,0.511,522978.51
63739.95,22324.14,683.04,808.0,42,0.361,822540.53
62445.68,43159.95,8970.51,627.0,22,0.835,154283.72
70900.14,38743.9,8438.6,755.0,30,0.665,422941.79
81095.99,59396.72,14858.56,682.0,48,0.916,126539.46
69815.85,42985.12,4055.76,737.0,38,0.674,503479.3
71339.64,39220.59,105.72,614.0,57,0.551,495580.44
20444.42,10776.06,2152.3,653.0,68,0.632,124260.28
61255.69,38125.97,6466.7,678.0,26,0.728,319697.65
71987.69,35127.85,658.05,629.0,38,0.497,481885.92
78223.53,33019.26,2743.28,780.0,26,0.457,806225.75
42691.23,27385.84,6367.09,619.0,27,0.791,136460.07
43524.02,22994.91,2108.25,634.0,58,0.577,393563.78
45647.48,25335.96,1131.8,789.0,61,0.58,403242.48
73410.35,52371.45,3703.86,773.0,29,0.764,303462.85
85847.03,45749.47,9187.67,807.0,28,0.64,613935.52
49813.5,27509.76,4803.4,527.0,37,0.649,257220.98
82699.06,38045.91,1634.49,696.0,67,0.48,707147.43
63087.0,38773.96,4765.68,687.0,56,0.69,310716.35
56892.86,34276.48,2131.3,635.0,50,0.64,335155.29
54715.39,37486.41,331.61,706.0,24,0.691,324254.4
78665.28,36432.31,5543.02,654.0,18,0.534,732450.74
68139.45,32797.39,1382.37,693.0,31,0.502,555221.12
116895.64,78182.21,6470.06,850.0,62,0.724,591301.49
38694.38,22745.8,2853.8,705.0,38,0.662,296193.94
72952.54,30207.26,228.01,709.0,62,0.417,797093.04
46769.97,34889.61,3186.26,746.0,66,0.814,159818.81
38267.83,11297.9,1815.89,694.0,25,0.343,422586.32
59728.32,39877.18,5676.93,592.0,34,0.763,226020.49
63433.81,22850.01,3105.94,548.0,62,0.409,622572.33
132954.34,110733.45,3541.59,678.0,66,0.86,377331.01
55396.35,17633.22,4037.96,658.0,32,0.391,535700.26
31745.53,22946.86,2436.58,523.0,19,0.8,100697.08
66825.27,35935.61,4796.99,810.0,30,0.61,607313.8
15000.0,7425.14,548.81,689.0,69,0.532,108579.82
57701.08,33340.23,3871.47,795.0,46,0.645,451469.13
60400.63,38945.42,1480.01,501.0,45,0.669,385674.15
79865.01,33091.26,6147.48,797.0,25,0.491,798678.17
84340.56,36066.71,5148.61,641.0,52,0.489,862407.68
47410.76,30695.66,7729.95,781.0,41,0.81,140789.71
56234.65,16527.28,2026.32,697.0,24,0.33,673256.1
40846.98,18886.24,1917.76,716.0,45,0.509,412865.4
31798.44,28618.59,2467.32,716.0,39,0.978,11337.77
67747.37,27424.0,3958.18,646.0,43,0.463,729115.11
28160.36,20336.58,2081.89,628.0,34,0.796,125943.84
49634.33,22936.39,1723.21,651.0,55,0.497,412033.66
35120.65,21998.06,4746.94,562.0,23,0.762,150298.18
73742.08,47796.18,1615.85,642.0,28,0.67,471504.57
105035.75,75556.79,2602.06,624.0,55,0.744,544731.64
27460.3,14278.31,1945.23,560.0,19,0.591,166023.92
15000.0,12724.99,1721.41,717.0,49,0.963,9623.04
56877.83,26254.78,74.54,681.0,43,0.463,590459.0
60392.44,35337.62,6082.15,700.0,48,0.686,352073.63
65466.48,38415.18,4165.73,736.0,49,0.65,509522.9
48841.99,18643.22,4317.23,661.0,52,0.47,449489.49
54984.02,27883.45,4436.08,605.0,19,0.588,373869.29
69187.76,39729.48,1652.92,704.0,20,0.598,531858.35
86010.77,41730.87,4760.32,446.0,50,0.541,624839.58
15000.0,13500.0,805.72,671.0,24,0.954,12375.2
50776.51,21539.72,5412.03,741.0,38,0.531,408774.72
65345.22,47500.33,3865.53,764.0,65,0.786,271864.52
37050.6,25137.68,2543.36,638.0,42,0.747,172831.09
103279.24,56588.83,5509.76,501.0,33,0.601,600967.53
44114.75,18537.84,1598.83,469.0,40,0.456,330800.42
58967.68,25636.89,8309.45,731.0,34,0.576,487166.9
73900.55,34903.59,706.42,652.0,50,0.482,886091.34
45217.88,12757.72,478.64,841.0,35,0.293,725176.32
15000.0,5992.2,190.76,567.0,56,0.412,145064.11
49283.64,16146.73,1419.25,707.0,40,0.356,574254.24
85736.01,64463.3,14848.82,813.0,26,0.925,129267.27
51577.62,33152.51,928.86,697.0,20,0.661,302509.88
38839.14,25940.51,5964.76,553.0,65,0.821,119771.31
83141.81,53071.48,7708.09,850.0,52,0.731,386376.18
51730.63,29747.45,5280.49,806.0,41,0.677,314399.94
47245.98,36336.98,6088.19,662.0,23,0.898,98279.96
63736.4,29215.85,3092.4,746.0,36,0.507,639023.63
79268.76,44866.15,3195.6,746.0,31,0.606,633478.9
119542.84,79144.39,12416.56,731.0,20,0.766,585384.58
80680.9,28385.04,598.85,569.0,23,0.359,840477.02
88996.0,80096.4,4165.58,706.0,34,0.947,75328.8
47350.85,26245.86,760.4,797.0,53,0.57,407021.94
34353.3,19625.98,4930.39,720.0,39,0.715,191395.02
61558.28,45462.74,2617.25,712.0,21,0.781,293516.88
62679.25,43075.89,9957.33,637.0,27,0.846,158348.98
33037.18,18359.15,4434.78,608.0,49,0.69,172464.92
55617.64,31675.32,2165.56,554.0,64,0.608,404663.52
69982.94,22700.91,7593.74,741.0,66,0.433,817466.99
69009.83,32195.17,1696.22,662.0,69,0.491,538040.72
72607.2,45566.94,5695.71,573.0,66,0.706,401362.03
67274.12,41480.14,1973.67,758.0,60,0.646,534919.84
47324.78,34697.34,4716.23,633.0,21,0.833,132094.36
47152.48,25081.58,2616.91,611.0,30,0.587,375996.29
30026.22,10266.17,960.39,640.0,36,0.374,354728.4
104619.38,74123.83,3884.3,665.0,63,0.746,438030.77
60336.26,46182.18,4984.46,717.0,60,0.848,148684.34
54378.67,37235.07,938.54,610.0,55,0.702,292002.19
36780.2,19326.34,2494.22,761.0,65,0.593,318510.81
133391.45,94262.12,8659.05,719.0,43,0.772,548274.43
33166.8,29850.12,6097.09,639.0,47,1.084,0.0
49278.8,27954.53,1147.24,667.0,60,0.591,284863.67
70395.92,24866.62,12138.8,646.0,48,0.526,600444.0
75005.32,34656.75,2181.18,685.0,68,0.491,643768.6
83948.3,54047.71,3808.95,802.0,55,0.689,470462.2
105190.21,32533.16,870.54,645.0,29,0.318,1490278.32
72653.94,41805.84,4920.37,695.0,36,0.643,512249.82
33599.23,20396.43,2923.52,624.0,40,0.694,191986.2
53576.37,41803.94,4263.34,723.0,67,0.86,139510.6
67695.81,50536.9,2086.87,702.0,63,0.777,292590.84
111705.65,75924.96,8525.68,786.0,58,0.756,546863.32
25054.86,5652.33,1768.69,614.0,27,0.296,295288.09
90064.41,61978.54,9711.08,735.0,32,0.796,345327.75
64497.86,42299.44,2178.88,781.0,67,0.69,435983.43
80945.76,47627.81,6693.23,645.0,34,0.671,488582.59
57450.13,16687.35,2245.54,670.0,69,0.33,861397.13
38939.18,16879.51,2141.09,695.0,30,0.488,412534.65
78771.82,29537.59,4197.07,661.0,41,0.428,801874.13
76360.78,18918.29,8666.3,694.0,33,0.361,913406.54
84301.42,46328.92,7945.41,734.0,56,0.644,566123.6
59667.38,25676.47,3257.47,671.0,55,0.485,633051.83
45004.45,40504.0,2312.24,670.0,47,0.951,34881.17
21030.33,11034.28,1613.5,701.0,62,0.601,152490.94
80484.33,59885.41,2688.59,648.0,61,0.777,340812.32
70597.24,22212.37,3109.97,652.0,32,0.359,850501.02
35855.43,16869.5,416.7,608.0,21,0.482,368956.95
46535.66,26270.99,7334.2,677.0,61,0.722,224873.05
48331.03,19998.26,267.09,716.0,69,0.419,440635.11
22925.39,11157.1,761.88,658.0,27,0.52,207071.66
39557.94,20463.61,871.39,618.0,57,0.539,323842.28
31654.24,16299.21,3347.37,672.0,63,0.621,227031.18
49688.02,41154.99,816.65,712.0,63,0.845,137789.44
41532.56,25199.22,563.99,690.0,49,0.62,306493.15
19324.88,12018.65,1642.84,850.0,38,0.707,112004.25
110564.76,69760.64,9262.56,627.0,46,0.715,590386.57
91313.52,58613.6,42.8,668.0,47,0.642,580409.17
40524.51,21784.64,658.98,742.0,24,0.554,396499.58
66810.53,33531.41,4482.39,624.0,59,0.569,414440.9
70436.63,40502.64,6339.53,834.0,46,0.665,389350.68
89777.15,64955.61,1688.9,680.0,27,0.742,447879.23
39534.87,28423.03,1978.58,725.0,67,0.769,145757.96
87302.67,44868.35,8816.04,682.0,39,0.615,621272.09
46302.37,30799.25,1167.27,761.0,34,0.69,261349.76
26603.44,13855.4,4259.83,595.0,35,0.681,164792.33
78103.41,43353.69,7251.44,806.0,63,0.648,544645.57
92268.96,44194.2,1949.23,699.0,22,0.5,803915.39
124697.72,65186.14,6794.47,733.0,56,0.577,1157779.97
30006.87,22541.14,1891.8,621.0,34,0.814,103388.94
77472.99,43684.17,209.88,707.0,51,0.567,551149.46
49754.97,28374.88,2391.51,603.0,21,0.618,264005.76
79583.97,26494.88,181.56,774.0,58,0.335,1156538.87
23237.76,11702.85,585.5,577.0,25,0.529,191054.49
28430.76,14607.8,2827.2,692.0,43,0.613,218612.95
40603.13,17281.85,1578.27,649.0,42,0.464,431723.33
61974.1,34287.16,3552.17,555.0,53,0.611,425116.94
43972.97,21354.27,182.07,605.0,60,0.49,398522.01
76476.36,42979.67,8731.43,716.0,56,0.676,455274.69
85672.37,48681.22,5814.23,608.0,28,0.636,561747.25
74989.44,30493.47,5878.88,626.0,20,0.485,653504.76
100469.69,49249.71,1112.62,710.0,61,0.501,1051808.85
70395.67,39534.64,991.83,753.0,57,0.576,609097.52
29577.58,21521.98,4865.66,733.0,45,0.892,68864.51
94084.41,55369.42,1942.65,676.0,56,0.609,688061.08
44871.09,20223.84,4038.75,697.0,42,0.541,381585.11
82760.46,50471.53,4742.16,689.0,39,0.667,498925.22
99343.36,80083.89,3027.71,597.0,30,0.837,325663.46
71417.2,49099.75,2340.55,702.0,21,0.72,324594.64
22596.03,14283.61,2498.68,596.0,45,0.743,81199.5
37044.7,24406.47,4842.85,729.0,36,0.79,143381.34
93068.61,71289.91,3897.56,691.0,20,0.808,323531.06
55771.93,39673.03,5101.87,507.0,44,0.803,195795.43
61989.34,39364.1,4974.71,758.0,28,0.715,384321.05
78970.61,56092.53,5135.51,638.0,23,0.775,309140.67
77408.07,30015.16,756.49,632.0,65,0.398,785287.48
66970.0,21742.49,2686.46,756.0,48,0.365,617341.09
54783.29,31421.77,1770.93,667.0,46,0.606,480470.7
52183.29,29238.41,1109.0,728.0,25,0.582,434961.32
81447.47,38151.09,17737.32,628.0,28,0.686,507338.26
73839.24,49758.63,1877.88,744.0,26,0.699,467117.57
53567.5,14493.78,322.14,696.0,48,0.277,583879.55
87052.81,40896.03,9423.1,712.0,18,0.578,648001.46
56774.15,27095.84,904.91,666.0,24,0.493,517364.91
38708.45,11788.84,712.44,810.0,27,0.323,509132.82
41025.73,31762.52,1381.12,830.0,26,0.808,170865.85
35531.48,12298.15,2002.12,504.0,30,0.402,293956.76
53189.75,24560.31,4292.56,754.0,44,0.542,444499.09
90843.11,62336.26,5932.08,594.0,35,0.751,385868.92
39872.62,25793.87,632.36,721.0,33,0.663,227218.31
64711.89,24834.73,12573.93,538.0,21,0.578,490517.4
43582.77,28432.24,3503.87,712.0,47,0.733,222291.94
53492.27,31745.94,412.4,613.0,55,0.601,414714.09
22248.97,20023.08,2214.91,643.0,37,1.0,233.83
54486.54,33269.0,1917.81,645.0,58,0.646,336078.07
55157.37,29167.97,3545.06,621.0,29,0.593,424495.89
73507.2,30985.1,5461.48,623.0,45,0.496,524134.19
65582.02,28748.76,7473.3,648.0,61,0.552,445128.84
30040.2,12801.17,1043.22,668.0,18,0.461,300857.39
87104.96,65822.15,1545.82,706.0,26,0.773,353124.17
65257.58,36067.57,4070.13,829.0,59,0.615,582674.76
64959.84,41235.67,1401.93,604.0,66,0.656,408250.95
59770.44,46449.83,2275.06,690.0,50,0.815,172947.54
47056.06,9411.21,1084.56,742.0,18,0.223,712496.86
65445.06,48549.18,1351.51,623.0,59,0.762,259043.81
71889.71,40136.71,1886.75,499.0,26,0.585,539554.44
16327.61,10045.68,39.54,527.0,39,0.618,99517.29
46530.98,19810.08,2272.98,502.0,26,0.475,377833.7
53626.33,23420.3,1830.43,803.0,22,0.471,502375.57
66404.27,41391.56,2356.0,729.0,19,0.659,376079.46
89832.78,80849.5,1563.66,740.0,31,0.917,129106.29
40706.48,28514.77,1264.42,759.0,29,0.732,229091.32
47550.95,35179.55,5664.68,634.0,46,0.859,138014.55
47186.65,24593.67,3723.1,850.0,33,0.6,443862.32
39961.81,18381.21,2628.16,707.0,65,0.526,366749.33
51320.34,22215.51,840.59,674.0,26,0.449,471161.08
79270.06,37792.71,2046.67,769.0,68,0.503,665274.82
33654.11,8147.08,499.92,733.0,49,0.257,481285.22
70695.36,31195.18,5819.41,787.0,41,0.524,589627.28
17452.44,8131.91,1699.19,792.0,37,0.563,178848.02
45966.55,24072.51,1618.02,652.0,37,0.559,388741.72
51762.77,29492.48,1651.08,695.0,68,0.602,378309.82
101871.49,61567.83,7143.31,607.0,59,0.674,586177.51
53129.94,29102.52,3866.17,550.0,60,0.621,333751.63
15000.0,6941.75,846.66,747.0,69,0.519,151770.55
15000.0,3832.44,1622.45,757.0,22,0.364,188331.33
60850.74,28216.71,199.48,521.0,37,0.467,491873.81
75344.27,30449.06,1897.71,623.0,33,0.429,776053.67
69386.4,43013.32,8767.04,684.0,36,0.746,313234.47
64189.25,44059.06,3125.34,692.0,29,0.735,298880.83
89056.49,61518.95,12905.43,844.0,34,0.836,285236.63
46510.22,30861.53,6053.53,630.0,51,0.794,165598.65
82372.76,43655.19,11392.97,666.0,44,0.668,349199.06
19199.63,9056.59,766.35,732.0,58,0.512,185934.13
37376.3,16368.38,828.29,652.0,43,0.46,383553.25
15000.0,4858.13,2673.69,640.0,67,0.502,118042.19
53128.87,37125.29,234.26,633.0,51,0.703,233830.44
58843.47,30821.82,2205.92,699.0,38,0.561,543225.21
62852.54,22818.55,3074.4,666.0,59,0.412,807642.24
61547.08,26220.68,1112.7,735.0,58,0.444,638302.6
36811.17,15459.0,4883.09,709.0,20,0.553,339026.12
55243.98,30740.71,5607.12,447.0,58,0.658,284423.71
22563.83,16023.03,1517.49,540.0,53,0.777,84235.31
94080.72,46833.53,16691.3,640.0,46,0.675,517846.23
52409.35,11117.07,6922.97,758.0,62,0.344,706356.05
47777.85,24922.02,2237.98,628.0,36,0.568,372502.25
99723.51,52511.5,3420.33,710.0,38,0.561,925155.2
28943.84,14942.6,1804.38,728.0,29,0.579,221015.66
31860.32,14524.51,2364.65,723.0,61,0.53,292454.36
32594.49,18990.07,2567.55,636.0,40,0.661,210010.82
58303.22,32645.2,9820.26,588.0,64,0.728,282113.78
70790.79,38671.27,10511.7,575.0,45,0.695,377025.61
78491.89,48028.89,9301.61,850.0,29,0.73,490710.52
124299.88,60350.71,2889.0,716.0,19,0.509,1018240.94
15000.0,7155.18,924.11,827.0,47,0.539,146331.01
75218.39,56941.71,6354.61,613.0,29,0.842,192029.15
46071.74,29205.03,817.04,780.0,56,0.652,284173.32
45339.62,30560.8,493.38,642.0,56,0.685,243191.63
44505.7,32663.43,5590.13,678.0,35,0.86,117438.16
37280.76,23445.56,1516.12,657.0,41,0.67,230640.62
102113.12,70382.32,21563.54,610.0,29,0.9,171724.54
81057.43,25378.94,1189.15,611.0,35,0.328,1019937.46
60579.9,35174.09,3456.54,677.0,23,0.638,433160.53
93775.39,49006.29,7188.66,633.0,25,0.599,781374.89
22186.78,17786.09,3097.99,690.0,66,0.941,22836.82
26732.37,18422.53,577.24,613.0,32,0.711,123975.65
15000.0,6831.5,1668.79,737.0,61,0.567,123871.45
42514.64,25760.43,300.44,643.0,24,0.613,250837.04
64042.46,36834.16,8986.92,811.0,46,0.715,439869.63
62571.46,38678.53,3412.67,676.0,42,0.673,358789.66
63733.55,25313.28,1229.31,672.0,30,0.416,617923.56
24723.58,14933.1,2255.48,808.0,49,0.695,149718.79
80078.87,41302.86,5748.89,640.0,29,0.588,589047.94
65990.69,39090.74,457.94,647.0,65,0.599,480645.53
78326.36,34568.73,4010.45,624.0,42,0.493,725938.94
15000.0,6933.61,1465.59,696.0,36,0.56,109454.58
67787.27,49218.73,7064.69,621.0,59,0.83,207570.42
30305.87,11888.02,5360.12,742.0,33,0.569,239969.39
50066.92,20193.83,3866.89,676.0,29,0.481,450214.61
73359.12,39779.92,3817.58,747.0,52,0.594,616477.63
62277.34,27041.85,8344.77,738.0,53,0.568,426301.5
38711.5,16152.21,587.57,639.0,41,0.432,415830.28
60156.83,34034.41,681.68,621.0,50,0.577,522662.79
21711.62,7039.78,1475.72,654.0,53,0.392,244501.87
88756.68,35396.67,1686.66,681.0,21,0.418,1127252.17
54867.9,47082.93,576.32,707.0,52,0.869,143006.95
87963.75,54442.63,759.27,716.0,67,0.628,591950.9
46836.71,20515.2,549.63,677.0,67,0.45,430168.94
46910.6,28743.64,1421.81,626.0,25,0.643,289140.37
40895.33,25972.61,3699.22,633.0,25,0.726,199974.51
81904.35,57264.42,2869.3,721.0,24,0.734,394571.49
42264.22,22439.2,1602.46,628.0,57,0.569,343254.72
76114.89,53012.09,2888.3,725.0,42,0.734,327938.37
50438.69,12318.79,1449.58,727.0,65,0.273,611609.32
15000.0,5873.31,1513.83,803.0,52,0.492,152846.19
45742.15,26282.56,3743.07,642.0,32,0.656,260137.42
30522.29,18296.44,411.63,654.0,35,0.613,207111.09
60847.57,25144.2,6371.6,495.0,28,0.518,406867.5
30239.81,17808.62,1433.96,605.0,47,0.636,183499.39
83149.38,37951.37,2832.09,604.0,46,0.49,708227.77
57723.1,29349.67,573.86,720.0,40,0.518,485529.98
55560.1,39098.54,1306.28,825.0,51,0.727,313653.16
76397.3,52434.57,4295.23,726.0,36,0.743,329246.55
84097.67,33676.15,688.08,759.0,33,0.409,1086827.39
59497.53,23288.06,5775.79,623.0,23,0.488,546240.49
40719.99,19884.55,4346.22,584.0,58,0.595,261551.76
15650.76,8545.13,1008.91,661.0,32,0.61,76438.02
42848.76,19338.3,5092.71,630.0,26,0.57,386546.46
44569.69,31470.5,3002.22,611.0,46,0.773,184166.05
62676.44,37738.01,1313.29,697.0,59,0.623,481492.94
51371.33,31383.4,2544.27,585.0,19,0.66,315667.0
77198.32,27792.88,11042.7,746.0,64,0.503,792993.59
44675.42,32393.86,1161.13,648.0,50,0.751,202907.79
58573.97,11714.79,3996.09,676.0,55,0.268,806078.62
89599.69,60489.49,2615.92,688.0,40,0.704,492561.59
68545.63,47306.54,4594.74,643.0,30,0.757,319100.53
58499.06,28380.22,7263.23,781.0,37,0.609,482096.31
44951.39,33306.13,2247.98,552.0,24,0.791,161818.11
44169.22,23875.02,3702.23,783.0,34,0.624,351065.94
38734.67,21666.81,2562.34,652.0,68,0.626,283386.95
46474.83,27928.09,3630.34,754.0,38,0.679,268018.64
78891.65,71002.48,4309.99,696.0,45,0.955,61689.56
54452.79,40930.26,1241.29,748.0,47,0.774,252984.51
26255.67,17201.92,914.46,671.0,40,0.69,136798.83
104204.23,43044.61,8344.35,699.0,38,0.493,1013016.67
67999.13,38864.12,251.98,768.0,66,0.575,502596.79
24826.41,10626.48,622.43,688.0,18,0.453,242104.11
48953.78,32961.39,2890.65,786.0,34,0.732,188825.12
62772.16,35847.3,524.04,708.0,49,0.579,459386.32
102614.8,39129.26,7307.01,621.0,41,0.453,994686.55
32297.19,18156.47,1196.53,652.0,24,0.599,212956.19
84401.02,35666.81,2623.38,751.0,52,0.454,727465.59
94987.16,54397.48,11993.55,581.0,53,0.699,446275.6
44283.64,18649.54,2389.78,743.0,31,0.475,426446.21
53062.16,29402.97,6838.57,651.0,29,0.683,314363.62
34092.27,22588.53,4092.36,577.0,56,0.783,124555.73
54913.47,29765.42,453.62,697.0,40,0.55,410490.38
59085.25,29032.53,2563.16,624.0,31,0.535,532019.07
76491.25,44402.52,2472.44,634.0,42,0.613,611237.11
87254.59,57114.88,4052.74,630.0,39,0.701,423549.3
41297.6,15855.08,2583.87,689.0,62,0.446,492591.59
15000.0,8836.48,1363.98,649.0,66,0.68,83011.81
59468.88,44460.79,8409.22,711.0,54,0.889,127989.27
67338.44,42830.52,6659.2,761.0,46,0.735,386424.39
66235.44,37003.3,4757.65,723.0,25,0.63,514364.86
51833.17,33482.19,4917.66,824.0,28,0.741,259208.56
63118.8,38999.5,8678.73,844.0,47,0.755,350659.67
97886.12,64902.43,6319.4,657.0,39,0.728,501804.29
69543.35,17136.2,3360.05,588.0,32,0.295,823347.86
50665.79,16060.12,4619.12,657.0,38,0.408,497551.93
47495.05,33280.94,1088.75,689.0,64,0.724,235140.95
55753.69,18075.8,4286.37,850.0,42,0.401,725749.73
100918.5,61583.58,798.77,650.0,30,0.618,659030.3
55417.48,27553.16,5512.95,702.0,24,0.597,423041.19
59505.14,23836.07,2833.93,626.0,66,0.448,544491.72
47942.16,28882.63,582.63,652.0,35,0.615,358765.72
87474.58,50748.82,3577.93,583.0,29,0.621,513819.47
108995.93,94450.58,2435.51,563.0,64,0.889,248149.07
71265.33,32516.82,4641.83,789.0,43,0.521,680518.14
62069.32,47546.13,2096.65,765.0,22,0.8,222724.26
60919.57,36726.18,320.97,650.0,68,0.608,402833.38
15000.0,6762.7,906.93,765.0,25,0.511,126360.66
78628.77,52672.39,885.07,575.0,53,0.681,466697.29
63354.16,40221.07,7003.62,666.0,22,0.745,299372.19
70708.55,39269.87,10316.78,694.0,39,0.701,399591.65
42213.45,24903.58,1434.31,781.0,40,0.624,320840.67
50388.58,23201.52,1266.74,696.0,25,0.486,441367.24
49724.38,21189.14,2832.06,724.0,68,0.483,466257.1
85540.57,56791.78,3887.21,642.0,36,0.709,358887.04
50531.0,26094.67,5172.82,701.0,51,0.619,423650.09
112066.51,60290.39,10784.57,781.0,23,0.634,686830.5
70771.56,41894.87,129.88,551.0,67,0.594,448046.46
28107.93,16577.87,1331.97,771.0,66,0.637,192293.89
56786.34,19057.56,744.56,663.0,34,0.349,679493.89
43708.12,32472.42,1067.45,568.0,34,0.767,172044.33
15000.0,8522.66,2206.32,659.0,32,0.715,80011.72
99986.77,51953.33,12255.58,783.0,56,0.642,834070.23
77578.56,47681.87,3064.39,641.0,54,0.654,493310.24
73330.18,42933.45,6969.81,704.0,48,0.681,385408.6
64135.09,42653.65,4043.75,551.0,39,0.728,333583.47
25449.56,16050.98,1643.65,534.0,42,0.695,145217.77
47909.57,31509.02,1374.05,594.0,36,0.686,265051.58
81044.52,60998.08,2654.43,761.0,24,0.785,352235.62
33719.5,23015.03,800.87,676.0,19,0.706,166963.04
15000.0,7888.91,1586.62,768.0,32,0.632,117264.17
54322.35,20727.5,7186.03,773.0,39,0.514,465753.61
56456.06,45174.43,1033.5,619.0,63,0.818,166426.56
63389.09,32603.64,3538.24,805.0,55,0.57,574775.28
78212.97,37466.66,1103.82,636.0,24,0.493,768348.65
75940.15,21983.99,5980.21,760.0,58,0.368,834921.65
66469.25,39932.79,3388.05,757.0,40,0.652,424342.06
89888.28,51446.03,4565.47,685.0,19,0.623,595091.49
22025.76,7108.43,1976.69,685.0,69,0.412,260728.2
72614.55,44875.14,7440.61,706.0,50,0.72,361187.74
75663.46,35960.66,8663.83,689.0,35,0.59,548895.95
29010.94,26109.85,6348.25,649.0,61,1.119,0.0
22428.23,10420.06,3393.2,642.0,24,0.616,130676.35
41351.45,20043.91,4872.34,649.0,41,0.603,274159.03
43461.46,18200.95,5784.03,777.0,28,0.552,282326.74
78835.49,58470.82,7844.93,553.0,29,0.841,160562.39
44636.53,22054.18,859.3,640.0,35,0.513,360089.99
38591.29,17028.9,5385.87,654.0,54,0.581,238350.69
44709.16,29331.14,3076.79,662.0,18,0.725,193234.91
87965.81,30167.62,3399.79,704.0,18,0.382,796632.81
60326.08,38835.92,3815.75,572.0,44,0.707,287764.12
55518.72,45370.45,7521.79,762.0,26,0.953,53663.09
57249.86,36353.16,8364.76,751.0,18,0.781,237002.37
92301.51,59597.68,6641.54,734.0,45,0.718,535839.43
41270.71,28085.09,2535.95,663.0,29,0.742,166073.46
92887.71,74909.87,9426.66,621.0,66,0.908,175010.42
65262.41,47738.41,10524.04,654.0,33,0.893,123578.4
55989.52,34486.77,3537.17,685.0,66,0.679,286712.35
122522.51,83999.44,17152.86,733.0,24,0.826,397746.47
33609.01,14018.65,1930.88,673.0,52,0.475,331077.78
51157.86,34093.85,6807.57,709.0,58,0.8,204881.65
29189.22,11651.36,1287.1,645.0,40,0.443,324739.41
83811.55,41482.24,1850.45,703.0,52,0.517,753423.98
102229.72,20445.94,2111.24,660.0,33,0.221,1417046.55
101748.07,62088.14,2824.78,701.0,65,0.638,701642.68
90598.72,41079.2,4328.12,539.0,59,0.501,835630.2
55059.49,39459.58,3063.26,719.0,25,0.772,216396.39
50868.98,30955.24,1742.18,723.0,65,0.643,310603.59
18220.76,13093.7,2431.59,722.0,33,0.852,49848.76
110896.84,42968.15,4308.48,601.0,23,0.426,1215159.76
71724.45,50620.1,8089.98,623.0,53,0.819,215143.99
47701.08,41303.34,6401.24,611.0,48,1.0,0.0
93201.42,61943.88,1911.99,706.0,64,0.685,564843.28
35680.89,23854.54,2313.89,733.0,45,0.733,171038.04
70165.55,40376.04,4818.1,624.0,52,0.644,410072.91
55684.27,26243.98,6916.35,785.0,34,0.596,452953.91
75966.93,50455.63,6110.56,784.0,64,0.745,332890.79
58410.66,18930.17,3540.26,691.0,47,0.385,746082.12
23726.8,11562.94,1021.53,710.0,69,0.53,237487.13
61889.41,17597.73,132.78,546.0,26,0.286,716741.58
86221.6,38321.32,11230.37,638.0,40,0.575,772394.49
59269.59,38306.34,2621.04,580.0,62,0.691,317897.36
79377.88,49675.39,4018.28,607.0,18,0.676,420880.53
33861.76,18882.57,5994.53,721.0,29,0.735,161167.82
59343.48,34155.74,6013.88,740.0,34,0.677,355028.65
44387.24,11856.73,4966.89,744.0,63,0.379,494040.81
78674.52,38874.31,4011.4,699.0,50,0.545,603657.36
60787.29,27220.38,2801.9,722.0,39,0.494,636730.08
77251.84,34851.48,6313.48,553.0,27,0.533,586450.5
87192.76,55797.86,4418.28,577.0,43,0.691,369761.92
77290.46,32533.4,753.87,663.0,31,0.431,982979.0
66827.96,30693.94,2177.84,728.0,42,0.492,677635.85
35044.69,8303.48,4855.0,644.0,64,0.375,315053.4
59930.35,30317.66,5890.86,571.0,28,0.604,340876.94
46672.74,18054.15,5736.24,625.0,36,0.51,333230.88
51398.4,28879.76,962.04,605.0,60,0.581,375450.25
50636.65,20626.02,943.65,542.0,68,0.426,499791.57
35501.86,20082.74,1930.52,850.0,45,0.62,279776.6
15000.0,7924.46,898.49,779.0,44,0.588,113606.72
43296.42,34672.05,1656.59,522.0,28,0.839,106142.41
64834.49,40494.5,6006.43,526.0,39,0.717,303121.57
26295.57,7206.42,918.24,616.0,42,0.309,295767.25
60392.06,21757.25,8979.56,561.0,47,0.509,496969.57
107506.71,60018.98,570.08,850.0,36,0.564,1023395.32
85576.41,35131.07,2291.66,616.0,56,0.437,783104.06
101088.54,20217.71,7788.5,709.0,24,0.277,1538657.67
69778.2,52503.34,1204.59,640.0,23,0.77,245123.51
89187.75,58688.53,4926.43,587.0,26,0.713,415297.2
41900.88,26319.89,1353.21,764.0,35,0.66,272936.22
43891.49,20141.87,608.44,732.0,48,0.473,376674.12
15000.0,9212.27,2141.32,675.0,23,0.757,67008.92
89653.64,39837.23,1991.46,850.0,63,0.467,1008101.28
98508.1,57206.47,3990.9,699.0,39,0.621,598818.03
46170.57,19018.24,1442.15,643.0,26,0.443,423290.63
53651.21,41710.77,1191.91,833.0,48,0.8,200876.02
41153.45,12941.3,1996.67,712.0,39,0.363,410202.85
69566.34,51120.31,13247.71,810.0,38,0.925,105124.66
88123.31,48982.23,3539.61,677.0,52,0.596,630784.23
16430.7,7830.54,3113.02,439.0,46,0.666,75696.66
70235.96,40389.22,10711.69,555.0,38,0.728,308704.01
53083.21,35035.03,5118.54,767.0,52,0.756,247659.43
62834.86,47441.07,3549.09,633.0,40,0.811,161321.25
71474.85,42668.45,268.34,700.0,57,0.601,521987.83
55294.94,23024.57,10374.89,771.0,61,0.604,388884.03
57410.33,32054.74,3224.22,694.0,40,0.615,335231.76
54653.12,44953.23,8893.56,611.0,35,0.985,14905.14
84257.91,63374.73,3033.62,679.0,40,0.788,298201.42
70469.0,48363.9,3061.7,689.0,18,0.73,405187.57
65514.59,43852.39,4869.91,647.0,68,0.744,299657.45
28226.21,18485.84,715.24,569.0,61,0.68,151734.99
50535.51,36578.27,5116.91,652.0,37,0.825,165652.95
82466.73,39708.2,5265.48,673.0,33,0.545,797969.62
60942.41,21131.0,1171.12,565.0,26,0.366,607907.35
76488.29,42860.25,793.32,607.0,42,0.571,634168.36
104162.8,44515.3,11024.31,623.0,55,0.533,815423.57
85965.15,33676.58,6966.49,531.0,42,0.473,716033.1
62328.96,27546.8,2756.22,690.0,55,0.486,578168.9
47225.27,42502.74,2316.97,699.0,24,0.949,43287.05
15000.0,8556.28,827.84,636.0,63,0.626,95865.05
55790.38,33713.35,2408.97,571.0,33,0.647,281733.67
51849.69,19010.46,2686.08,713.0,52,0.418,555271.8
69759.15,19074.74,1822.93,724.0,48,0.3,882932.78
56152.37,23985.04,4718.83,688.0,18,0.511,554924.01
51990.37,39810.55,4610.76,683.0,37,0.854,136644.72
15515.03,9311.21,1603.87,728.0,66,0.704,70885.54
36500.8,23352.82,1235.79,672.0,44,0.674,206242.3
71916.28,47521.19,728.66,607.0,18,0.671,430522.21
102897.69,47466.46,2638.27,674.0,54,0.487,808868.96
57561.87,43643.11,3805.62,649.0,41,0.824,142212.9
68195.28,31034.23,3322.52,674.0,66,0.504,642252.8
83811.95,63775.44,2988.05,751.0,22,0.797,354723.33
39727.65,24485.95,1794.3,584.0,28,0.662,244234.03
69170.35,19481.36,2778.08,694.0,52,0.322,947174.85
41487.75,18163.28,2449.4,580.0,46,0.497,317156.39
81620.61,23038.17,2248.38,607.0,40,0.31,996616.63
63785.08,46211.8,5805.74,806.0,27,0.816,240223.11
67461.3,36853.41,7340.23,717.0,47,0.655,481936.8
40435.04,8723.8,5474.8,693.0,48,0.351,527964.09
77675.81,47099.66,2239.4,547.0,41,0.635,501699.23
112117.82,52630.95,4405.2,661.0,31,0.509,926967.58
34802.21,11395.26,2327.13,514.0,68,0.394,277733.89
51506.02,41292.12,1837.99,683.0,28,0.837,121079.5
65790.19,37243.36,2887.2,580.0,18,0.61,457684.11
79660.16,40306.87,8575.24,725.0,61,0.614,623565.53
46011.34,22549.53,2542.08,693.0,43,0.545,355010.97
15000.0,4845.12,1196.17,583.0,37,0.403,162131.33
93979.74,33298.68,7679.67,711.0,19,0.436,1032302.65
79012.65,58685.66,14020.77,847.0,50,0.92,113661.78
16426.31,7866.85,1176.3,664.0,64,0.551,147450.18
44810.78,24794.26,2148.21,750.0,62,0.601,350744.66
99204.56,24141.47,7377.25,512.0,62,0.318,868589.69
96194.91,33888.14,10488.32,717.0,62,0.461,919950.47
83466.0,53541.09,10180.59,634.0,34,0.763,382087.64
55597.19,33728.41,6217.18,658.0,23,0.718,258578.89
62074.69,50467.11,7665.88,728.0,29,0.937,81539.85
56726.85,42627.02,2235.35,661.0,32,0.791,238103.12
88205.99,45460.78,4102.17,551.0,20,0.562,590619.18
38103.94,23660.38,98.83,802.0,39,0.624,252204.21
39855.01,20027.52,967.04,564.0,55,0.527,335742.85
85256.86,73169.27,8225.36,613.0,38,0.955,70230.15
58890.96,42540.02,1358.44,690.0,52,0.745,289582.83
94461.68,54358.24,7210.07,691.0,61,0.652,592832.87
43212.19,25065.63,1244.3,714.0,60,0.609,358644.23
58630.54,44953.65,5510.09,691.0,44,0.861,162679.42
36939.68,23528.23,3563.3,772.0,23,0.733,181474.22
60184.07,47171.92,4733.78,719.0,28,0.862,165031.32
23036.33,5089.94,1045.14,585.0,34,0.266,291188.17
47809.16,29602.68,480.16,472.0,53,0.629,236506.13
24093.65,11388.7,508.49,692.0,48,0.494,189390.32
77348.08,62919.31,1560.03,797.0,60,0.834,251223.94
77914.73,60926.19,8820.71,580.0,30,0.895,130339.51
16743.43,9291.36,318.1,596.0,65,0.574,109450.37
93347.14,72842.94,1192.86,708.0,46,0.793,342558.06
122435.38,100086.9,571.73,719.0,55,0.822,428290.33
61150.16,34315.08,7185.26,770.0,37,0.679,389608.92
43972.14,39574.93,979.94,811.0,55,0.922,67418.03
130608.26,71220.53,18695.89,699.0,66,0.688,625685.45
27025.79,13994.54,2359.92,606.0,52,0.605,149663.2
60502.66,41134.6,656.77,608.0,56,0.691,366158.52
64490.56,32047.38,3928.65,637.0,18,0.558,498554.19
93628.69,52694.32,9690.7,762.0,61,0.666,647280.92
68993.47,52532.68,3375.54,640.0,67,0.81,234080.46
47534.15,26280.82,2698.59,757.0,30,0.61,327831.87
36220.39,10712.08,936.54,558.0,44,0.322,392726.66
51454.45,31134.98,2150.11,703.0,20,0.647,373865.29
34826.82,15517.3,1872.11,620.0,37,0.499,321409.7
61195.63,41600.22,4134.71,722.0,45,0.747,266146.11
45895.1,30035.06,906.58,659.0,23,0.674,291600.18
22649.06,17455.85,1777.29,744.0,63,0.849,59743.3
91378.64,62697.62,1121.44,645.0,63,0.698,507759.63
47558.19,33934.51,2253.28,678.0,26,0.761,172173.86
28296.58,12723.15,727.16,745.0,62,0.475,275753.77
55793.52,37415.02,4721.24,672.0,50,0.755,252758.06
61709.29,52160.87,2535.09,685.0,21,0.886,120452.89
16338.33,7298.37,968.52,741.0,30,0.506,164306.18
68291.19,55996.1,3283.73,674.0,69,0.868,143296.83
33821.06,15814.64,1606.56,553.0,55,0.515,292626.03
102775.72,43392.35,5565.18,634.0,18,0.476,977746.01
73099.01,43452.25,2779.99,526.0,63,0.632,403062.05
50002.5,32870.97,3504.2,660.0,42,0.727,203958.81
41370.81,28411.92,1687.8,718.0,18,0.728,242895.72
57375.81,23279.41,3870.49,690.0,49,0.473,550631.82
75319.77,46335.29,2549.27,792.0,59,0.649,487743.66
59362.65,26545.01,3207.83,783.0,66,0.501,552086.03
54571.03,17826.26,4664.83,701.0,36,0.412,532401.26
61459.26,25240.67,10087.81,489.0,34,0.575,439834.33
44903.53,19639.23,2753.31,734.0,69,0.499,428776.62
51419.85,32303.97,3883.46,618.0,56,0.704,227738.5
15000.0,10842.48,947.83,750.0,58,0.786,61342.16
84343.16,27750.5,3294.04,705.0,29,0.368,854135.86
67469.94,40670.49,4555.14,732.0,37,0.67,451087.49
40663.6,15187.66,370.43,720.0,39,0.383,432250.21
107468.37,69248.62,1754.42,850.0,62,0.661,823731.69
62175.41,28388.7,3838.01,722.0,48,0.518,641213.16
34096.41,13376.04,5221.97,578.0,51,0.545,251635.41
81418.44,54546.25,5460.68,766.0,40,0.737,379242.79
69951.21,32314.77,10201.69,646.0,61,0.608,414346.26
69864.5,35114.28,6543.25,788.0,36,0.596,444467.96
49356.11,10710.36,114.46,803.0,66,0.219,643926.96
71262.39,49312.34,833.76,730.0,19,0.704,374675.03
53456.04,35983.2,3692.33,578.0,19,0.742,176890.88
73898.54,40704.69,3275.07,643.0,55,0.595,568517.99
15000.0,4812.94,719.17,787.0,56,0.369,193045.29
49153.16,35950.89,3105.86,840.0,54,0.795,212741.28
103053.88,46380.48,6232.54,685.0,29,0.511,1026085.1
40823.31,19676.71,1261.76,658.0,45,0.513,314073.65
44904.04,40270.24,2707.45,586.0,28,0.957,29105.87
48800.97,21689.81,613.57,587.0,59,0.457,501425.56
29629.85,19595.15,2548.8,699.0,66,0.747,129780.71
15000.0,9514.71,319.28,736.0,46,0.656,101126.25
54235.34,33003.61,1652.88,561.0,38,0.639,256397.12
63396.49,37549.74,4599.29,746.0,46,0.665,446061.87
58687.37,35591.44,4220.68,790.0,46,0.678,380969.27
56378.04,33307.64,1827.07,730.0,57,0.623,338734.95
61076.02,33116.17,4712.13,812.0,59,0.619,527045.7
85571.04,66462.38,6084.58,708.0,29,0.848,244619.81
55238.85,19504.89,7676.82,709.0,19,0.492,619596.7
45647.94,32100.48,3271.56,708.0,57,0.775,150797.89
52971.86,35668.68,2348.15,789.0,55,0.718,301703.99
74483.67,48768.92,4026.48,723.0,50,0.709,380413.03
95300.67,68382.7,3889.57,638.0,62,0.758,393772.02
44296.41,23747.75,5199.12,714.0,63,0.653,289175.63
62473.34,16846.18,1880.8,715.0,27,0.3,666154.3
68458.94,36910.05,7611.53,663.0,58,0.65,519973.18
35185.55,14120.7,2580.73,762.0,28,0.475,415330.19
60510.43,26637.97,2789.4,687.0,33,0.486,579635.45
23358.15,8493.89,1216.68,736.0,25,0.416,223241.14
15773.74,7546.13,1585.51,721.0,64,0.579,120296.98
69168.66,31852.61,1564.35,622.0,63,0.483,637894.3
50403.13,10080.63,6513.83,602.0,21,0.329,541381.06
65057.01,42614.51,2025.44,623.0,61,0.686,386841.31
59552.63,52587.84,3282.25,674.0,45,0.938,67528.66
35590.0,22810.9,1590.65,807.0,34,0.686,218904.23
58868.64,30585.87,10594.22,676.0,35,0.7,345172.77
29172.47,15805.29,2540.0,710.0,22,0.629,165908.19
94774.31,46141.07,3075.65,750.0,25,0.519,797229.81
26100.74,14707.93,1579.72,651.0,22,0.624,172671.33
55105.37,30002.05,957.78,647.0,52,0.562,396268.9
33943.21,14386.58,1785.12,764.0,40,0.476,292506.41
74260.53,59589.12,321.06,725.0,39,0.807,237106.12
51714.22,16906.77,947.22,635.0,65,0.345,595483.12
47033.33,30936.16,383.31,647.0,19,0.666,286083.39
81330.04,43496.96,7140.22,687.0,53,0.623,688380.33
60735.76,50721.94,7863.37,706.0,20,0.965,44010.17
72916.11,43832.04,10697.12,780.0,45,0.748,316819.9
35466.85,17592.06,4722.89,723.0,61,0.629,275905.6
24879.58,12759.34,1649.37,601.0,40,0.579,180844.65
62680.2,34849.31,4123.29,617.0,26,0.622,405824.08
52028.84,19697.15,7524.16,705.0,36,0.523,426618.03
75660.87,32910.17,7262.9,691.0,40,0.531,545954.25
58002.29,16371.63,3599.35,612.0,30,0.344,659310.53
65126.88,26803.19,4568.95,764.0,63,0.482,563930.18
19415.44,10951.98,1240.84,500.0,26,0.628,111777.05
107210.92,63793.31,778.68,707.0,22,0.602,879152.67
55893.95,14146.79,7878.92,556.0,57,0.394,621242.41
77439.67,40997.98,3287.78,750.0,47,0.572,614913.34
39097.71,24807.95,799.71,659.0,40,0.655,265463.61
67700.25,35580.76,1902.9,740.0,50,0.554,585974.12
27428.88,12478.27,917.13,649.0,38,0.488,286717.14
71301.7,34807.76,1488.68,786.0,65,0.509,600367.48
51100.65,23960.35,863.23,531.0,30,0.486,423487.04
60729.76,27601.1,7942.78,750.0,59,0.585,455649.1
77449.35,44616.52,10404.17,631.0,58,0.71,409584.14
29186.49,26155.57,436.38,710.0,65,0.911,49692.23
42887.71,18803.9,5625.84,713.0,58,0.57,342157.82
71433.11,35879.32,7001.39,569.0,29,0.6,586398.55
112455.54,60978.49,14144.73,760.0,39,0.668,631325.58
56547.94,25271.1,4156.95,711.0,21,0.52,459067.7
74778.4,53446.77,13594.88,689.0,26,0.897,154943.26
57325.71,11465.14,4968.16,711.0,48,0.287,786186.78
108556.14,51058.42,11472.83,690.0,67,0.576,768560.51
16319.46,10978.87,1660.24,747.0,65,0.774,78899.08
62365.53,31549.84,2584.97,642.0,19,0.547,501408.84
19361.4,8264.88,1256.0,747.0,63,0.492,187754.63
15000.0,9241.7,363.97,726.0,53,0.64,94911.39
67436.55,46258.2,6733.93,666.0,28,0.786,271181.02
63487.44,36924.0,1956.28,828.0,46,0.612,433000.12
52879.08,22728.32,576.96,716.0,53,0.441,505991.25
57345.15,35463.99,4406.82,696.0,51,0.695,348541.09
137457.49,67311.91,2846.67,726.0,64,0.51,928935.67
53545.62,35435.32,2368.75,672.0,67,0.706,267057.83
72753.11,56200.96,5816.06,776.0,26,0.852,219241.84
43765.88,8753.18,1841.65,678.0,29,0.242,688208.95
67380.81,38182.02,3366.33,746.0,38,0.617,497256.98
54044.16,15653.35,3518.64,595.0,22,0.355,645311.34
49737.04,44763.33,4264.05,536.0,24,0.986,12358.06
105472.46,50603.72,19766.8,712.0,61,0.667,605408.21
89429.62,59198.48,16318.83,649.0,54,0.844,237529.23
63418.67,34544.3,45.44,665.0,68,0.545,522800.14
15000.0,6443.06,968.19,493.0,20,0.494,144151.16
50974.77,20985.91,2030.85,816.0,32,0.452,575315.34
127575.69,100510.75,6101.36,688.0,36,0.836,377552.25
54233.46,37604.98,641.55,787.0,66,0.705,269447.59
87580.44,73702.23,12669.29,569.0,20,0.986,19474.51
96048.56,53625.64,11225.31,688.0,37,0.675,547305.45
65474.1,38838.45,1958.35,713.0,32,0.623,487847.65
38954.46,19863.71,2096.8,691.0,55,0.564,292226.21
15000.0,7604.07,2002.93,699.0,28,0.64,99960.71
77104.08,30357.18,3656.91,569.0,31,0.441,736823.1
39631.1,22296.52,2205.24,705.0,21,0.618,284667.01
64403.76,27797.5,4358.76,613.0,52,0.499,522588.46
28754.49,17721.0,230.79,631.0,25,0.624,179405.96
53369.06,30713.98,2603.94,681.0,38,0.624,375901.23
60842.98,36089.15,2550.16,652.0,52,0.635,371591.44
66714.84,53456.57,1818.12,656.0,21,0.829,169134.1
32129.45,17489.42,1774.2,770.0,53,0.6,252369.7
89922.77,59664.57,1964.41,668.0,31,0.685,409493.96
45077.63,38664.27,4587.59,648.0,61,0.959,31904.31
18138.26,13531.01,2294.07,670.0,20,0.872,37240.01
57274.41,41408.0,5235.27,591.0,37,0.814,176161.91
60859.38,30672.93,9585.17,693.0,25,0.661,441528.29
64014.74,37413.19,2798.47,738.0,68,0.628,476180.53
94053.31,33131.08,10240.43,705.0,31,0.461,880780.78
54088.78,33796.68,2920.1,683.0,18,0.679,273407.6
57009.51,33702.26,3481.02,728.0,37,0.652,301064.47
32420.39,17944.94,2024.18,636.0,31,0.616,189320.26
80513.84,56688.12,11806.03,683.0,68,0.851,198421.92
64607.73,23829.51,1646.9,792.0,45,0.394,669690.51
49499.31,39363.31,641.38,656.0,56,0.808,176396.89
15000.0,10278.97,993.06,729.0,62,0.751,69134.79
96110.3,51842.37,3839.7,731.0,26,0.579,877708.08
29308.0,15465.56,1903.35,619.0,40,0.593,185333.66
45218.05,28129.77,4163.89,735.0,33,0.714,234255.24
68958.61,53658.61,12189.5,631.0,65,0.955,44967.87
30086.05,17005.87,2852.89,714.0,44,0.66,190679.45
22662.26,12953.85,980.85,630.0,57,0.615,123673.55
15000.0,8290.77,2030.73,702.0,25,0.688,76275.77
78024.92,63770.05,1740.87,690.0,45,0.84,226680.0
46370.34,22937.9,8233.23,689.0,35,0.672,194255.37
133181.75,72660.48,7400.76,702.0,51,0.601,908093.18
35141.12,27041.63,2786.38,638.0,19,0.849,88698.4
36963.72,21145.16,3462.13,587.0,41,0.666,227498.06
45865.18,33048.56,1728.85,687.0,27,0.758,212703.04
66078.37,27310.72,12514.46,768.0,66,0.603,501449.14
48244.92,25049.06,2110.66,727.0,57,0.563,362828.56
75308.31,58188.1,3539.19,716.0,25,0.82,244878.55
35535.29,15939.32,1112.98,639.0,22,0.48,347709.76
25460.21,13425.3,422.11,695.0,20,0.544,218794.98
15044.63,8853.81,1077.04,614.0,50,0.66,100707.52
15000.0,6024.4,611.71,646.0,47,0.442,147591.19
47048.27,22956.19,1374.05,709.0,69,0.517,427851.52
52475.49,29748.12,1557.13,535.0,56,0.597,305688.9
44214.07,24627.34,5976.33,818.0,24,0.692,262263.13
91085.14,67589.99,5066.82,573.0,62,0.798,314291.53
90700.76,70857.12,5135.49,831.0,38,0.838,290630.79
51629.93,21766.52,2277.7,613.0,55,0.466,560588.96
15151.97,8586.48,977.85,612.0,30,0.631,83875.86
45832.37,29843.16,3688.48,648.0,42,0.732,210030.18
45004.47,34988.82,651.41,645.0,19,0.792,191993.32
43571.63,28660.26,2539.41,632.0,19,0.716,232218.74
42557.03,25263.43,5240.94,650.0,19,0.717,217989.41
43663.43,28380.41,1770.25,687.0,32,0.691,214685.07
50336.46,32772.32,2795.36,608.0,32,0.707,259405.65
44111.47,18122.88,5984.06,747.0,35,0.547,370489.96
65208.06,37750.24,3001.12,793.0,22,0.625,529255.6
69009.22,53059.4,2463.95,524.0,43,0.805,221097.28
37233.87,19320.53,806.87,828.0,47,0.541,394962.96
91776.63,52259.17,6535.57,742.0,31,0.641,746697.09
35498.44,18232.8,2682.58,701.0,22,0.589,276696.13
19554.98,3968.12,2596.93,634.0,57,0.336,237513.29
69519.45,38450.41,6744.03,693.0,38,0.65,438935.86
39564.8,23551.69,1928.6,752.0,60,0.644,225050.77
68032.29,32187.84,1336.38,850.0,25,0.493,588883.52
15000.0,5652.07,1291.98,850.0,23,0.463,177974.18
94811.4,39622.54,7761.78,558.0,43,0.5,900067.5
76807.34,51048.32,3758.5,663.0,21,0.714,372949.69
22488.09,19022.19,1260.66,686.0,69,0.902,38987.05
23030.57,17442.55,890.1,787.0,47,0.796,88864.76
101806.65,35464.15,16238.0,673.0,52,0.508,832428.86
41565.5,28189.48,1966.43,620.0,44,0.726,242942.98
39145.38,17636.0,4585.43,684.0,44,0.568,296593.24
15000.0,6939.9,305.26,649.0,61,0.483,153327.25
51230.54,24626.71,2644.98,759.0,60,0.532,354682.32
54307.01,35620.51,4671.54,850.0,22,0.742,317957.33
77887.33,54045.08,2778.61,753.0,57,0.73,484778.32
25023.04,13394.72,641.54,756.0,28,0.561,216516.95
21992.83,11828.61,1905.95,779.0,60,0.625,171497.01
71274.07,44164.23,6136.41,716.0,69,0.706,428526.41
85168.25,54098.8,1179.11,648.0,52,0.649,560555.11
20721.19,15052.57,563.74,656.0,28,0.754,89670.68
87037.85,31102.47,3002.15,768.0,55,0.392,936785.28
60938.55,33699.27,1345.38,703.0,55,0.575,513823.41
87295.13,34027.32,509.66,601.0,67,0.396,797233.92
58244.49,31589.4,2998.55,785.0,22,0.594,491156.26
15000.0,7741.11,288.08,618.0,54,0.535,108909.31
56200.82,30516.34,6642.22,590.0,68,0.661,288437.56
86503.6,37199.88,10233.11,610.0,54,0.548,536503.75
37656.35,12310.11,2312.99,705.0,43,0.388,403277.42
50300.88,11862.68,849.89,758.0,50,0.253,794679.95
55596.66,29484.19,1449.72,700.0,50,0.556,483455.72
15000.0,7280.25,195.56,635.0,40,0.498,126414.72
101783.69,45661.11,5430.23,615.0,24,0.502,804132.95
37465.61,28038.6,1048.27,742.0,49,0.776,184677.8
72643.39,30588.99,4215.23,673.0,26,0.479,534222.32
57832.47,44098.71,4210.52,707.0,33,0.835,175652.48
91440.48,72565.02,14841.95,669.0,26,0.956,64572.89
70151.4,18054.51,387.06,704.0,61,0.263,968651.67
54126.89,30519.84,2791.02,711.0,60,0.615,390982.75
37662.12,18456.15,78.86,850.0,45,0.492,424775.43
79946.27,15989.25,429.83,712.0,40,0.205,1320610.48
15000.0,4999.56,683.24,649.0,29,0.379,133429.48
76147.26,50732.38,3324.49,694.0,59,0.71,373998.95
32523.88,27738.96,3127.78,604.0,26,0.949,28772.91
91307.09,62582.04,4411.55,603.0,62,0.734,464083.12
64032.49,38326.32,9726.57,780.0,29,0.75,327708.19
76103.09,41613.18,6853.93,704.0,26,0.637,447518.19
62049.72,49788.66,11183.11,770.0,36,0.983,21190.89
16190.57,14122.0,1149.7,550.0,53,0.943,16459.48
38481.77,17777.56,2052.23,602.0,50,0.515,292057.39
76809.73,19202.59,4946.96,704.0,30,0.314,900312.95
64166.4,15096.55,5861.41,614.0,19,0.327,707057.89
89524.75,66989.77,1766.37,566.0,57,0.768,323289.31
70081.86,38050.33,10297.34,594.0,61,0.69,363353.04
35832.45,20692.75,2481.76,654.0,42,0.647,225459.38
40098.4,11283.78,2471.84,713.0,30,0.343,488161.44
62572.93,27345.73,3997.69,817.0,30,0.501,647715.6
15000.0,7585.17,277.28,596.0,50,0.524,118022.34
101836.05,59184.64,5343.82,600.0,44,0.634,573696.44
71043.67,34826.4,3894.59,564.0,57,0.545,489581.66
90675.86,35762.66,4957.33,726.0,54,0.449,981440.13
20484.9,8855.93,2539.37,690.0,36,0.556,153422.8
91114.13,66627.07,5157.63,603.0,39,0.788,345376.38
115787.47,67934.56,20575.4,614.0,69,0.764,495361.92
26978.04,17315.14,419.96,670.0,34,0.657,183996.35
79285.04,32916.69,14063.33,675.0,68,0.593,530410.37
60027.75,12005.55,1528.75,597.0,19,0.225,729821.44
21389.15,10085.72,2809.06,694.0,29,0.603,169129.95
72322.1,30376.32,1478.08,570.0,50,0.44,554103.83
80840.08,48694.17,6334.52,684.0,45,0.681,498693.05
44971.84,40474.65,3939.54,666.0,43,0.988,11082.07
89147.91,58327.24,6356.55,712.0,42,0.726,370834.95
18330.91,16497.82,1446.39,777.0,45,0.979,7579.82
22631.1,14377.89,1335.62,650.0,48,0.694,116904.0
63414.93,28886.58,998.1,680.0,61,0.471,699393.04
60634.63,36513.41,2060.28,522.0,48,0.636,418509.55
42085.66,34388.02,1982.31,838.0,44,0.864,142681.72
80239.86,66152.5,4912.29,531.0,68,0.886,172074.28
73272.36,33976.35,3613.06,673.0,61,0.513,738955.82
81453.48,47892.82,4327.51,476.0,18,0.641,578716.66
56921.59,19103.45,4138.62,614.0,52,0.408,592523.47
75064.51,50570.98,1661.92,819.0,50,0.696,481836.53
48858.74,38256.55,459.11,772.0,18,0.792,226398.36
111345.47,61904.73,3107.77,759.0,26,0.584,877808.36
39686.36,17854.59,2123.8,665.0,50,0.503,327301.88
112632.44,68032.2,6420.3,812.0,61,0.661,708897.08
60872.2,37291.46,29.16,701.0,54,0.613,420026.25
25612.23,14398.47,1298.85,735.0,64,0.613,185926.61
94201.98,54336.39,2302.26,850.0,32,0.601,710489.63
63147.53,33084.75,4514.17,767.0,32,0.595,408336.94
81278.1,56845.36,2288.51,675.0,66,0.728,450964.09
90596.4,59832.95,13414.73,721.0,46,0.809,397866.32
68448.89,27553.04,10573.81,792.0,58,0.557,506767.41
45193.98,18005.8,2396.71,730.0,38,0.451,408382.28
84392.83,43195.95,7035.22,743.0,63,0.595,603613.66
60018.89,39644.01,907.96,783.0,35,0.676,330739.69
77146.45,44143.86,1451.51,850.0,33,0.591,610514.37
15000.0,6802.91,1281.54,605.0,46,0.539,119103.92
71174.54,41938.02,3777.38,736.0,58,0.642,504603.17
44035.35,22034.34,1926.05,717.0,44,0.544,360591.21
101332.74,69116.32,4137.96,649.0,32,0.723,573180.96
75577.18,45343.19,5139.71,628.0,69,0.668,396571.94
65996.44,33176.96,4033.61,812.0,64,0.564,536263.65
72157.75,42192.64,9014.32,598.0,26,0.71,443212.24
35038.98,26183.13,1662.77,567.0,45,0.795,123566.84
100581.42,46725.65,3920.54,635.0,19,0.504,919555.91
109784.26,67012.15,6899.45,537.0,38,0.673,539840.39
69822.84,37664.6,6836.25,612.0,28,0.637,446832.19
99760.09,61257.44,12957.56,596.0,49,0.744,439965.62
45771.3,20680.17,2968.78,687.0,39,0.517,407742.98
40072.16,22702.9,2282.95,796.0,52,0.624,305597.48
61023.12,43703.14,2337.99,633.0,59,0.754,297308.97
70873.53,29019.09,6197.07,749.0,58,0.497,592059.28
50150.33,17582.17,1339.96,740.0,33,0.377,624622.41
73444.2,26166.82,7902.85,502.0,48,0.464,644665.64
67659.74,25331.85,2692.0,636.0,27,0.414,746312.47
35042.33,22402.51,2823.12,650.0,57,0.72,191505.54
72969.83,24745.6,3192.62,711.0,53,0.383,816614.97
81588.21,41227.8,9755.81,726.0,38,0.625,560715.77
64286.73,41319.87,5400.41,706.0,25,0.727,345337.35
88816.2,54399.82,12702.91,608.0,64,0.756,344625.94
29564.91,14550.85,1822.39,629.0,59,0.554,227694.05
71698.76,41487.67,2281.28,560.0,61,0.61,470738.08
30742.98,17402.74,142.06,685.0,64,0.571,265481.45
32147.97,16600.05,1808.8,651.0,50,0.573,247596.04
44226.73,22926.02,5250.09,723.0,57,0.637,305353.78
36448.5,32268.37,23.0,736.0,39,0.886,76527.01
46300.1,31085.73,1479.77,653.0,47,0.703,252076.96
54646.24,49181.62,3161.55,703.0,40,0.958,43203.91
80928.86,38478.08,744.97,663.0,69,0.485,699534.65
51971.02,27921.69,1722.72,591.0,32,0.57,404700.56
20359.36,7129.46,1780.37,616.0,64,0.438,172480.87
88501.7,37928.73,3579.17,498.0,60,0.469,755543.42
39072.75,32636.96,5441.25,648.0,43,0.975,20809.84
58531.99,27609.24,5046.89,633.0,33,0.558,388892.83
71163.41,59627.27,13296.85,592.0,27,1.025,0.0
64990.26,23623.68,4514.32,746.0,53,0.433,782222.89
87354.49,34241.18,15491.06,722.0,45,0.569,759381.66
71975.08,35902.27,11441.44,724.0,59,0.658,414929.91
38467.26,20789.15,2609.91,735.0,43,0.608,249686.74
114464.05,78804.28,6060.69,680.0,48,0.741,416890.61
64858.34,40057.52,2330.47,679.0,35,0.654,334359.0
56316.49,27457.26,6832.5,746.0,34,0.609,408593.71
84098.14,44572.23,1101.14,733.0,65,0.543,807903.27
66236.27,33259.92,2162.38,762.0,69,0.535,652900.27
69980.7,28888.17,1901.17,677.0,49,0.44,765636.88
122304.6,50977.24,4330.61,601.0,56,0.452,987714.6
53121.96,37407.56,1984.79,699.0,68,0.742,287484.59
52055.98,14355.75,6864.26,634.0,68,0.408,576341.76
62914.46,49866.24,6343.69,732.0,22,0.893,107478.49
86787.9,43268.18,5111.91,703.0,59,0.557,620356.69
22336.65,9696.87,456.2,684.0,46,0.455,239666.74
15000.0,9914.46,23.74,649.0,53,0.663,97775.96
45322.12,35024.14,1043.76,760.0,56,0.796,170043.34
19151.93,13744.28,1203.1,754.0,67,0.78,76145.04
49379.22,30875.73,1375.98,635.0,28,0.653,316085.67
72562.49,51739.2,779.14,582.0,50,0.724,345734.48
37731.28,11037.36,2541.06,694.0,21,0.36,469588.9
24329.34,11476.77,4574.95,775.0,65,0.66,136941.92
61733.43,25515.94,7183.69,579.0,50,0.53,490210.54
81563.59,59842.86,4852.79,718.0,18,0.793,325135.27
17625.66,8680.26,660.74,614.0,38,0.53,146491.44
80505.81,54487.22,4358.03,599.0,34,0.731,372807.45
80432.66,50703.02,6517.46,754.0,51,0.711,409626.39
83852.13,35272.73,9232.01,732.0,46,0.531,764002.58
90462.01,41789.49,3570.29,668.0,20,0.501,668258.25
115050.35,85605.82,11796.03,743.0,66,0.847,341768.0
51097.7,22159.93,313.67,735.0,41,0.44,617867.4
62739.29,35681.72,3129.73,561.0,51,0.619,407879.28
49589.04,21453.15,697.14,687.0,19,0.447,454277.8
60049.42,30199.28,2114.7,793.0,48,0.538,524060.11
98321.83,53396.2,6646.21,718.0,57,0.611,654088.22
26374.64,11408.88,707.85,471.0,24,0.459,226657.89
38473.76,15617.77,2059.5,594.0,68,0.459,356428.28
94429.52,55991.14,2785.55,760.0,46,0.622,618088.32
85500.91,36191.63,6603.39,635.0,68,0.501,832806.47
50921.71,21814.93,2833.54,770.0,28,0.484,489831.99
81360.05,33287.82,2626.01,844.0,60,0.441,955541.59
68530.4,36890.86,6456.72,661.0,42,0.633,521338.78
97506.87,67431.38,6357.19,631.0,36,0.757,364988.82
61862.74,48004.21,6206.8,600.0,28,0.876,151899.52
85640.8,37777.21,12394.95,741.0,62,0.586,629149.55
126050.3,109984.76,15330.96,632.0,52,0.994,14609.42
74952.48,29928.1,1067.96,648.0,50,0.414,873680.06
61233.2,43630.63,2868.56,591.0,22,0.759,235644.88
78061.17,34483.18,2699.83,645.0,52,0.476,716394.8
50867.98,21332.07,3099.59,623.0,20,0.48,374831.64
119699.19,52462.55,12281.98,521.0,48,0.541,860130.11
64501.78,34968.53,273.24,613.0,29,0.546,456626.3
53176.67,33873.31,3763.51,740.0,21,0.708,271699.66
39107.77,25438.83,1941.55,788.0,49,0.7,229811.7
87430.5,35706.81,4775.35,671.0,67,0.463,883188.72
81679.69,32798.57,1483.46,683.0,67,0.42,807262.25
47566.14,19621.23,263.77,703.0,41,0.418,511890.25
74411.28,39683.3,419.2,837.0,68,0.539,655172.42
22286.1,11554.82,916.01,599.0,53,0.56,175964.2
64624.26,26332.69,8291.76,579.0,19,0.536,495491.98
71318.91,42109.58,234.16,676.0,22,0.594,466929.4
102683.25,91324.97,10687.33,712.0,29,0.993,11540.93
40729.53,19317.72,3078.16,677.0,42,0.55,323088.12
28041.18,13599.22,886.29,571.0,58,0.517,242352.1
37614.3,23845.56,2874.43,751.0,41,0.71,238549.0
26585.79,12393.7,1386.91,669.0,42,0.518,215905.89
93416.43,60752.88,239.48,724.0,61,0.653,499709.63
98715.98,43654.04,14002.0,804.0,62,0.584,908950.14
68005.41,56092.09,4985.56,563.0,62,0.898,122315.6
90532.37,54474.8,3944.24,543.0,35,0.645,544015.41
63348.96,28950.26,2465.78,725.0,68,0.496,518115.45
57622.21,26603.96,997.36,517.0,37,0.479,481214.39
51674.06,24438.21,1145.44,648.0,50,0.495,495884.58
52240.23,39489.04,1250.98,634.0,46,0.78,173686.12
21304.96,7663.12,3003.99,709.0,46,0.501,214870.18
66606.37,29960.13,1379.41,627.0,39,0.471,642522.03
58991.65,27475.42,1482.48,719.0,29,0.491,628142.71
78634.02,43063.67,6496.41,595.0,51,0.63,536853.43
62338.09,31750.88,3274.46,581.0,21,0.562,360157.74
55932.41,18251.63,398.66,682.0,22,0.333,609446.45
38220.17,18728.9,3110.82,688.0,69,0.571,319331.68
61803.83,33069.21,3283.8,704.0,27,0.588,411833.73
78455.93,35759.06,1664.69,798.0,39,0.477,741673.76
31416.53,20515.5,4627.9,782.0,42,0.8,119741.5
62186.84,42779.03,3763.79,716.0,18,0.748,276259.02
65826.07,35430.36,1689.21,745.0,27,0.564,435071.93
42048.38,24580.69,2058.35,701.0,32,0.634,296214.07
45303.59,10231.44,3698.25,774.0,57,0.307,592077.43
65765.27,32016.81,2308.37,709.0,48,0.522,595913.96
31664.47,22188.03,2976.73,636.0,34,0.795,112121.21
68748.09,33444.88,1680.32,620.0,29,0.511,452281.92
37616.14,16528.94,1046.25,772.0,22,0.467,361296.75
86571.34,77191.63,3836.27,665.0,55,0.936,90448.11
118445.69,97464.41,7493.74,833.0,65,0.886,270946.02
38481.08,23863.51,3858.04,592.0,56,0.72,195781.97
73355.2,52877.11,4726.03,780.0,68,0.785,293223.1
41831.45,9040.18,2221.19,646.0,26,0.269,576121.55
86023.85,37150.89,6072.37,713.0,68,0.502,902916.64
28368.54,13602.89,1646.42,576.0,34,0.538,234317.83
72014.67,37058.96,26.13,533.0,46,0.515,677769.89
38175.28,18190.84,1285.73,798.0,68,0.51,323365.9
54825.39,10965.08,6074.56,645.0,59,0.311,740987.36
34224.37,20805.12,3026.26,759.0,34,0.696,189145.06
80558.76,50876.73,2553.83,627.0,63,0.663,489853.83
39075.49,30880.77,1564.83,759.0,31,0.83,107545.91
73799.11,31863.03,8330.97,646.0,37,0.545,709656.02
51397.55,21560.01,5259.5,583.0,64,0.522,386899.85
57138.19,11427.64,5832.42,732.0,44,0.302,812152.15
63693.9,32226.88,1189.23,756.0,68,0.525,681774.25
40954.38,28060.58,6597.84,731.0,56,0.846,117744.08
65259.18,29904.03,2017.03,668.0,65,0.489,676161.05
98258.36,85633.81,3981.53,540.0,37,0.912,124334.58
40547.63,20740.55,5790.93,594.0,40,0.654,261023.56
89295.25,51081.25,9518.41,624.0,26,0.679,508478.32
97452.44,33673.18,7949.56,659.0,68,0.427,977333.34
39596.13,23483.79,1683.46,770.0,66,0.636,260306.09
23623.63,5979.19,4312.54,671.0,36,0.436,206038.5
67549.02,44180.76,4997.08,511.0,49,0.728,299500.81
46314.81,30505.91,1991.42,473.0,69,0.702,206712.55
106715.08,80451.83,930.67,624.0,29,0.763,470311.31
60870.19,24165.75,58.03,639.0,19,0.398,665596.75
39945.01,22931.81,554.98,708.0,53,0.588,314401.6
31321.01,19875.45,4392.4,564.0,38,0.775,125317.23
87247.62,53774.4,1208.96,569.0,57,0.63,484839.2
45720.4,19211.95,3438.51,716.0,60,0.495,364988.9
61095.72,12219.14,1624.17,787.0,28,0.227,831543.56
83895.07,50508.53,3567.84,523.0,45,0.645,468956.62
47893.54,25245.89,398.52,618.0,29,0.535,350037.73
58851.78,27366.04,10103.61,769.0,22,0.637,360139.48
59585.79,39600.23,9914.69,755.0,67,0.831,162691.22
77083.11,41876.33,1046.25,606.0,32,0.557,579132.63
74768.61,26327.58,2289.02,773.0,49,0.383,867558.17
54497.16,14184.64,3011.28,684.0,34,0.316,677384.18
61591.23,23445.04,1540.25,733.0,58,0.406,741957.66
50705.52,45634.97,517.55,624.0,53,0.91,79496.68
23059.69,15182.88,1749.47,703.0,31,0.734,118965.54
66440.02,38421.72,4514.7,587.0,58,0.646,424378.22
107304.79,56093.67,11404.07,636.0,26,0.629,615221.68
37907.02,19442.17,5594.99,656.0,34,0.66,276374.23
40674.26,29492.07,688.97,691.0,61,0.742,175614.95
38231.81,18214.04,5216.73,850.0,24,0.613,296150.97
78114.79,49723.04,3198.36,850.0,49,0.677,479149.17
71212.14,35444.83,8115.73,649.0,61,0.612,485266.89
56036.56,47128.06,2444.49,798.0,61,0.885,142667.52
37049.52,24502.45,484.42,591.0,23,0.674,228873.11
62309.42,45911.67,4819.91,712.0,33,0.814,204689.34
20884.45,9655.68,330.4,625.0,19,0.478,163469.01
63585.66,45064.46,7478.54,644.0,27,0.826,232548.1
81788.11,41148.69,251.46,850.0,21,0.506,935180.23
28720.02,16270.04,1900.52,649.0,22,0.633,144845.57
21687.04,17246.78,485.57,628.0,54,0.818,70537.82
99485.95,39156.05,5315.4,600.0,56,0.447,810577.46
44706.01,25951.26,3125.7,618.0,43,0.65,266596.83
88398.7,54427.15,2891.04,566.0,47,0.648,529827.03
56150.06,35262.27,5488.77,698.0,19,0.726,298301.16
55951.13,26989.84,1440.01,696.0,68,0.508,417681.87
70960.32,61234.47,5923.89,707.0,35,0.946,81373.6
37900.03,13483.32,1348.27,679.0,24,0.391,376550.77
63312.43,48676.67,353.84,635.0,63,0.774,237864.99
50462.76,36951.86,5461.97,627.0,64,0.84,143268.05
26987.66,22538.3,985.56,693.0,40,0.872,59898.79
68437.05,21336.34,2310.18,676.0,37,0.346,850394.25
53417.3,22417.92,5108.19,629.0,32,0.515,471112.41
56074.38,43389.88,551.12,657.0,69,0.784,228252.4
29745.98,7985.13,4085.68,803.0,45,0.406,357848.74
99785.01,30836.68,8416.51,838.0,63,0.393,1045809.17
81917.85,39054.65,3342.97,662.0,20,0.518,741775.17
84103.9,48679.26,5335.66,621.0,20,0.642,599563.39
52363.88,41306.4,3734.05,677.0,29,0.86,124251.66
16770.43,8757.69,897.19,771.0,51,0.576,136285.99
108822.93,49924.06,10520.56,677.0,53,0.555,962434.52
58472.56,34891.07,5784.25,708.0,25,0.696,361262.89
41280.01,25611.74,1643.57,627.0,26,0.66,227781.13
70420.04,43391.84,9068.41,587.0,52,0.745,278847.69
89178.02,46667.04,1497.66,741.0,41,0.54,775571.8
59423.74,15256.28,2816.4,696.0,41,0.304,782304.83
91964.38,37922.21,4346.91,732.0,52,0.46,1007258.17
87075.0,66441.76,7300.91,543.0,28,0.847,173731.54
33090.47,19128.29,3315.98,827.0,23,0.678,207316.85
43155.25,21647.61,3985.54,700.0,42,0.594,323795.65
83938.43,60244.73,4048.33,535.0,18,0.766,268276.9
15000.0,5707.24,27.04,759.0,26,0.382,180759.05
56263.61,29043.15,1761.25,650.0,29,0.548,419681.72
24229.22,13826.74,693.54,682.0,30,0.599,194215.66
48086.15,23263.76,1354.14,642.0,46,0.512,401019.98
52529.5,29685.18,11673.4,672.0,63,0.787,199674.77
51043.89,26637.05,9656.3,676.0,49,0.711,233254.86
46193.47,15710.33,768.84,546.0,48,0.357,553062.08
32571.41,18800.92,3955.65,749.0,43,0.699,203974.36
117297.78,41141.87,14944.09,689.0,57,0.478,1123502.5
106686.55,61327.94,1913.59,716.0,41,0.593,787255.32
30948.35,23400.68,4736.51,745.0,32,0.909,58004.92
99552.92,50557.6,3805.24,690.0,59,0.546,882788.97
50013.36,18718.88,2570.54,706.0,68,0.426,490801.97
63229.69,33571.92,7749.08,562.0,23,0.654,336238.46
58418.15,24839.65,679.6,614.0,46,0.437,519536.5
43506.28,27808.19,1904.8,687.0,48,0.683,249488.62
84596.31,44650.07,3619.54,695.0,33,0.571,640648.02
63147.16,50925.94,4698.53,712.0,27,0.881,155842.38
48086.21,34835.98,5872.17,792.0,62,0.847,159757.45
27385.26,14433.07,1942.75,672.0,57,0.598,196350.56
37660.12,24755.56,1953.16,709.0,21,0.709,215600.3
18965.5,9312.33,244.98,685.0,46,0.504,188246.8
60305.59,33475.24,1305.32,660.0,25,0.577,562268.01
30083.36,14914.87,4050.05,663.0,57,0.63,215066.42
53360.99,35483.37,3031.04,617.0,28,0.722,274180.68
94252.55,72098.32,2472.15,671.0,18,0.791,270539.73
89982.49,60270.02,8546.14,662.0,60,0.765,421557.66
59193.08,40742.03,2172.13,668.0,54,0.725,296536.23
57822.88,39808.45,1531.74,541.0,40,0.715,251842.21
106996.86,67695.67,591.98,672.0,47,0.638,643987.41
73018.9,27681.98,5495.36,610.0,32,0.454,714806.89
51804.84,41710.44,3270.04,675.0,46,0.868,106401.8
24349.55,19982.74,46.83,592.0,41,0.823,66036.72
69846.83,35965.39,2306.67,684.0,26,0.548,619474.81
80733.09,39914.06,776.08,656.0,60,0.504,791345.91
44208.71,28375.88,1668.96,630.0,28,0.68,284959.5
67280.07,42562.85,924.36,703.0,32,0.646,390391.83
50910.67,26458.69,1141.35,710.0,61,0.542,400243.22
55399.19,20081.99,7558.55,676.0,63,0.499,511505.98
15000.0,8937.83,775.64,726.0,55,0.648,108683.78
54455.46,34454.82,683.85,647.0,65,0.645,357657.62
84234.23,55499.68,2165.87,712.0,43,0.685,502881.04
44214.94,26634.81,6984.36,677.0,62,0.76,180679.57
61313.16,31228.8,2403.28,600.0,54,0.549,420655.11
41101.23,28733.88,4404.35,616.0,41,0.806,117492.93
69011.04,38637.71,426.57,773.0,39,0.566,556426.27
54586.92,26216.0,2666.76,806.0,35,0.529,470584.3
36518.96,19095.84,3230.1,737.0,26,0.611,251605.36
93313.79,26884.14,11631.3,633.0,46,0.413,975889.77
83223.3,43497.8,4969.13,794.0,49,0.582,711459.09
44877.33,29316.81,1679.61,729.0,29,0.691,245048.88
72444.71,43536.91,10475.2,707.0,58,0.746,351575.98
73435.3,57139.98,4721.32,827.0,34,0.842,243180.54
76057.53,38831.46,2885.65,611.0,42,0.548,563213.68
17643.6,10993.68,413.41,742.0,31,0.647,111166.05
85165.16,56967.92,5449.39,615.0,42,0.733,398016.47
45757.53,41181.77,2360.4,631.0,44,0.952,35060.75
51054.3,29188.5,1727.74,850.0,30,0.606,514393.45
125947.04,49544.03,5444.86,720.0,54,0.437,1362274.3
67546.83,45741.99,9606.32,828.0,27,0.819,216386.33
50341.94,41776.72,770.09,723.0,26,0.845,152084.43
15000.0,7524.27,737.25,712.0,30,0.551,119146.66
94744.1,64062.38,2922.27,630.0,24,0.707,533019.29
26369.76,19363.56,2492.46,758.0,31,0.829,88862.93
34914.03,24529.19,3372.34,682.0,53,0.799,132900.98
51716.19,29417.92,2464.53,686.0,57,0.616,263586.82
95410.29,42479.42,7593.24,659.0,22,0.525,833809.05
79331.0,42664.85,1219.55,672.0,30,0.553,740274.65
56054.06,34685.7,5139.59,682.0,37,0.71,340966.07
67707.3,46463.01,323.4,690.0,45,0.691,462730.59
44990.36,26998.34,3248.44,676.0,68,0.672,304239.47
63491.34,31302.11,6982.42,555.0,69,0.603,417293.51
61833.42,39159.53,2420.19,723.0,32,0.672,413841.68
84219.25,57185.94,3968.46,670.0,56,0.726,414362.62
84179.45,51092.0,2962.03,415.0,38,0.642,475474.96
72349.43,30717.54,10843.96,553.0,34,0.574,559693.03
50941.31,26631.56,3629.86,642.0,23,0.594,368892.38
78545.56,54367.12,6360.17,782.0,63,0.773,378171.38
57700.79,19765.25,5500.42,729.0,63,0.438,574625.1
32952.14,7777.47,1689.23,625.0,42,0.287,438451.29
49917.81,38746.82,2022.4,665.0,27,0.817,167818.81
62113.17,38927.09,3930.23,768.0,31,0.69,352118.33
82755.39,53046.99,4741.6,631.0,36,0.698,480175.49
55411.8,21526.23,5048.11,593.0,69,0.48,422727.97
29770.03,19666.95,2530.58,750.0,28,0.746,140026.39
61418.54,36316.0,641.32,769.0,49,0.602,471106.09
62836.4,19627.0,6062.69,632.0,27,0.409,747821.02
64645.94,49366.39,1077.67,719.0,64,0.78,261326.11
82996.79,47623.76,4044.65,677.0,51,0.623,560659.2
85473.08,41932.02,13396.22,633.0,68,0.647,588113.55
45144.73,22269.96,3853.03,773.0,61,0.579,371498.94
44596.41,11047.28,441.3,627.0,46,0.258,533803.73
33995.03,21722.84,2292.39,740.0,46,0.706,233912.51
77470.39,45651.64,3384.24,685.0,39,0.633,565626.25
96220.5,50120.1,11994.63,666.0,67,0.646,593649.96
52122.95,38663.39,4430.32,636.0,31,0.827,156886.88
53964.24,18478.5,2669.95,601.0,19,0.392,500199.4
96669.56,44514.8,12873.54,660.0,29,0.594,721539.55
72638.95,30689.86,1931.84,639.0,39,0.449,772123.52
70905.89,36033.01,6639.11,687.0,18,0.602,422290.23
30227.09,16930.81,4157.57,584.0,67,0.698,158368.69
76968.2,47297.12,13042.92,668.0,29,0.784,256213.96
36771.59,18310.56,3608.65,712.0,29,0.596,266669.18
31649.5,13242.04,2633.37,626.0,21,0.502,280206.0
51330.71,41213.48,1214.91,739.0,34,0.827,171194.25
45355.18,40819.66,2976.38,748.0,65,0.966,36647.18
54460.01,31123.51,4356.76,583.0,36,0.651,331267.42
23975.46,10464.88,1171.07,619.0,18,0.485,202664.84
83970.41,64767.9,1568.54,573.0,69,0.79,268810.33
88192.16,29366.79,3634.82,714.0,34,0.374,966936.11
15000.0,7496.76,563.59,690.0,51,0.537,131555.17
84461.45,37634.54,935.68,552.0,60,0.457,626801.55
39736.78,14943.8,2022.0,628.0,24,0.427,350545.73
81424.39,41363.29,788.22,705.0,50,0.518,745815.34
58288.84,24503.12,3653.49,689.0,23,0.483,540021.64
60719.39,33510.92,2756.9,777.0,69,0.597,495073.22
55372.56,30680.64,2671.16,588.0,23,0.602,344663.79
90303.23,41250.54,5345.2,679.0,49,0.516,745747.95
29010.3,14343.36,850.44,600.0,45,0.524,262709.45
75196.01,38753.97,6617.32,689.0,54,0.603,580184.27
87533.25,58776.56,1593.23,666.0,46,0.69,414005.55
77908.5,41115.09,9249.99,702.0,60,0.646,418333.61
118117.47,79576.36,9591.39,647.0,47,0.755,460516.27
46776.33,29837.31,38.29,741.0,39,0.639,300564.97
83932.62,53358.45,2111.91,623.0,22,0.661,543173.13
57347.73,43479.73,2648.86,599.0,46,0.804,168441.97
90835.15,34707.33,7042.21,698.0,19,0.46,968154.66
59807.78,28649.27,8998.61,828.0,27,0.629,425859.88
50303.11,40971.62,3780.96,558.0,63,0.89,91143.5
92651.81,47382.37,3691.73,588.0,37,0.551,676830.9
47710.95,9542.19,6003.39,699.0,69,0.326,610745.66
24681.86,12823.58,1684.28,770.0,35,0.588,215288.45
47078.83,26846.27,169.6,705.0,62,0.574,343473.06
75475.82,15095.16,5448.16,631.0,52,0.272,1070884.42
94800.97,71109.29,98.22,714.0,53,0.751,474965.96
62778.23,27807.19,1841.24,721.0,68,0.472,600420.74
92954.93,55706.44,4078.66,626.0,35,0.643,542130.13
26045.63,13442.22,2557.51,746.0,29,0.614,217152.16
48918.41,17451.51,5615.25,677.0,67,0.472,455416.07
52785.62,20555.98,6419.85,540.0,63,0.511,415674.52
57136.01,23410.77,2228.98,669.0,42,0.449,591328.49
62102.36,44269.72,3931.77,634.0,53,0.776,263364.65
77272.77,40789.92,956.4,784.0,59,0.54,783191.83
48879.83,23057.6,2643.97,574.0,58,0.526,410837.38
63475.72,26012.9,1858.92,641.0,37,0.439,638541.0
58871.93,42942.51,748.07,701.0,65,0.742,285871.5
36852.75,28362.99,1185.64,850.0,28,0.802,129489.4
57158.33,41594.78,1654.42,836.0,37,0.757,270627.74
56408.51,35191.33,9931.65,676.0,50,0.8,184292.61
55872.99,33159.19,4682.96,708.0,27,0.677,360984.99
60793.99,22348.44,7166.07,728.0,42,0.485,548058.1
61891.84,31758.38,930.48,599.0,27,0.528,558016.14
49192.62,22009.81,4469.95,681.0,41,0.538,392656.38
91817.87,25357.63,3784.56,788.0,58,0.317,1138979.63
30762.98,21797.31,2946.06,691.0,50,0.804,101947.01
41975.75,18705.46,726.2,836.0,51,0.463,387908.21
129499.09,94455.51,5254.03,644.0,32,0.77,483526.01
34050.22,23231.17,2395.91,673.0,57,0.753,140892.26
26156.13,16570.11,145.31,674.0,41,0.639,187426.96
78361.92,50303.07,3079.76,576.0,32,0.681,409201.2
15000.0,6865.54,138.95,768.0,66,0.467,150819.44
54118.15,44846.5,823.47,653.0,27,0.844,144445.78
113645.62,63240.25,4853.26,701.0,22,0.599,925011.04
21376.6,12725.27,1651.56,632.0,39,0.673,125042.1
15000.0,6789.58,2653.6,818.0,54,0.63,100126.18
22520.47,9240.72,2952.99,779.0,48,0.541,173701.39
82458.99,51256.05,11637.45,685.0,40,0.763,337745.27
88119.42,51340.75,1760.9,582.0,28,0.603,665314.23
47185.28,20365.03,1803.2,740.0,27,0.47,465278.15
77080.31,25763.01,13889.01,767.0,52,0.514,802715.06
94756.38,34066.01,16106.41,606.0,39,0.529,900737.59
104683.66,76358.36,8029.0,669.0,58,0.806,436824.18
53841.62,24660.1,4350.51,686.0,39,0.539,437926.39
15000.0,7487.46,1233.45,767.0,54,0.581,110444.88
39478.03,30301.4,982.65,668.0,44,0.792,159012.09
49329.9,18828.11,2905.08,757.0,18,0.441,468757.75
53526.53,23602.56,6363.9,618.0,22,0.56,410302.89
55303.51,24039.61,2208.12,596.0,28,0.475,452604.76
87972.36,69736.6,3917.12,827.0,50,0.837,273503.34
91860.71,77990.43,6934.37,575.0,33,0.924,115781.4
55708.16,36919.72,1235.72,620.0,57,0.685,291472.15
87462.12,58381.64,8116.53,743.0,47,0.76,425904.09
68941.53,31916.26,3638.27,638.0,45,0.516,602585.89
61612.65,51883.97,5649.87,635.0,46,0.934,64796.31
82663.6,48784.29,10219.18,664.0,33,0.714,387150.81
61806.3,41902.6,1509.05,508.0,18,0.702,275777.49
111445.28,59530.87,23888.64,770.0,25,0.749,609319.59
24039.72,12255.33,3713.88,694.0,21,0.664,158669.82
47120.73,37670.96,6538.52,615.0,68,0.938,40476.19
56837.03,35861.81,3463.53,543.0,53,0.692,297007.67
70986.32,54496.64,5470.94,571.0,35,0.845,231764.35
91699.01,53946.46,6800.35,552.0,36,0.662,529516.15
59390.04,25106.84,5764.41,698.0,53,0.52,519764.46
24444.26,11305.43,1023.45,699.0,26,0.504,208594.37
81062.85,45836.56,9765.02,729.0,43,0.686,429801.89
78873.97,35968.5,6396.2,739.0,19,0.537,707030.62
15000.0,5758.21,53.11,730.0,20,0.387,137656.04
59904.9,43743.31,4433.14,803.0,45,0.804,215027.27
20246.45,9480.8,2386.64,776.0,62,0.586,161371.97
43383.72,24760.34,2490.99,757.0,37,0.628,342019.53
37429.78,22249.01,642.67,699.0,36,0.612,226480.25
80231.62,37049.12,3963.11,738.0,36,0.511,707040.54
62920.75,48299.22,2437.86,647.0,58,0.806,229713.68
27860.22,10654.55,1643.53,662.0,54,0.441,273636.34
82001.65,48318.96,12732.06,818.0,32,0.745,469427.53
24154.85,14176.91,2148.04,635.0,58,0.676,145353.0
68252.84,36983.61,3452.12,630.0,23,0.592,448134.69
39649.73,14094.02,5267.86,651.0,59,0.488,361952.81
50858.07,34615.16,956.99,636.0,18,0.699,247415.57
72606.77,48031.31,2515.93,643.0,30,0.696,387172.73
73036.23,32768.78,1112.57,699.0,66,0.464,732604.49
93424.23,61297.79,4664.77,702.0,63,0.706,539767.58
57943.66,35127.54,1150.44,753.0,20,0.626,421163.09
67661.27,24216.52,13719.17,850.0,62,0.561,530340.37
49056.57,20697.49,581.17,651.0,25,0.434,397033.15
64549.75,46523.73,847.24,675.0,40,0.734,326856.69
70987.15,42337.62,1678.93,533.0,45,0.62,348017.3
57542.25,26777.55,9927.37,577.0,50,0.638,357532.83
15000.0,6318.43,271.02,668.0,51,0.439,137101.54
68286.77,32278.54,2693.57,717.0,51,0.512,617450.22
69114.04,33404.75,1413.89,719.0,42,0.504,628367.87
42995.66,18191.7,1008.83,729.0,58,0.447,459129.96
27890.32,8052.92,2767.74,781.0,18,0.388,330494.34
96896.98,69862.91,4279.61,816.0,60,0.765,480746.92
72286.14,50281.88,12248.23,661.0,24,0.865,178872.28
54272.97,19484.63,1819.12,616.0,55,0.393,635162.45
31574.18,18011.39,5136.95,732.0,45,0.733,150208.41
39454.63,16360.43,565.24,755.0,34,0.429,382234.93
92564.76,47278.83,2910.92,691.0,55,0.542,793621.47
63441.55,31611.97,1123.31,666.0,65,0.516,545713.76
46235.32,22462.27,2644.84,640.0,47,0.543,386236.64
72742.23,61863.05,2029.6,677.0,18,0.878,158967.91
39640.05,19183.85,4111.12,735.0,45,0.588,338773.11
97521.08,41813.18,11337.24,627.0,53,0.545,811437.92
93820.01,40869.2,9226.86,616.0,35,0.534,665754.73
48335.65,34152.35,986.96,728.0,19,0.727,236833.37
44283.24,13381.72,2456.63,612.0,50,0.358,499744.05
15000.0,6534.1,1100.72,692.0,24,0.509,129108.39
22960.48,17611.23,1643.75,688.0,65,0.839,63346.87
26513.26,15552.62,359.17,680.0,62,0.6,216728.78
63379.76,36683.46,322.99,629.0,67,0.584,496282.85
51844.16,45095.19,1711.22,819.0,56,0.903,92478.24
26366.61,15475.94,150.41,712.0,35,0.593,216708.65
52970.9,23507.01,7600.18,639.0,24,0.587,416066.22
72633.43,36875.15,3963.29,706.0,21,0.562,621494.96
73195.98,27791.43,5655.99,827.0,34,0.457,671188.99
15000.0,11075.86,928.37,687.0,36,0.8,55449.26
56793.41,36131.08,1879.82,803.0,22,0.669,332542.52
25416.48,18265.86,191.21,588.0,56,0.726,116044.65
82543.22,60417.31,3787.48,612.0,55,0.778,353175.16
79603.66,38836.11,4671.54,509.0,54,0.547,556062.26
37549.32,15330.9,1756.34,838.0,30,0.455,404399.52
40848.87,22150.02,5024.91,544.0,29,0.665,193412.0
48468.32,20312.39,5361.34,694.0,54,0.53,423196.74
15000.0,8621.15,1539.08,819.0,21,0.677,109520.23
68399.2,49234.74,5908.77,758.0,42,0.806,305693.05
53178.89,27907.17,1871.81,710.0,48,0.56,472891.59
84254.38,48235.57,8239.97,783.0,57,0.67,516274.48
32539.77,17438.82,5173.76,627.0,32,0.695,181779.42
44521.93,29847.91,1943.71,721.0,45,0.714,226392.29
22336.87,10047.85,2222.53,671.0,28,0.549,184484.42
34892.74,7695.0,3300.82,669.0,46,0.315,452854.99
30450.45,18898.47,1949.86,695.0,22,0.685,151802.12
84899.34,59274.61,3666.66,774.0,60,0.741,456241.65
42543.45,26247.44,4242.07,805.0,59,0.717,247405.73
63104.39,28647.21,2162.55,659.0,19,0.488,534473.45
50480.91,19170.04,2072.34,593.0,37,0.421,399805.69
28263.37,17641.28,884.38,614.0,39,0.655,172359.38
55792.49,31869.89,6295.58,836.0,57,0.684,378386.65
74977.58,39822.93,3882.17,798.0,44,0.583,592726.01
29806.02,24541.36,3433.91,593.0,38,0.939,30250.31
80227.82,32731.34,1990.4,813.0,37,0.433,950500.42
38756.98,31635.6,2969.83,623.0,49,0.893,67826.18
47925.4,26587.46,5290.04,733.0,53,0.665,322404.96
73267.08,20123.86,7480.46,623.0,65,0.377,774787.19
43414.1,22710.76,1801.7,850.0,63,0.565,391134.04
60939.37,42287.32,7840.03,634.0,20,0.823,196579.02
52132.73,25818.3,2754.1,596.0,25,0.548,466310.73
63234.2,20790.34,2809.24,643.0,47,0.373,720803.2
15000.0,7879.84,2460.48,850.0,21,0.689,85730.41
15000.0,6321.36,1025.45,701.0,24,0.49,133361.72
75399.18,47031.91,2509.54,598.0,41,0.657,419502.28
85929.54,57229.93,1337.08,617.0,26,0.682,500006.58
37237.83,14580.82,2134.24,540.0,51,0.449,335288.52
53899.29,23938.26,938.09,723.0,52,0.462,541595.29
67367.98,44698.41,7492.68,580.0,26,0.775,287348.12
77330.44,32569.52,5023.8,768.0,56,0.486,831390.09
15000.0,5815.14,630.41,743.0,69,0.43,157239.04
37848.99,14125.11,736.2,672.0,32,0.393,486432.42
51685.52,31156.33,713.42,779.0,66,0.617,470209.46
77578.5,46265.78,6494.88,754.0,29,0.68,433023.6
122460.76,54788.1,1804.13,693.0,21,0.462,1141325.97
54299.86,29906.34,3756.59,619.0,34,0.62,320168.39
24825.56,19340.85,1323.33,713.0,26,0.832,88091.44
70056.7,28295.27,1339.87,713.0,48,0.423,685634.63
93024.89,23929.59,19320.39,719.0,47,0.465,880928.97
62700.35,38765.2,2246.71,686.0,55,0.654,489942.66
37333.79,19915.33,1169.61,706.0,35,0.565,328690.59
83949.85,37231.44,10192.67,704.0,38,0.565,655947.68
76588.64,49615.04,4329.54,789.0,34,0.704,439849.41
34347.98,23215.24,1131.13,578.0,52,0.709,139092.59
69535.64,15211.5,6268.9,600.0,34,0.309,819568.86
84931.64,38398.47,7982.89,686.0,34,0.546,718670.33
89547.25,80380.07,10361.0,619.0,42,1.013,0.0
58338.78,37191.6,562.69,697.0,30,0.647,386329.38
51048.01,33253.47,2830.36,591.0,41,0.707,307613.35
90681.85,65829.05,2174.17,604.0,32,0.75,447731.99
29745.99,16436.45,1836.15,845.0,38,0.614,267921.62
70964.48,47510.91,515.03,662.0,29,0.677,399036.29
25749.33,16935.58,1954.88,586.0,31,0.734,112059.8
86634.41,54653.85,6990.96,671.0,64,0.712,477064.16
53548.86,26865.37,2497.8,763.0,63,0.548,438639.42
91714.58,52810.07,4758.49,776.0,45,0.628,706880.82
72285.32,33377.44,4308.9,563.0,42,0.521,634580.42
29419.49,16237.27,512.52,619.0,45,0.569,268703.53
95615.69,35829.72,2795.38,698.0,48,0.404,909269.12
98781.13,42614.81,768.48,677.0,53,0.439,1109217.31
82057.16,41656.58,5435.72,552.0,33,0.574,551873.56
40960.3,16730.0,3848.89,565.0,57,0.502,392944.33
52349.65,24826.69,1597.69,595.0,46,0.505,459684.07
63635.68,33434.89,4015.72,538.0,28,0.589,436118.82
42407.24,25882.81,1492.2,643.0,43,0.646,291577.42
102308.66,70837.35,483.93,776.0,44,0.697,657547.17
63608.16,30559.42,7384.35,627.0,47,0.597,432524.41
15000.0,11253.99,584.61,767.0,54,0.789,61387.66
68483.9,47308.1,3894.11,682.0,20,0.748,295555.65
51296.07,32091.54,3082.03,665.0,69,0.686,294179.28
58126.84,33309.43,314.39,547.0,27,0.578,442885.3
50784.52,30362.44,6145.23,774.0,49,0.719,318185.43
80176.16,58372.87,7866.83,689.0,22,0.826,208029.44
87992.19,64545.53,2854.16,552.0,26,0.766,380764.6
67076.33,50323.48,4222.84,711.0,43,0.813,249805.34
51517.22,28653.83,3086.71,633.0,52,0.616,306817.5
58966.57,37340.29,538.42,685.0,22,0.642,323278.57
60489.99,45460.16,2632.08,699.0,33,0.795,228426.37
39939.25,18229.97,1523.51,777.0,30,0.495,387635.6
74473.22,37403.24,11189.56,590.0,47,0.652,443733.76
71501.06,39497.58,3102.89,726.0,28,0.596,623763.51
98511.03,67474.13,5138.94,786.0,47,0.737,427805.53
91383.74,62805.84,8927.78,850.0,66,0.785,353230.63
42858.13,22087.81,2217.25,764.0,38,0.567,307238.63
80507.46,26060.96,5829.96,709.0,21,0.396,1004764.56
36226.17,21262.14,1984.45,702.0,34,0.642,255958.58
77398.3,31907.65,5674.42,804.0,50,0.486,796066.61
47084.65,15373.59,2322.43,657.0,48,0.376,498266.72
34418.67,12405.15,2490.8,744.0,23,0.433,362137.36
67001.13,40130.81,4652.42,850.0,50,0.668,432474.65
15000.0,11312.33,183.37,671.0,69,0.766,67182.64
16225.61,9018.75,1691.96,519.0,56,0.66,106307.49
55562.7,32321.22,2712.35,611.0,60,0.631,316354.0
62061.04,45145.33,1831.85,703.0,59,0.757,266227.49
50767.03,16160.76,375.96,613.0,67,0.326,579582.44
20514.09,12883.39,1946.59,652.0,44,0.723,75261.24
39552.7,21685.23,4857.19,656.0,42,0.671,252760.02
69780.23,44304.07,5804.07,725.0,59,0.718,370863.38
74544.54,35593.34,4995.35,604.0,36,0.544,607913.18
59594.42,25465.26,3879.32,633.0,19,0.492,500353.01
88920.84,50780.59,8575.51,793.0,18,0.668,600390.06
69934.93,55764.62,10807.2,641.0,31,0.952,58601.34
41313.61,28057.58,295.6,738.0,61,0.686,246183.75
52987.45,25107.9,1447.31,681.0,32,0.501,532932.35
24928.35,8696.36,742.12,678.0,68,0.379,291089.05
57296.53,17056.6,1305.69,739.0,39,0.32,624938.63
87802.52,65624.91,3189.11,531.0,34,0.784,307160.83
77132.25,31372.59,2172.04,715.0,67,0.435,907079.63
95050.23,47636.61,13803.06,724.0,58,0.646,615770.83
52427.87,39225.57,3476.23,748.0,49,0.814,198608.72
93652.49,28836.99,1999.73,650.0,50,0.329,1289106.48
55167.39,42690.72,1275.4,680.0,18,0.797,221149.37
96789.63,49551.83,3727.18,484.0,58,0.55,719862.24
59453.58,22456.36,4381.48,626.0,36,0.451,582964.4
77680.78,39842.27,3928.63,694.0,55,0.563,607409.3
96877.81,42782.26,6541.38,798.0,68,0.509,922113.63
55164.31,33988.0,206.32,828.0,67,0.62,476762.14
65459.72,29638.86,6018.9,653.0,52,0.545,566770.22
92221.59,24277.67,9932.89,750.0,21,0.371,1085781.59
56674.92,29296.15,7553.31,668.0,28,0.65,346956.04
26977.69,9348.26,3568.55,551.0,66,0.479,234860.23
113575.18,65947.2,19621.81,728.0,20,0.753,542131.14
48255.89,17947.83,64.06,827.0,19,0.373,581791.34
63968.9,30500.25,1300.74,649.0,53,0.497,505383.98
88900.17,51329.9,10820.62,607.0,40,0.699,486318.79
44787.65,23205.88,2763.15,685.0,28,0.58,328901.34
34803.3,20449.19,4707.68,670.0,52,0.723,163289.42
66343.43,43258.78,2410.58,850.0,46,0.688,400033.79
15173.09,5709.78,1415.81,760.0,24,0.47,143910.37
52802.35,28531.24,4743.72,690.0,36,0.63,383205.1
66125.97,13225.19,3050.49,448.0,23,0.246,835453.08
53251.2,31263.78,201.99,669.0,42,0.591,420822.44
21413.73,10811.32,663.53,828.0,33,0.536,202998.99
99854.45,40189.67,4619.54,686.0,40,0.449,876322.75
62588.45,37387.71,7795.37,746.0,28,0.722,346921.77
95778.8,69526.28,5016.92,711.0,50,0.778,471432.01
53499.09,25604.52,3514.76,641.0,25,0.544,422828.4
37999.7,15514.44,3041.04,815.0,53,0.488,323441.01
66729.52,38353.05,886.23,695.0,67,0.588,540700.65
54605.32,19093.24,5791.4,623.0,42,0.456,426761.49
30555.96,13778.99,3013.68,682.0,52,0.55,226306.2
96744.61,70948.66,17178.17,794.0,30,0.911,164213.99
44443.24,24858.3,5444.91,562.0,23,0.682,262324.81
15000.0,4021.2,1772.92,702.0,52,0.386,172269.12
93204.15,26139.22,10394.43,686.0,63,0.392,970867.03
47392.55,27218.15,3040.17,557.0,56,0.638,268567.69
44804.4,30438.26,1261.9,741.0,67,0.708,220816.15
15865.31,4876.31,502.32,701.0,21,0.339,182750.75
103523.54,63921.32,4752.73,750.0,62,0.663,648374.99
27762.99,20809.79,1759.38,771.0,60,0.813,100706.95
61461.24,51208.2,1219.94,676.0,59,0.853,173611.94
82815.51,49663.09,4194.0,636.0,33,0.65,519577.62
70542.92,44161.31,5242.06,566.0,28,0.7,312060.29
58508.64,13458.29,5402.94,628.0,41,0.322,553914.33
17458.35,15100.83,1191.37,681.0,31,0.933,19838.38
39756.88,18434.33,3308.65,603.0,57,0.547,373117.89
64695.01,26523.62,1590.78,727.0,25,0.435,662134.72
40320.65,20632.85,4447.48,608.0,47,0.622,267737.94
65083.99,50554.05,605.66,539.0,48,0.786,196500.19
77043.59,67891.34,1778.59,634.0,23,0.904,122372.73
84062.57,47815.74,7460.38,695.0,41,0.658,560976.66
29345.52,20533.43,2018.8,579.0,18,0.769,120988.25
114916.15,63948.61,1823.11,609.0,55,0.572,850563.1
79186.98,31225.86,6473.04,630.0,63,0.476,756566.34
59957.15,46257.63,2081.22,640.0,38,0.806,231848.97
87238.41,39840.12,894.45,704.0,23,0.467,872148.01
119135.19,92964.72,2836.81,731.0,32,0.804,510536.04
24032.0,17898.58,260.88,642.0,49,0.756,107791.19
54368.43,34910.27,287.93,597.0,35,0.647,307299.78
15000.0,12365.19,1505.0,691.0,64,0.925,19035.22
64816.29,57352.82,1421.56,721.0,49,0.907,108870.75
69134.86,36206.86,5935.91,809.0,29,0.61,526448.95
59020.95,25301.15,9367.34,772.0,28,0.587,515112.06
43636.66,11797.59,281.88,579.0,51,0.277,601753.29
15000.0,13300.54,1117.3,669.0,19,0.961,10247.74
69338.34,33563.06,3900.7,716.0,61,0.54,621586.74
96385.86,69422.45,3554.1,612.0,39,0.757,414442.39
45224.54,19845.06,7489.88,652.0,38,0.604,313067.07
71001.5,55433.7,8045.72,734.0,23,0.894,147162.93
20796.39,9254.03,3630.23,700.0,23,0.62,154090.63
71430.33,26517.95,3800.07,680.0,29,0.424,902007.46
50165.44,26022.02,5184.46,628.0,21,0.622,388557.2
40939.55,19251.15,1840.62,564.0,24,0.515,375382.1
40990.91,26211.43,2666.78,655.0,29,0.705,211182.55
50159.71,27201.15,3060.92,673.0,47,0.603,320314.6
69560.83,44807.98,10404.34,563.0,26,0.794,250762.12
27195.92,13770.57,2192.6,684.0,24,0.587,168001.32
50072.12,22544.16,5589.93,711.0,65,0.562,402784.42
58963.21,27268.47,445.26,625.0,64,0.47,572717.86
32524.02,27864.66,743.09,712.0,39,0.88,65080.67
104916.63,61247.77,6243.27,702.0,44,0.643,709916.07
38662.61,9759.82,1129.1,656.0,52,0.282,537704.37
43264.08,20419.29,4305.84,647.0,55,0.571,326408.15
35542.3,20064.69,5385.39,653.0,41,0.716,181301.44
104962.0,86783.63,4036.24,612.0,31,0.865,262956.14
73822.63,51993.63,10035.01,708.0,57,0.84,255616.61
36585.2,15063.68,4510.53,612.0,53,0.535,301497.6
87655.79,78890.21,3811.88,618.0,30,0.943,91985.37
65017.47,35455.71,2242.65,720.0,54,0.58,494374.6
66431.34,48956.54,4169.45,661.0,69,0.8,254929.27
51388.07,19360.39,5152.89,685.0,67,0.477,524742.42
41264.6,8252.92,378.35,543.0,28,0.209,564303.64
68444.15,23184.45,9458.87,638.0,49,0.477,740544.23
46372.82,9274.56,1967.35,814.0,22,0.242,677500.39
105418.89,91378.51,6213.14,538.0,34,0.926,128913.67
28267.72,16456.9,1818.09,820.0,19,0.646,227017.4
98403.92,40473.87,13391.08,701.0,49,0.547,795893.9
57217.03,35354.04,5763.32,637.0,40,0.719,307060.46
67477.14,39028.79,7468.83,664.0,22,0.689,446345.8
80828.94,51984.33,2723.95,778.0,57,0.677,546709.55
44243.77,32361.21,138.85,498.0,55,0.735,195407.16
81606.21,41334.51,5398.33,793.0,25,0.573,671246.51
15000.0,6270.36,410.38,701.0,44,0.445,171130.91
42000.26,28315.16,2182.69,761.0,19,0.726,198273.42
36898.43,24734.86,1657.73,540.0,57,0.715,147946.09
28662.35,16197.39,660.34,662.0,24,0.588,192909.66
54626.13,47887.07,4021.51,494.0,57,0.95,43309.77
69643.75,33730.33,6036.18,776.0,67,0.571,510860.62
77566.5,32191.75,6237.11,601.0,39,0.495,823263.23
66021.92,40452.54,9475.57,600.0,24,0.756,254077.02
43357.66,19457.16,4840.81,525.0,64,0.56,338297.95
69225.41,43219.33,2505.37,716.0,26,0.661,406557.67
63107.14,26823.61,1584.6,686.0,63,0.45,631924.17
83401.4,40863.66,9266.12,620.0,62,0.601,584849.09
79423.42,66209.43,3990.05,701.0,52,0.884,151687.36
60761.91,29722.41,4488.96,618.0,55,0.563,462557.03
37568.67,16161.0,3651.05,539.0,41,0.527,333787.82
43676.25,31691.56,4039.87,651.0,53,0.818,139306.41
46255.27,18147.96,1256.42,812.0,35,0.42,544221.56
52118.34,23247.83,4359.89,758.0,60,0.53,484201.03
66701.26,42454.3,7213.79,716.0,43,0.745,329278.32
77879.36,53796.08,2467.99,700.0,56,0.722,327875.78
58722.03,43047.45,3373.74,651.0,32,0.791,236157.93
60403.12,26451.54,3126.7,739.0,39,0.49,614590.68
63582.66,40654.83,8374.22,725.0,42,0.771,274158.39
47102.37,22613.08,8391.04,673.0,60,0.658,330829.7
36865.19,16926.71,101.41,696.0,68,0.462,404228.49
16114.05,11771.02,275.22,552.0,42,0.748,70229.47
42621.27,19928.29,2786.53,642.0,58,0.533,335796.75
71828.64,42503.21,4172.9,585.0,42,0.65,418104.19
42427.21,24325.09,4640.46,583.0,55,0.683,226292.41
54054.82,21048.24,10857.73,718.0,42,0.59,437565.22
71660.78,49798.08,13722.01,579.0,24,0.886,137591.76
73017.24,46296.01,2153.48,741.0,57,0.664,476753.42
33011.68,8320.81,2429.64,763.0,61,0.326,376378.75
84926.48,50243.63,8076.51,675.0,41,0.687,522140.36
88183.75,38276.51,10118.43,632.0,36,0.549,784218.41
31753.75,22690.0,924.18,762.0,39,0.744,150337.12
39404.08,13129.05,3228.92,724.0,63,0.415,411899.21
89777.27,44576.97,1323.93,776.0,40,0.511,793734.14
56328.66,34039.62,6288.93,593.0,37,0.716,325546.44
15000.0,8372.27,1078.79,659.0,37,0.63,107431.16
25007.96,16616.38,2292.5,663.0,24,0.756,109055.06
53765.76,17325.3,2944.43,697.0,51,0.377,577827.48
30923.93,24670.72,985.03,730.0,28,0.83,88771.12
49664.41,31227.57,3316.91,691.0,60,0.696,298689.73
60809.91,45848.1,4121.24,787.0,25,0.822,205426.09
96556.37,65768.02,8664.54,650.0,55,0.771,411397.63
52738.65,28914.41,4085.77,596.0,28,0.626,385106.35
86813.54,31024.58,1875.69,627.0,60,0.379,847842.17
95719.0,44554.04,937.66,617.0,42,0.475,817709.03
95857.74,75577.55,12955.37,644.0,48,0.924,136476.39
67118.86,50863.73,6487.96,658.0,54,0.854,171056.74
15000.0,6855.9,478.87,662.0,43,0.489,135225.23
71520.62,14304.12,3875.72,699.0,27,0.254,1061909.56
86210.0,44665.1,5466.63,643.0,50,0.582,686220.12
57973.32,29383.46,5937.15,764.0,24,0.609,419663.54
103614.6,53106.01,7908.23,525.0,53,0.589,654768.27
81495.84,51283.77,10368.68,502.0,62,0.757,314781.34
74206.83,50566.9,2342.32,760.0,37,0.713,453464.23
87159.52,60884.84,612.68,754.0,32,0.706,409529.29
68334.25,42152.42,6232.39,779.0,33,0.708,382142.87
15000.0,4198.27,505.11,731.0,52,0.314,205545.71
47521.53,23704.69,917.27,680.0,38,0.518,390281.68
89929.2,80541.8,6222.5,659.0,52,0.965,48859.74
39810.22,24130.27,1356.44,552.0,57,0.64,212063.5
54413.19,32929.39,2939.16,692.0,65,0.659,351195.7
33879.09,20460.36,6386.46,565.0,51,0.792,116727.26
104598.06,64046.12,13615.12,850.0,56,0.742,441937.12
102037.31,20407.46,6854.18,597.0,18,0.267,1218318.75
37903.28,19484.99,8267.8,674.0,26,0.732,206894.88
63682.45,34663.38,1889.32,801.0,58,0.574,529295.61
42987.65,31906.48,1324.36,651.0,47,0.773,183602.24
75373.62,41994.48,5343.79,651.0,38,0.628,494298.44
72742.08,22042.54,1528.23,473.0,35,0.324,830113.42
80292.64,49340.9,8767.8,575.0,39,0.724,396144.08
68297.96,29328.94,4255.33,725.0,61,0.492,650462.86
133385.16,49016.66,2388.27,814.0,43,0.385,1478970.47
34301.91,14574.06,2367.38,609.0,29,0.494,313103.37
17234.92,10881.71,61.96,696.0,48,0.635,99453.82
50172.74,37068.34,666.39,850.0,54,0.752,264121.19
20800.29,12946.92,1782.82,725.0,60,0.708,123509.1
22688.44,14629.59,1235.09,758.0,53,0.699,123933.47
34967.13,21713.08,3118.4,619.0,65,0.71,155935.76
36945.28,20881.44,1406.72,804.0,61,0.603,316818.08
36134.55,23651.49,3447.68,625.0,19,0.75,158010.86
72955.47,14591.09,9622.97,611.0,54,0.332,828547.71
47345.27,26828.83,5543.3,798.0,57,0.684,298865.26
55512.14,21830.77,2708.37,629.0,33,0.442,517579.32
82355.82,59661.47,2778.24,680.0,67,0.758,305181.11
40841.94,21561.55,499.93,810.0,40,0.54,349985.81
53386.35,29610.32,2089.61,607.0,52,0.594,374956.66
69144.0,22419.2,3775.91,661.0,23,0.379,771471.86
15000.0,10537.87,1230.89,631.0,53,0.785,46739.72
15000.0,9661.49,98.41,654.0,39,0.651,90935.14
68652.93,43494.53,5419.42,683.0,28,0.712,418217.25
72300.36,30947.92,3209.8,787.0,51,0.472,745839.04
111605.5,48431.66,1164.7,811.0,38,0.444,1332160.49
63952.37,37318.76,3334.92,692.0,30,0.636,451068.04
80493.49,35886.03,6036.87,622.0,62,0.521,629227.95
55113.18,33907.5,4764.95,734.0,35,0.702,290289.19
67430.68,15230.1,3668.27,680.0,62,0.28,916363.64
101681.42,48488.65,15803.61,683.0,61,0.632,642938.87
15000.0,12292.7,483.2,597.0,47,0.852,42492.53
70340.41,43324.27,6878.17,551.0,58,0.714,323344.56
113389.67,65201.22,5981.52,678.0,41,0.628,828660.24
67050.86,56844.64,10301.02,594.0,18,1.001,0.0
101264.32,20252.86,3055.6,638.0,54,0.23,1439895.44
44269.7,18934.3,3277.82,799.0,45,0.502,405955.17
59198.81,28997.0,3356.16,674.0,21,0.547,537881.65
60838.12,41294.04,5020.01,769.0,21,0.761,344606.09
15000.0,10220.23,1027.72,704.0,31,0.75,62728.33
30795.55,12937.18,1284.82,727.0,28,0.462,339471.78
32578.12,22794.69,2056.98,636.0,40,0.763,136106.82
80551.65,39430.26,14803.95,772.0,63,0.673,466594.2
81803.83,59859.62,1205.88,705.0,29,0.746,342143.32
68100.91,26906.91,3337.06,659.0,65,0.444,618937.66
80602.57,42840.53,3731.56,705.0,64,0.578,582114.05
55896.26,26633.17,5313.27,623.0,59,0.572,369292.13
90048.29,63790.62,17960.19,657.0,21,0.908,164521.13
60219.71,28398.58,8432.32,676.0,18,0.612,422818.57
61446.6,33404.38,2545.85,638.0,68,0.585,468131.74
53360.18,33404.63,521.28,805.0,57,0.636,338342.72
77111.26,48718.03,1709.81,647.0,27,0.654,530264.87
49470.03,33790.15,6888.32,847.0,24,0.822,168067.77
84410.78,49099.11,930.71,685.0,19,0.593,707471.71
31696.27,15444.41,438.15,661.0,40,0.501,296048.28
32527.09,16183.7,487.55,640.0,51,0.513,253157.94
77185.67,42749.35,4763.64,714.0,68,0.616,570945.85
57786.39,33945.97,4771.0,752.0,29,0.67,361700.93
48652.71,25684.95,932.0,477.0,68,0.547,311577.19
82251.44,45475.22,6094.69,680.0,29,0.627,497498.96
44818.46,14450.01,4164.18,521.0,62,0.415,459312.67
54994.97,35752.41,1726.01,759.0,33,0.681,375208.44
94980.7,54819.71,3278.98,760.0,25,0.612,631902.04
98478.56,68962.62,11830.59,683.0,59,0.82,325187.74
99309.96,54622.87,15143.36,697.0,23,0.703,462169.28
52946.86,15314.37,1486.67,566.0,32,0.317,656050.35
90767.57,45041.87,6002.8,636.0,66,0.562,705008.65
36276.18,18863.99,1443.34,631.0,28,0.56,242947.29
37327.43,24689.69,4369.64,644.0,68,0.778,139835.17
15000.0,3591.88,348.93,750.0,47,0.263,198723.81
101821.71,56630.88,6714.5,783.0,27,0.622,682562.18
38400.5,24079.09,583.95,729.0,40,0.642,282067.2
56836.69,25620.66,3857.57,654.0,35,0.519,446773.67
37241.89,20899.93,3491.84,620.0,26,0.655,261384.63
77379.13,35280.59,1969.99,687.0,26,0.481,794964.8
50609.16,22296.58,718.42,704.0,67,0.455,492062.93
27379.58,13381.41,1440.65,662.0,23,0.541,276669.07
71041.56,31499.56,3582.76,627.0,33,0.494,606317.43
24156.75,15763.31,1543.19,729.0,29,0.716,110647.62
39064.86,17179.05,1960.6,737.0,19,0.49,412927.13
15000.0,6218.45,938.64,575.0,34,0.477,120880.16
24401.05,19891.47,1277.53,649.0,43,0.868,64614.82
64463.23,44744.64,1628.03,742.0,26,0.719,294704.95
15000.0,4061.59,164.12,759.0,22,0.282,188503.25
22971.36,9999.08,1300.55,685.0,45,0.492,201145.82
59940.78,35147.44,2260.36,709.0,47,0.624,440828.28
46409.83,27779.22,6331.39,700.0,34,0.735,215345.58
109800.92,35841.88,2490.99,756.0,64,0.349,1289988.33
105847.41,76610.75,5825.35,591.0,56,0.779,425809.7
38301.94,25807.22,2624.32,701.0,36,0.742,203065.23
73928.44,46004.58,3858.76,609.0,23,0.674,403498.11
78732.06,59325.34,9430.7,767.0,21,0.873,172599.24
45063.03,27841.9,6509.22,595.0,61,0.762,209913.54
22611.46,13957.76,869.3,713.0,68,0.656,142271.25
59692.54,46778.17,5432.62,609.0,55,0.875,134706.7
55678.86,39820.57,3718.46,740.0,31,0.782,218457.23
49105.89,20809.79,1301.71,715.0,33,0.45,482243.28
71057.92,45830.89,1201.1,699.0,54,0.662,420822.95
41231.76,18569.13,455.25,837.0,49,0.461,482920.65
31200.06,19519.48,2447.98,624.0,48,0.704,180363.59
62727.07,38984.38,5374.63,754.0,22,0.707,332077.35
69649.25,23853.47,1769.33,774.0,34,0.368,816365.86
30583.88,16262.16,1150.29,754.0,21,0.569,281876.71
83202.27,49071.74,3119.57,626.0,60,0.627,645148.84
15737.97,7625.94,355.06,661.0,41,0.507,146917.4
45547.16,27201.06,6853.84,632.0,23,0.748,208752.97
53549.79,35925.73,4843.25,656.0,47,0.761,272206.75
44094.41,24049.58,547.6,613.0,61,0.558,346122.98
45873.49,26775.89,2429.2,651.0,28,0.637,303970.24
106776.86,80884.93,5608.24,797.0,44,0.81,378800.75
38727.9,24049.23,8265.96,654.0,26,0.834,122391.51
121030.54,70212.68,14682.1,688.0,41,0.701,618593.84
70928.17,28817.27,1831.48,622.0,37,0.432,672898.85
62301.38,40536.63,5421.02,679.0,30,0.738,288357.33
71906.01,43109.27,1120.92,746.0,45,0.615,555269.9
123248.19,91519.29,4915.18,719.0,64,0.782,485128.24
35160.17,19585.33,2567.98,793.0,48,0.63,276939.42
31989.55,8879.02,168.08,583.0,49,0.283,351741.89
41128.35,12132.12,1259.61,619.0,52,0.326,466720.75
60803.58,40151.77,4642.61,647.0,54,0.737,287449.02
16855.72,7828.99,1744.21,802.0,36,0.568,145794.0
60558.48,37274.66,531.28,704.0,64,0.624,450753.49
102338.68,58039.84,8644.92,567.0,24,0.652,544041.27
63785.18,33485.57,6790.43,767.0,20,0.631,454442.1
52682.86,28214.09,5670.84,689.0,57,0.643,310269.57
44545.99,18717.85,872.05,751.0,47,0.44,505331.63
82462.79,45159.38,3196.56,807.0,48,0.586,641574.81
39354.18,18194.46,1143.6,602.0,62,0.491,372517.16
106159.9,52460.14,3863.66,807.0,65,0.531,983984.05
108333.99,54324.37,3930.73,674.0,57,0.538,916429.44
66418.77,34271.82,2222.49,647.0,26,0.549,671998.57
59712.12,41101.41,3157.33,692.0,51,0.741,311372.14
85766.5,45501.82,13085.82,585.0,39,0.683,493298.25
87369.96,61469.6,7105.57,678.0,44,0.785,341265.99
39850.21,31110.19,3963.5,661.0,69,0.88,82590.92
46836.12,31766.21,4979.25,605.0,44,0.785,165700.0
26941.31,16977.62,708.17,628.0,50,0.656,184728.87
70226.62,42067.49,5610.72,771.0,69,0.679,408626.17
76665.7,52117.63,2528.39,666.0,62,0.713,418624.85
26251.86,14790.41,2706.91,602.0,62,0.667,142190.67
48620.03,33921.49,5359.69,716.0,60,0.808,158856.66
26318.65,16899.62,1242.21,741.0,59,0.689,148555.03
37530.0,18615.78,4002.12,680.0,69,0.603,290393.73
73775.43,50490.25,8477.43,581.0,23,0.799,277970.78
41662.95,23486.32,1682.53,476.0,65,0.604,264572.67
52479.35,28028.18,7973.88,608.0,44,0.686,281601.37
19317.21,9244.64,637.54,764.0,49,0.512,191738.29
64674.76,37181.7,7134.01,757.0,55,0.685,383191.85
58893.17,41193.97,7151.47,616.0,39,0.821,176819.9
41776.02,28547.27,1979.59,661.0,69,0.731,184163.26
55274.64,33331.11,3424.23,736.0,30,0.665,387896.99
64507.37,41281.27,2603.51,669.0,49,0.68,353133.67
39628.3,29354.84,1520.3,755.0,44,0.779,151480.89
23093.44,12181.9,2890.49,672.0,61,0.653,142202.58
105139.36,40235.47,1445.56,719.0,57,0.396,1289776.09
44168.18,32912.78,5628.01,654.0,47,0.873,107968.79
57581.0,27093.77,9187.6,617.0,52,0.63,364520.44
85270.99,38069.17,15419.14,773.0,30,0.627,587783.08
148226.38,41587.93,2044.77,560.0,18,0.294,2136709.97
28887.84,18363.78,334.55,632.0,59,0.647,165913.48
71245.68,21856.9,3373.91,672.0,44,0.354,835076.28
42311.19,18509.5,4561.96,749.0,39,0.545,343052.37
46530.24,29697.25,3903.6,610.0,64,0.722,243734.46
41994.7,27644.61,730.12,690.0,60,0.676,272009.87
31858.63,14407.88,763.46,569.0,65,0.476,252357.7
58967.72,31245.64,10116.54,715.0,41,0.701,335390.63
23137.43,9697.15,57.98,826.0,40,0.422,205236.4
83670.19,39135.93,6772.51,523.0,52,0.549,622555.08
61375.07,36207.14,212.41,622.0,26,0.593,316917.25
70560.87,33498.99,2304.44,747.0,44,0.507,683675.15
48345.28,24818.91,3245.22,850.0,24,0.58,399405.68
50819.9,16785.51,10011.57,727.0,41,0.527,388121.5
67189.1,48372.35,3965.59,622.0,33,0.779,273589.61
30898.73,19358.37,3092.45,668.0,40,0.727,153255.55
51050.24,34149.33,2919.54,582.0,24,0.726,215881.25
38509.66,28634.39,1482.24,744.0,57,0.782,170908.59
37735.78,16083.67,2431.41,764.0,39,0.491,366501.71
15000.0,7443.61,2100.05,793.0,46,0.636,111095.31
93483.16,24845.47,3632.99,654.0,37,0.305,1123790.41
42836.53,38552.88,1135.44,615.0,54,0.927,53881.53
89084.4,46997.56,7791.84,800.0,23,0.615,778671.04
86719.81,61207.64,6667.91,790.0,48,0.783,347061.3
27850.01,10145.08,3314.64,601.0,44,0.483,254616.8
32789.72,22935.04,2221.49,650.0,58,0.767,139902.91
124012.57,102761.61,14840.75,743.0,54,0.948,107418.45
103773.15,56136.9,2190.79,660.0,26,0.562,839459.74
59212.04,23588.17,7139.68,683.0,42,0.519,435636.29
66434.33,35155.75,6320.15,562.0,59,0.624,502102.09
44228.84,9552.8,1587.48,590.0,55,0.252,644430.74
70808.82,38542.44,6003.52,673.0,50,0.629,381496.85
42070.45,28319.52,3677.15,624.0,30,0.761,195820.34
15000.0,8169.55,827.16,588.0,54,0.6,103150.53
26961.11,13679.5,1860.71,655.0,44,0.576,173768.09
60527.32,38079.87,5885.32,610.0,36,0.726,235137.44
31723.32,20322.08,87.75,682.0,33,0.643,204840.61
58318.06,17554.56,5024.16,759.0,64,0.387,796789.56
33133.47,18664.86,335.44,656.0,31,0.573,311998.43
40441.15,36397.04,6357.03,646.0,63,1.057,0.0
81329.13,28444.67,7257.75,766.0,21,0.439,788522.73
66187.01,35554.81,1089.87,739.0,56,0.554,660251.49
59758.39,50272.46,8349.45,744.0,39,0.981,19516.57
81974.1,58662.82,5138.75,478.0,64,0.778,275274.95
72015.21,34062.51,2187.85,644.0,54,0.503,676540.17
96164.08,55863.67,3587.01,634.0,18,0.618,730948.67
48503.52,26661.57,2760.51,614.0,68,0.607,293115.85
49259.13,21565.11,292.0,764.0,38,0.444,524558.53
27472.27,14803.77,3359.41,637.0,67,0.661,174691.44
49275.48,25032.2,430.01,569.0,47,0.517,303356.61
84119.25,47688.24,1323.09,700.0,44,0.583,525960.35
92499.68,40491.05,2980.73,679.0,63,0.47,743472.55
84007.63,30117.35,3401.48,606.0,51,0.399,893571.25
15145.2,8236.08,1816.5,761.0,46,0.664,103336.84
87078.63,70295.77,2282.1,722.0,21,0.833,303384.46
15000.0,8434.96,3076.78,722.0,24,0.767,67260.87
82452.93,41247.98,2119.41,719.0,50,0.526,899983.32
50805.39,33689.71,2647.98,767.0,29,0.715,295630.32
77563.33,40817.86,8030.96,668.0,50,0.63,586077.31
26688.79,22157.17,2116.51,581.0,63,0.91,44798.4
89279.19,49051.16,3234.0,663.0,41,0.586,682046.17
23375.63,15312.78,926.0,548.0,55,0.695,136914.32
43288.63,18908.88,1125.22,595.0,18,0.463,424432.69
35047.63,21921.01,1485.61,810.0,51,0.668,216306.51
16142.88,9544.7,1305.43,592.0,34,0.672,92129.16
62363.19,33771.17,3323.46,586.0,57,0.595,415624.86
105152.23,49919.58,659.86,734.0,67,0.481,946882.35
126672.63,57546.8,7551.65,749.0,39,0.514,1089629.16
62428.89,36979.94,3497.68,547.0,66,0.648,385244.93
87917.03,56648.54,7101.38,700.0,65,0.725,383133.18
65802.37,34936.16,5838.14,636.0,44,0.62,452867.8
72472.08,42982.48,6929.3,706.0,32,0.689,395352.25
51446.28,28002.87,3726.73,656.0,32,0.617,316659.21
64876.92,36641.12,3492.14,571.0,40,0.619,412162.17
73436.97,38182.32,1834.58,641.0,29,0.545,599283.73
45538.51,25168.95,942.66,730.0,44,0.573,438840.26
58062.64,52256.38,5192.98,835.0,66,0.989,11033.74
58539.25,34933.01,789.33,711.0,67,0.61,435801.28
80660.08,52170.5,2724.26,649.0,57,0.681,478932.32
33349.2,20533.22,1598.48,586.0,26,0.664,188754.76
58711.44,29976.74,1091.24,667.0,64,0.529,568975.64
107800.14,80213.91,3031.32,650.0,62,0.772,447574.22
89101.5,45114.36,9661.78,704.0,46,0.615,688878.27
93729.48,66384.67,1806.18,675.0,54,0.728,432874.41
60610.8,30297.45,805.01,718.0,38,0.513,481150.98
68024.94,27618.41,280.46,651.0,18,0.41,700540.31
85055.9,51442.61,11996.56,817.0,29,0.746,419796.6
99006.39,38048.13,1902.66,727.0,18,0.404,1066427.3
15000.0,9455.19,1054.33,623.0,44,0.701,80589.58
27113.97,10055.93,3351.66,760.0,41,0.494,250116.71
92736.1,46567.32,3937.8,588.0,41,0.545,687198.61
53077.77,17793.82,1880.71,612.0,66,0.371,662041.92
43206.98,38886.28,5301.1,616.0,51,1.023,0.0
28645.98,8648.39,2449.48,786.0,56,0.387,386902.46
46124.58,25436.42,5581.81,666.0,52,0.672,294707.15
24940.77,17994.66,1174.27,630.0,67,0.769,112728.06
112277.36,79206.95,12645.54,693.0,63,0.818,416600.43
59439.1,40281.96,7080.47,723.0,27,0.797,223037.06
58551.24,29417.06,3044.99,807.0,41,0.554,479155.96
74701.92,56225.39,9292.72,560.0,44,0.877,148428.26
84058.63,57749.01,3927.04,781.0,24,0.734,433659.77
83647.2,48669.7,3648.27,515.0,31,0.625,445890.88
86840.55,50896.13,12641.42,753.0,52,0.732,461741.73
44228.86,22309.55,3069.42,773.0,60,0.574,348566.03
52553.33,21733.54,1781.26,777.0,32,0.447,571809.22
79225.79,58276.33,3566.27,726.0,68,0.781,318926.87
46815.27,34963.11,2280.19,595.0,61,0.796,178860.66
59872.33,24989.73,1170.24,740.0,49,0.437,670654.97
69969.09,36868.97,6674.78,595.0,54,0.622,424184.94
79629.63,42083.18,5491.05,605.0,26,0.597,556981.72
15557.98,8480.68,879.33,643.0,56,0.602,85878.03
77868.64,43578.74,2596.89,651.0,64,0.593,538662.89
54156.9,37478.16,4273.23,699.0,50,0.771,234260.26
77686.44,34020.25,1553.84,624.0,50,0.458,664915.2
79423.29,33599.86,852.26,706.0,55,0.434,894036.34
100197.88,73694.83,7954.31,570.0,49,0.815,271221.09
93836.34,45098.05,6798.74,683.0,38,0.553,786127.07
93664.29,33770.16,1672.99,658.0,22,0.378,1025074.41
96091.76,45857.92,16789.42,761.0,60,0.652,710090.3
67284.47,33675.35,2173.66,769.0,28,0.533,571176.33
60804.63,47624.88,5246.91,666.0,46,0.87,140092.12
81820.43,56351.69,2233.36,523.0,63,0.716,427123.77
78302.02,56544.09,4974.04,562.0,25,0.786,317962.85
52273.34,35179.75,4207.98,770.0,44,0.753,200843.73
70120.59,48519.0,4173.74,669.0,63,0.751,267480.62
59122.59,26415.24,1628.85,820.0,58,0.474,703946.44
38651.68,20106.98,991.36,752.0,60,0.546,372936.36
92261.52,37044.17,1676.15,700.0,60,0.42,1065033.42
61379.98,31821.03,1569.44,690.0,69,0.544,506068.39
111217.71,72582.43,6808.1,588.0,65,0.714,540465.9
19362.69,11040.37,2834.21,629.0,29,0.717,82096.28
46080.53,34409.35,2454.1,713.0,24,0.8,163623.27
60815.97,23036.34,11476.96,652.0,52,0.568,510331.37
88434.53,55274.74,1681.91,717.0,61,0.644,579054.67
69986.73,25388.01,366.71,762.0,23,0.368,925634.02
67761.82,38226.24,12322.76,666.0,36,0.746,341921.86
31818.41,21033.56,2896.2,645.0,53,0.752,153230.98
31076.47,16092.16,3117.08,608.0,59,0.618,214184.85
68062.62,43061.11,1413.26,747.0,57,0.653,435347.99
25897.35,10515.36,1431.16,740.0,59,0.461,269748.13
46703.06,14031.77,4267.38,850.0,33,0.392,517848.65
72522.93,45947.23,6362.94,694.0,28,0.721,310096.26
35441.89,28764.69,2303.55,672.0,53,0.877,80542.19
100133.9,40112.96,1075.68,717.0,45,0.411,1031556.45
90598.41,66438.45,1174.98,657.0,62,0.746,382436.6
20714.5,11527.9,2836.77,609.0,69,0.693,107940.07
36690.72,12828.77,2564.36,687.0,40,0.42,422493.79
15000.0,5704.11,771.76,717.0,52,0.432,177049.72
40435.22,22335.11,3119.48,722.0,52,0.63,253496.38
79159.71,38735.27,12457.87,716.0,34,0.647,621769.64
49652.63,17530.51,6633.7,765.0,56,0.487,509097.6
71519.93,21162.33,10751.78,722.0,60,0.446,779814.09
21941.64,9281.14,1665.22,702.0,21,0.499,182587.83
79949.38,46296.4,4825.26,579.0,65,0.639,484941.65
46122.27,25322.97,5994.47,700.0,24,0.679,269553.5
60304.24,28633.32,1739.89,666.0,65,0.504,443678.42
57678.14,33469.65,3893.6,590.0,35,0.648,344978.23
28211.29,19917.28,1196.7,720.0,61,0.748,142873.88
31172.89,18988.0,2259.59,721.0,40,0.682,175379.08
84194.86,44775.14,4440.43,714.0,45,0.585,600504.03
69974.8,48227.39,9696.15,724.0,58,0.828,249219.05
86251.23,35019.93,3619.7,690.0,59,0.448,887029.49
68116.46,35165.94,2423.7,660.0,53,0.552,543054.13
63574.77,33048.5,9368.86,822.0,55,0.667,427728.11
16849.73,6141.0,280.44,692.0,36,0.381,201688.91
53240.83,25929.29,4764.56,477.0,67,0.577,383702.03
59315.39,14161.91,5335.01,486.0,61,0.329,690679.41
108827.68,91069.91,5428.9,776.0,67,0.887,248549.89
77173.92,31594.07,3177.95,533.0,38,0.451,783170.99
98401.53,77532.25,10016.74,636.0,52,0.89,156338.11
74938.44,41644.24,11047.84,583.0,67,0.703,418453.98
42217.42,26796.65,3322.73,656.0,19,0.713,211578.6
62928.11,29996.57,6875.61,711.0,68,0.586,427006.63
65905.59,38303.63,2432.54,627.0,34,0.618,486854.59
36521.11,23650.1,542.55,615.0,28,0.662,214913.95
50390.32,32737.72,6535.28,738.0,30,0.779,229387.77
54855.83,36545.83,4400.93,850.0,58,0.746,274636.72
100140.5,49544.52,3093.8,723.0,45,0.526,919866.25
15000.0,7169.19,1306.95,607.0,34,0.565,110849.71
90145.46,28023.84,13290.02,750.0,62,0.458,930808.82
36580.12,22989.98,2417.14,820.0,41,0.695,209388.23
25698.02,18306.16,719.73,765.0,62,0.74,112964.87
89498.55,70918.41,10672.99,557.0,51,0.912,118082.35
78297.45,46647.73,1974.18,722.0,66,0.621,566929.08
91362.97,39745.45,1178.81,643.0,54,0.448,844104.28
80017.55,23640.03,1811.83,684.0,31,0.318,1047589.17
111496.13,78744.14,1638.65,650.0,66,0.721,545966.2
73968.1,20752.38,2282.82,739.0,23,0.311,916213.62
56088.07,27982.86,4152.34,652.0,58,0.573,501037.68
68573.16,35408.02,5278.39,793.0,61,0.593,511763.86
91086.73,49148.73,3815.58,680.0,39,0.581,704075.2
40515.62,22501.17,1661.7,662.0,37,0.596,344215.71
43702.79,24942.15,355.47,726.0,40,0.579,376497.17
52276.0,10455.2,870.72,709.0,61,0.217,781472.89
15000.0,8282.98,864.16,728.0,49,0.61,102180.55
63451.96,13677.94,3583.42,669.0,39,0.272,662934.44
15000.0,9897.49,669.47,787.0,56,0.704,63878.53
61326.48,28622.98,1536.08,759.0,67,0.492,572849.81
81632.24,18485.17,818.06,679.0,40,0.236,1325264.34
48078.09,20571.14,1494.03,746.0,37,0.459,455138.33
101927.9,47344.36,6324.99,659.0,54,0.527,775861.88
23487.48,17113.09,2491.27,726.0,60,0.835,70910.35
89781.52,52028.0,15492.49,746.0,63,0.752,427616.38
76878.43,46255.19,6560.08,700.0,56,0.687,454963.71
17099.17,12434.23,1349.21,614.0,60,0.806,64168.36
127769.86,68430.77,3153.06,585.0,51,0.56,870380.07
58406.37,38730.91,1259.13,703.0,34,0.685,382690.1
38062.9,24839.06,4625.77,622.0,32,0.774,159698.75
24822.82,8862.48,778.63,764.0,38,0.388,273958.36
54499.55,42016.29,1847.94,559.0,18,0.805,161033.69
56814.83,19144.03,4822.95,785.0,62,0.422,554018.77
62566.14,43020.79,6783.83,684.0,55,0.796,259302.65
52555.1,16945.81,5667.96,612.0,51,0.43,502308.29
75830.63,48545.67,3130.4,644.0,46,0.681,414342.86
50309.25,41720.82,5572.52,664.0,19,0.94,55448.29
15000.0,7770.8,613.95,719.0,37,0.559,109508.13
56265.96,28782.66,5538.5,582.0,59,0.61,428427.11
15000.0,9623.49,2791.58,603.0,67,0.828,45946.0
68844.27,34462.79,7666.03,654.0,61,0.612,490699.03
35517.49,29221.73,4170.94,678.0,68,0.94,38135.1
64084.01,37093.67,2351.07,737.0,30,0.616,400764.58
92851.87,46609.28,4374.01,702.0,25,0.549,852585.44
36281.28,17014.37,3024.87,649.0,40,0.552,354048.5
86531.41,35482.87,16240.28,699.0,65,0.598,585419.79
49165.26,22411.33,2503.88,693.0,28,0.507,402866.6
103829.87,51644.87,9936.73,660.0,40,0.593,691877.12
50871.18,24258.13,4781.21,689.0,69,0.571,369556.35
38987.68,17594.11,516.16,508.0,53,0.465,383739.39
77180.96,66748.12,1225.42,755.0,45,0.881,157708.72
49105.26,19420.43,6577.49,724.0,34,0.529,533574.99
38963.76,22287.07,4528.44,800.0,25,0.688,282934.34
48054.0,30700.65,2968.06,615.0,18,0.701,269772.32
58884.84,37952.23,1649.68,726.0,46,0.673,382336.72
93554.5,50632.53,2423.35,528.0,69,0.567,717453.51
15000.0,7708.42,126.48,539.0,20,0.522,111326.77
60577.02,37420.37,5367.27,661.0,30,0.706,282363.08
75622.59,44615.68,1182.22,634.0,50,0.606,531323.32
64836.21,33141.43,1558.23,764.0,40,0.535,500219.08
92746.63,29281.8,5126.66,774.0,40,0.371,1043890.26
58141.37,27896.89,8044.85,783.0,51,0.618,464757.39
55386.21,20936.96,4131.61,728.0,43,0.453,592006.65
74808.24,33658.18,10322.19,731.0,22,0.588,660882.24
62482.85,34676.95,6446.24,577.0,25,0.658,350670.63
50239.78,30335.3,7104.59,792.0,34,0.745,294335.63
72903.6,59567.19,1190.37,780.0,42,0.833,220038.72
43686.79,20506.1,1680.64,570.0,40,0.508,394320.71
44720.57,29792.57,2474.23,717.0,45,0.722,235777.87
46800.15,27887.93,1625.41,636.0,51,0.631,338358.73
93826.73,69844.58,13065.78,828.0,25,0.884,202219.25
15000.0,9546.51,666.28,602.0,60,0.681,89676.39
69889.97,27867.07,8418.66,687.0,36,0.519,642729.77
60856.8,17742.38,3381.57,695.0,30,0.347,666896.97
17978.24,10727.42,495.55,676.0,43,0.624,150059.15
67743.17,31888.9,3365.07,850.0,56,0.52,650341.64
71893.8,28969.82,10520.93,815.0,68,0.549,697509.96
74740.98,26896.54,6759.31,549.0,23,0.45,722978.6
15000.0,8612.19,362.81,719.0,30,0.598,98709.42
94159.74,73082.66,10558.14,679.0,66,0.888,209898.6
41556.58,20308.67,3459.51,747.0,69,0.572,297948.45
77164.19,49272.47,4152.33,697.0,40,0.692,418537.57
78526.84,41985.17,4012.83,615.0,53,0.586,584865.27
38082.57,13579.97,3734.92,597.0,60,0.455,358460.64
76511.5,50514.55,4280.3,648.0,34,0.716,410632.12
50362.67,19429.73,4658.89,670.0,18,0.478,364453.3
15000.0,8298.66,734.27,696.0,60,0.602,94096.74
89193.55,44487.24,7115.4,634.0,68,0.579,707588.15
40623.88,27785.17,2095.54,816.0,30,0.736,209883.7
38637.66,15118.04,6463.21,723.0,45,0.559,330831.03
49923.35,30384.87,6333.16,750.0,31,0.735,262512.22
66805.92,28327.74,847.31,669.0,65,0.437,613376.86
58568.24,27722.35,5171.54,597.0,31,0.562,384256.47
73701.67,14740.33,143.19,751.0,24,0.202,1209208.81
26512.77,22902.12,1790.55,601.0,54,0.931,29176.49
41440.34,26214.48,3054.04,518.0,58,0.706,202051.35
57100.07,24832.7,1081.65,725.0,60,0.454,579746.48
107447.18,40969.79,10995.8,620.0,35,0.484,862073.24
57154.69,27185.78,5851.46,653.0,58,0.578,410819.69
87130.56,57291.12,8734.64,736.0,26,0.758,440248.34
60963.88,16227.81,5762.05,606.0,55,0.361,688565.05
47908.53,25332.23,4126.95,552.0,37,0.615,297681.18
53831.89,43905.09,5011.19,778.0,38,0.909,99567.67
55789.51,21194.88,542.91,675.0,55,0.39,705323.69
75091.14,42205.56,9722.72,781.0,53,0.692,451325.43
94365.28,83088.3,7040.23,730.0,42,0.955,96928.66
68992.02,44487.62,977.65,732.0,60,0.659,459890.38
89676.94,51016.19,6522.0,693.0,19,0.642,575610.06
35880.26,22460.88,1869.67,693.0,61,0.678,220955.6
49634.24,24314.33,1643.47,771.0,47,0.523,562883.46
41892.44,31207.55,8483.31,745.0,25,0.947,47775.08
67861.11,33258.77,5299.65,633.0,42,0.568,446054.23
51026.04,13068.93,2028.34,719.0,47,0.296,574025.31
78244.32,38441.79,955.66,630.0,47,0.504,667369.83
36724.96,14873.23,2556.35,655.0,30,0.475,422886.82
61075.77,31015.55,2767.24,725.0,48,0.553,522514.87
77171.45,39445.21,4014.55,629.0,49,0.563,552638.26
15000.0,10944.2,812.81,692.0,53,0.784,71820.85
113040.78,73961.9,3725.24,710.0,58,0.687,724987.41
52921.2,31196.51,3855.25,653.0,46,0.662,310320.71
15000.0,8243.37,78.0,738.0,65,0.555,119080.94
63952.35,25016.32,2076.77,645.0,51,0.424,721728.34
60836.09,13555.72,2143.27,755.0,36,0.258,782546.41
57952.64,32857.64,1404.81,690.0,43,0.591,413053.21
84779.78,56734.3,4520.52,694.0,22,0.723,438657.1
78686.12,41998.71,8994.28,608.0,37,0.648,456760.93
67446.9,31684.66,5413.91,661.0,31,0.55,496731.01
71253.89,44154.28,2810.98,696.0,60,0.659,463550.92
57391.04,30847.69,2207.75,762.0,46,0.576,475115.83
104387.27,83808.53,15642.09,654.0,20,0.953,90435.13
23020.1,16917.68,699.53,762.0,37,0.765,83096.59
63491.29,44058.27,867.74,620.0,42,0.708,360073.67
61625.62,40898.46,9269.53,707.0,58,0.814,171877.26
80332.01,28636.34,7710.85,639.0,22,0.452,801936.82
38903.65,25265.94,5653.94,804.0,46,0.795,193133.74
16408.18,9950.73,971.16,789.0,67,0.666,116834.44
63920.58,40970.77,1513.55,703.0,58,0.665,384317.31
67030.76,41819.92,4726.85,637.0,58,0.694,343182.78
97239.99,60085.99,1982.23,559.0,19,0.638,580492.03
28240.95,25416.85,339.8,710.0,23,0.912,51404.71
88867.34,47861.48,7731.51,697.0,53,0.626,648903.46
119185.36,82291.6,9536.48,749.0,18,0.77,521914.94
50555.88,24234.04,5820.62,563.0,48,0.594,378436.01
27726.44,18537.8,3180.27,691.0,44,0.783,95784.72
49825.64,34424.43,2510.81,714.0,62,0.741,225543.01
60350.12,36491.54,7275.52,608.0,54,0.725,272259.99
74094.7,59304.44,235.36,689.0,63,0.804,295819.23
45215.13,18870.92,2584.47,622.0,63,0.475,425723.89
98879.96,47157.52,1055.73,614.0,36,0.488,1096489.05
32136.69,18698.96,7083.62,638.0,18,0.802,121384.08
16519.87,11268.55,1017.62,659.0,48,0.744,70512.1
87667.76,50576.8,5142.27,779.0,35,0.636,678829.79
15000.0,11142.96,2021.44,654.0,24,0.878,30496.21
54896.76,24744.52,1367.05,612.0,66,0.476,478010.02
137942.03,52268.06,5386.97,745.0,49,0.418,1509045.99
59698.91,35593.64,1627.46,762.0,52,0.623,444842.25
31980.81,17219.2,824.11,746.0,49,0.564,269999.2
58565.06,36979.71,5523.62,790.0,18,0.726,319905.9
58729.98,32060.09,6226.67,695.0,50,0.652,338332.09
64016.25,31943.92,7663.42,692.0,29,0.619,446561.35
76556.57,41245.57,1341.41,624.0,62,0.556,611529.16
34022.22,18859.45,1623.21,792.0,41,0.602,287141.06
102188.7,51528.94,10573.3,673.0,21,0.608,690112.81
66127.86,34355.42,4712.93,656.0,32,0.591,350142.96
78169.85,38261.09,1720.94,649.0,49,0.511,754386.6
44296.27,30055.01,9349.76,731.0,41,0.89,97042.45
92159.55,53369.89,4820.98,687.0,40,0.631,536731.64
53573.69,47600.91,2295.64,695.0,42,0.931,57464.8
66938.81,38429.95,1166.38,654.0,66,0.592,519774.55
36672.35,17139.61,1069.17,664.0,43,0.497,321464.26
35076.71,31569.04,1785.07,668.0,38,0.951,26606.09
77205.13,47252.93,2150.33,794.0,23,0.64,485500.01
48909.83,34164.43,541.86,536.0,39,0.71,229394.01
38654.42,24693.04,1754.66,716.0,62,0.684,209693.12
43920.42,28260.66,1650.27,767.0,56,0.681,255743.68
77473.83,48835.48,7827.2,533.0,54,0.731,342770.28
44274.05,17031.67,2140.29,674.0,28,0.433,501265.17
57058.63,34527.85,330.87,759.0,54,0.611,448721.94
60375.69,21208.22,3110.79,620.0,47,0.403,641858.34
15000.0,7857.68,599.95,701.0,48,0.564,137488.29
23221.84,10244.49,2994.38,605.0,50,0.57,155883.84
68406.95,41291.84,8341.72,683.0,62,0.726,339292.0
41574.27,24949.5,2932.76,782.0,29,0.671,249623.47
86418.12,53766.93,8017.08,816.0,44,0.715,481569.7
84170.18,49920.87,11727.91,700.0,31,0.732,412487.59
77979.22,35790.6,9087.32,578.0,18,0.576,523363.74
105494.29,53891.71,14526.76,655.0,62,0.649,636819.59
57922.77,39854.31,3677.32,535.0,67,0.752,251404.12
76222.05,54131.26,4444.28,656.0,66,0.768,311716.94
45389.98,17156.62,1570.44,757.0,25,0.413,361410.45
121309.25,38862.73,2246.81,571.0,25,0.339,1442280.54
109590.84,48325.9,15306.53,663.0,57,0.581,869669.17
60297.01,42616.79,2237.2,615.0,46,0.744,233728.46
69664.66,51010.73,1423.58,823.0,43,0.753,395152.61
93982.44,38654.34,10776.08,712.0,43,0.526,805422.38
56321.51,33573.05,6548.49,748.0,66,0.712,338631.01
43584.4,35964.31,1617.69,703.0,37,0.862,111122.71
81849.74,50116.33,14302.61,741.0,61,0.787,313342.62
61960.98,47290.2,4004.77,766.0,60,0.828,212816.23
64574.86,45190.07,6027.75,683.0,66,0.793,230212.98
39143.22,16184.55,445.93,638.0,69,0.425,390735.2
17058.2,8895.9,396.48,605.0,24,0.545,112778.56
65903.56,36590.52,9942.03,821.0,49,0.706,373261.19
82624.05,46733.82,2692.77,746.0,59,0.598,551561.12
54354.83,37366.19,969.75,502.0,66,0.705,255615.66
95910.74,58630.49,12012.83,660.0,35,0.737,475256.9
42402.09,8480.42,275.33,713.0,39,0.206,627667.05
33632.39,11874.72,1573.29,814.0,46,0.4,436491.69
58319.24,12940.62,1504.06,592.0,49,0.248,896895.27
57935.19,33388.32,1030.39,714.0,66,0.594,431789.79
79249.22,46445.84,315.93,648.0,37,0.59,581250.04
40625.93,24070.2,3452.12,584.0,48,0.677,207845.26
94202.36,38261.3,7833.74,788.0,60,0.489,759437.49
109172.92,71084.85,14658.47,603.0,58,0.785,408498.15
59021.4,38802.99,3670.08,758.0,25,0.72,337645.77
91242.76,33005.03,6236.21,552.0,60,0.43,863906.0
33587.57,11087.07,2657.62,641.0,53,0.409,321882.29
86880.54,47782.58,9116.25,726.0,68,0.655,506633.31
86181.91,70562.93,4962.21,737.0,25,0.876,175499.4
81585.93,65673.53,9335.33,715.0,26,0.919,120872.23
59610.92,37823.77,3829.92,759.0,31,0.699,308863.04
15000.0,6607.51,251.7,657.0,63,0.457,162275.73
43956.82,30023.67,4694.35,791.0,50,0.79,193918.46
44352.1,21383.76,4933.51,709.0,32,0.593,368580.18
35543.63,15457.0,1676.59,739.0,47,0.482,391705.8
63056.08,14402.32,1958.33,709.0,47,0.259,831392.51
49525.91,27999.84,3500.4,719.0,57,0.636,363817.22
39384.7,17940.51,3839.94,600.0,48,0.553,294417.95
33530.0,18926.49,5348.63,605.0,22,0.724,155498.0
42112.18,8637.05,6083.71,637.0,36,0.35,472827.37
88037.48,50663.28,2117.95,721.0,65,0.6,603613.8
43474.37,8694.87,4143.01,633.0,59,0.295,530778.19
47126.53,33610.22,9258.99,656.0,28,0.91,75075.21
48582.56,30523.63,931.02,674.0,54,0.647,330398.75
68474.84,34798.93,5166.28,793.0,27,0.584,544788.81
71406.24,45300.69,3147.15,728.0,65,0.678,406889.76
15000.0,6049.33,699.28,563.0,53,0.45,147441.8
85540.88,47976.14,11882.57,693.0,50,0.7,427595.69
95909.2,64183.98,11811.81,656.0,41,0.792,350748.72
33745.34,6749.07,3179.17,662.0,32,0.294,455107.82
35692.54,17236.51,1282.51,680.0,46,0.519,337384.48
48743.67,26643.45,3207.06,770.0,56,0.612,411604.11
41099.9,21394.8,5550.15,615.0,44,0.656,255412.87
65598.17,50416.48,5253.86,696.0,37,0.849,184254.76
15000.0,5721.22,737.58,703.0,53,0.431,182505.42
32051.81,14642.1,1546.14,662.0,31,0.505,260794.46
98479.93,25862.76,303.41,629.0,54,0.266,1366548.19
36794.5,28572.51,4514.36,620.0,66,0.899,65369.47
91085.71,46732.11,7438.65,646.0,53,0.595,513754.14
68883.45,33356.03,1043.11,739.0,54,0.499,754779.36
15000.0,8131.91,379.88,651.0,41,0.567,106126.07
75883.23,48977.72,4769.67,672.0,66,0.708,513401.55
57058.32,34355.07,2155.03,587.0,60,0.64,354961.11
48613.32,43751.99,3788.31,642.0,53,0.978,17164.78
66123.93,40870.56,6737.27,698.0,46,0.72,367482.4
71865.84,34510.92,4055.8,547.0,32,0.537,528591.15
77689.8,36187.63,997.82,764.0,56,0.479,781658.67
89456.32,43930.76,586.9,633.0,22,0.498,833326.81
70203.4,22796.76,8444.48,821.0,63,0.445,782809.87
25609.15,14238.16,1154.03,714.0,50,0.601,189885.57
48158.86,32147.02,4251.27,533.0,56,0.756,182671.87
133576.21,61177.3,17614.95,702.0,62,0.59,791726.85
78112.28,33501.81,6208.2,655.0,62,0.508,711496.09
119232.18,92690.12,11086.43,703.0,18,0.87,301012.65
94885.85,31884.26,6359.65,809.0,64,0.403,1347678.38
66045.05,15839.4,538.87,736.0,51,0.248,1013737.94
67535.18,25465.13,9861.79,662.0,57,0.523,518561.97
59085.5,18844.44,3578.74,568.0,25,0.38,489198.63
16554.88,10064.28,404.92,750.0,41,0.632,88678.59
60451.18,29977.4,1656.21,721.0,63,0.523,539999.52
90266.86,46672.21,2083.27,773.0,40,0.54,850507.16
45009.0,32538.81,1770.62,669.0,53,0.762,200913.7
70298.82,31374.35,1576.45,704.0,30,0.469,711416.34
81289.78,54160.4,5213.38,660.0,54,0.73,446868.84
37257.99,28938.22,1310.0,687.0,63,0.812,132809.11
48717.43,23464.78,1994.03,559.0,35,0.523,351177.01
34552.21,22823.58,2149.42,705.0,27,0.723,166899.38
39445.86,20264.42,4673.1,711.0,21,0.632,281121.08
27809.87,19150.28,1406.07,640.0,24,0.739,130759.27
37488.79,11781.85,278.0,729.0,53,0.322,474674.97
95486.39,28948.91,4081.45,750.0,39,0.346,1131651.61
37113.07,18234.02,4990.8,792.0,60,0.626,246718.53
63161.48,26316.94,7178.61,598.0,60,0.53,594378.1
47428.28,22409.56,5912.85,734.0,29,0.597,326166.47
89471.65,46263.2,8742.36,787.0,41,0.615,631437.05
92779.06,61048.81,3129.08,652.0,64,0.692,511974.11
81601.75,39891.09,5831.11,792.0,54,0.56,726004.11
67653.36,28848.8,3004.93,622.0,25,0.471,639255.25
54223.51,26963.89,8011.79,686.0,37,0.645,294471.45
30203.13,13127.13,5025.92,542.0,60,0.601,205734.06
108588.22,44510.22,22504.98,531.0,35,0.617,754460.91
41008.17,12632.46,2875.54,556.0,42,0.378,435563.13
76591.16,42923.35,6121.24,793.0,67,0.64,649729.42
86489.14,40191.0,12834.07,618.0,40,0.613,664990.99
46117.99,32049.32,312.9,618.0,55,0.702,231356.92
85950.31,28612.05,6970.35,713.0,35,0.414,885845.11
79105.33,37075.68,13884.17,621.0,68,0.644,440900.65
103199.1,84823.06,6498.34,776.0,63,0.885,230825.51
48266.34,19743.76,1739.96,829.0,28,0.445,554088.49
27853.4,14331.13,975.13,502.0,56,0.55,224218.89
47362.76,17411.66,1652.3,722.0,31,0.403,527748.77
65221.34,22679.8,10023.75,515.0,65,0.501,484913.07
61455.32,48064.0,1240.27,571.0,39,0.802,227485.72
50164.05,28877.23,2441.43,718.0,62,0.624,310215.49
15000.0,8550.78,1480.25,605.0,55,0.669,89545.43
71762.07,21209.47,734.53,701.0,32,0.306,937566.61
109308.61,66001.77,4815.66,682.0,22,0.648,708421.16
71606.28,51815.26,10818.37,548.0,66,0.875,144423.24
75228.39,54346.61,1326.26,733.0,22,0.74,412189.35
74311.13,48320.81,2336.07,704.0,67,0.682,451600.65
69926.17,26612.3,4516.67,683.0,59,0.445,736939.99
83291.65,49722.49,5913.2,628.0,36,0.668,518679.19
69884.34,45434.45,3057.69,711.0,51,0.694,341148.2
52183.07,14654.75,4557.7,576.0,33,0.368,498600.42
40100.28,15310.61,4386.27,599.0,38,0.491,323401.13
53775.66,36740.8,6974.65,706.0,62,0.813,187329.06
67853.24,46235.66,3454.23,762.0,49,0.732,319176.52
52097.93,16552.16,4310.65,642.0,36,0.4,509400.93
67858.47,45414.5,6583.49,717.0,41,0.766,288975.15
70978.75,40052.99,4295.47,696.0,52,0.625,536583.02
80829.49,53925.5,6295.91,713.0,35,0.745,419095.38
92069.87,41875.39,5672.64,625.0,31,0.516,828135.58
61950.19,40067.99,4523.15,668.0,39,0.72,330908.11
27305.59,18474.26,1446.75,677.0,56,0.73,133795.04
51372.4,25547.48,6053.73,800.0,47,0.615,398703.35
61101.56,33768.57,3669.43,592.0,29,0.613,405017.36
15000.0,6790.83,522.58,568.0,66,0.488,130576.43
94716.61,75559.78,21729.82,850.0,29,1.027,0.0
63559.45,33811.03,2151.26,705.0,47,0.566,494574.51
69533.82,28626.82,3502.42,724.0,20,0.462,561985.19
94138.16,41668.01,1754.03,731.0,57,0.461,1021090.85
44246.43,25176.91,4934.96,742.0,49,0.681,270267.03
74351.05,49294.72,3758.33,752.0,44,0.714,340783.23
57253.4,20017.27,2648.76,742.0,45,0.396,701735.26
55397.83,45822.26,5633.39,770.0,35,0.929,78716.9
40695.19,24266.59,402.06,693.0,42,0.606,249103.49
101640.08,63013.64,1489.44,766.0,32,0.635,838593.59
50612.5,27099.02,8035.9,831.0,68,0.694,307973.75
77486.61,42841.48,11074.9,696.0,62,0.696,531988.78
15000.0,7916.36,1307.84,718.0,65,0.615,119972.61
89499.71,62888.71,7807.98,634.0,44,0.79,383826.22
86305.28,47365.26,2762.05,667.0,32,0.581,654240.6
62435.85,41523.43,3099.35,708.0,47,0.715,336428.34
54326.44,26344.13,3349.09,649.0,28,0.547,466666.03
70000.0,40554.23,4983.24,687.0,62,0.651,460576.32
117219.77,50335.57,6462.69,707.0,31,0.485,1192483.31
15919.08,11660.4,1172.67,802.0,62,0.806,60180.4
79550.68,33804.1,12912.25,611.0,45,0.587,470598.49
37209.57,18651.41,467.68,714.0,25,0.514,321114.96
59502.04,29915.0,3858.75,632.0,28,0.568,472647.38
53803.0,26735.1,4268.83,741.0,31,0.576,447413.52
49292.04,32452.62,779.1,748.0,68,0.674,365753.81
59738.37,30018.61,1853.0,814.0,64,0.534,532271.54
31645.72,24021.91,3301.15,646.0,39,0.863,79684.9
85729.51,36626.11,6376.02,692.0,42,0.502,836288.32
15146.41,8715.35,669.87,744.0,27,0.62,114398.99
73494.11,31869.41,1723.62,733.0,53,0.457,690880.72
51836.6,31783.4,7336.99,481.0,56,0.755,208585.02
30726.88,16826.27,1356.49,625.0,41,0.592,197669.29
65059.58,34269.53,1320.21,726.0,23,0.547,527341.42
21076.22,15349.21,394.42,663.0,50,0.747,94118.77
60992.85,27559.54,2750.0,745.0,39,0.497,570960.71
24428.08,15584.56,515.34,763.0,37,0.659,135154.88
71531.8,31091.73,6156.51,663.0,28,0.521,612709.12
36891.07,20913.65,769.64,728.0,68,0.588,288709.88
48725.15,18060.64,5254.63,796.0,52,0.479,509054.66
67348.73,30348.85,9315.7,761.0,52,0.589,516634.92
40686.45,21876.23,2095.89,618.0,18,0.589,348109.57
58550.9,48140.4,100.5,665.0,59,0.824,188637.11
22154.24,12519.82,1671.29,682.0,43,0.641,138546.35
75771.89,60481.14,7872.06,605.0,31,0.902,131846.46
104122.85,60708.67,11660.9,766.0,66,0.695,570819.46
129805.22,63856.04,18079.58,628.0,19,0.631,919318.17
62279.2,48634.05,8423.25,672.0,63,0.916,99076.59
79705.1,49062.69,4168.12,766.0,22,0.668,590435.53
15484.36,7023.58,737.17,644.0,56,0.501,150412.49
97568.36,60549.53,1362.66,653.0,32,0.635,730692.13
79405.71,40188.09,9395.66,707.0,38,0.624,431766.25
47901.66,12054.21,6186.06,647.0,46,0.381,472597.25
90929.52,62777.37,8522.45,803.0,68,0.784,412937.57
53638.1,38310.48,842.53,607.0,38,0.73,235407.52
48549.37,40086.79,6708.98,496.0,55,0.964,32154.43
71883.37,44087.62,11370.76,747.0,69,0.772,304209.62
33416.14,17132.17,1953.32,651.0,53,0.571,283781.43
85540.62,57761.17,5526.38,615.0,31,0.74,405012.29
33600.25,22763.27,4503.62,711.0,50,0.812,116308.57
33748.63,26855.21,3517.56,714.0,40,0.9,58289.29
37257.76,20242.36,2691.0,619.0,25,0.616,257382.54
78987.5,41481.33,1560.68,775.0,37,0.545,682347.14
44580.62,19734.43,1074.08,749.0,55,0.467,415477.54
26300.11,16585.35,3607.83,838.0,64,0.768,105277.04
44858.0,14254.11,3172.77,643.0,55,0.388,490121.55
59198.94,39450.95,2971.33,693.0,64,0.717,337485.04
30475.69,19448.83,927.92,699.0,18,0.669,191012.4
31207.97,19903.21,229.89,654.0,59,0.645,211708.74
112782.41,64368.73,9631.61,712.0,21,0.656,710339.66
38485.86,30016.92,873.06,718.0,31,0.803,130217.17
51923.94,35349.77,2213.14,718.0,39,0.723,287599.33
50819.07,23322.83,2707.45,654.0,29,0.512,431605.13
49466.08,22834.69,3768.07,663.0,42,0.538,412327.63
75533.67,31576.77,3004.46,635.0,69,0.458,773571.54
83703.57,52958.62,570.05,620.0,65,0.64,565062.46
52351.14,20939.36,7903.57,675.0,69,0.551,429546.18
29088.04,20725.49,3348.76,801.0,24,0.828,107109.15
91861.01,68753.0,1414.87,843.0,24,0.764,460630.14
57616.47,24092.19,3589.49,785.0,56,0.48,614385.55
103258.05,53918.02,996.7,643.0,23,0.532,971022.3
15000.0,8287.4,1446.88,713.0,36,0.649,103436.23
64885.08,44290.39,1576.51,516.0,64,0.707,363207.57
107965.16,85443.79,11826.12,668.0,40,0.901,166566.15
51168.4,15206.03,6319.8,649.0,27,0.421,478904.63
54362.66,27304.89,9155.72,830.0,61,0.671,340634.22
67387.79,34374.34,3144.35,701.0,25,0.557,491142.8
46030.1,15645.61,7024.1,684.0,53,0.492,502204.49
52198.2,24910.73,10088.96,675.0,24,0.671,360505.5
51554.62,31663.06,1609.37,657.0,20,0.645,350885.76
44314.48,22520.54,1114.79,723.0,25,0.533,399967.55
90721.41,28877.25,7346.25,627.0,30,0.399,855400.3
71526.95,64374.26,1283.8,724.0,48,0.918,114888.0
66265.71,39091.91,9156.73,795.0,30,0.728,357299.87
80214.28,45461.77,2781.68,689.0,43,0.601,633889.42
53391.1,20572.18,6960.2,655.0,65,0.516,441022.1
40644.9,23944.15,5294.41,674.0,65,0.719,218061.87
44934.39,23607.09,2146.28,776.0,19,0.573,408348.55
60044.58,16015.18,6315.91,691.0,20,0.372,753041.14
33519.71,13054.64,3829.45,631.0,32,0.504,296540.61
47493.47,31784.48,5768.27,745.0,66,0.791,214022.99
47097.08,39637.03,815.16,623.0,19,0.859,105885.64
113113.91,68442.38,13315.63,661.0,34,0.723,577573.64
15000.0,10731.94,2362.62,698.0,55,0.873,37033.39
55509.51,29233.34,4813.39,615.0,28,0.613,372500.27
103142.34,55389.3,3582.94,537.0,22,0.572,779428.52
63046.11,44992.66,4180.51,716.0,23,0.78,284607.15
78835.44,63022.36,941.33,505.0,20,0.811,195369.31
62495.66,46569.55,1143.49,606.0,40,0.763,294324.05
43316.67,16895.47,1756.48,742.0,49,0.431,442343.98
15000.0,8099.34,1507.2,714.0,21,0.64,111907.0
65136.39,38536.56,2744.87,667.0,64,0.634,400789.93
40609.83,20753.59,3236.69,608.0,46,0.591,301335.48
39991.61,24322.05,4057.15,646.0,34,0.71,216693.22
47525.32,31988.65,5593.97,726.0,48,0.791,183277.74
103621.54,72578.75,2284.05,669.0,52,0.722,495215.93
120120.94,96442.76,2995.69,581.0,65,0.828,451952.25
65430.2,32753.3,978.74,610.0,38,0.516,520648.11
48380.82,16710.49,5621.87,645.0,40,0.462,531423.09
30569.34,18455.79,3819.4,709.0,65,0.729,197747.7
71713.5,59706.63,9977.78,688.0,48,0.972,35804.3
104572.64,50033.16,6986.71,580.0,18,0.545,678256.24
53816.49,35143.62,4028.91,788.0,28,0.728,285608.48
15000.0,9815.43,1555.53,621.0,18,0.758,60369.99
76751.24,44417.2,6198.65,715.0,24,0.659,519297.32
84634.99,46637.16,10445.65,604.0,58,0.674,453531.76
20353.86,8375.32,1191.75,850.0,30,0.47,214298.67
64412.1,13381.66,5913.68,786.0,37,0.3,874347.51
71280.65,27316.34,983.49,618.0,23,0.397,658877.89
58172.32,28589.04,9680.51,687.0,47,0.658,356256.21
40230.73,28749.42,7482.43,598.0,66,0.901,68095.2
85398.43,45648.09,8532.52,652.0,69,0.634,517618.42
49915.51,23567.41,2537.94,714.0,23,0.523,457789.12
22870.35,9522.12,1286.41,748.0,51,0.473,255347.83
15000.0,9727.81,457.02,581.0,52,0.679,79672.96
91521.24,68984.46,8057.35,620.0,37,0.842,251897.31
75416.6,53509.24,13487.83,755.0,55,0.888,156585.58
62199.34,39864.95,2977.44,786.0,47,0.689,444280.8
48993.13,16101.99,1703.35,618.0,68,0.363,508927.83
46775.04,23258.84,3486.15,757.0,50,0.572,357209.54
33106.58,27878.91,690.45,581.0,41,0.863,72795.91
49213.61,35349.77,1171.46,656.0,48,0.742,255786.25
15000.0,4790.62,549.46,588.0,33,0.356,187030.42
41598.41,22532.25,4727.58,648.0,57,0.655,233567.72
52226.56,31569.12,3980.93,833.0,33,0.681,361218.93
75247.0,32783.33,1737.3,676.0,44,0.459,709031.09
59001.84,12013.92,8231.76,657.0,53,0.343,598804.36
79873.08,45114.2,12627.19,635.0,39,0.723,336583.56
93728.38,40475.31,8208.87,656.0,32,0.519,793236.35
86454.25,37384.87,9565.11,615.0,63,0.543,744785.64
71762.75,35651.58,2023.73,691.0,18,0.525,625905.75
60296.57,31954.08,3723.02,677.0,45,0.592,452986.31
35480.3,19465.83,6349.05,643.0,50,0.728,141003.66
78498.6,32765.44,4303.81,636.0,53,0.472,705908.72
101993.68,52727.53,3443.81,695.0,32,0.551,820223.13
68552.65,19632.55,585.62,622.0,48,0.295,812015.98
107931.48,64397.95,8590.01,661.0,23,0.676,564852.37
21860.71,4372.14,970.21,644.0,21,0.244,349462.91
31145.92,15777.79,1379.91,504.0,37,0.551,237295.47
81380.04,55979.53,2857.79,749.0,21,0.723,465759.02
66607.26,26050.02,5312.99,533.0,27,0.471,584052.98
92844.55,61042.0,7394.96,539.0,24,0.737,455672.25
59613.21,43121.81,838.35,752.0,44,0.737,270892.78
38300.61,7660.12,4104.33,591.0,23,0.307,493365.74
54660.17,28822.06,12467.49,514.0,48,0.755,190756.06
21682.9,4336.58,4043.54,787.0,53,0.386,261379.58
31785.23,16918.29,656.77,629.0,44,0.553,250246.47
84311.1,46280.41,6020.63,777.0,30,0.62,627870.85
81819.69,16363.94,6064.83,607.0,28,0.274,1030188.13
69075.11,57935.07,2584.59,549.0,26,0.876,111260.86
16973.06,10063.37,802.51,654.0,25,0.64,104962.45
51039.91,21571.84,4882.46,583.0,27,0.518,415709.14
29375.0,22613.08,3708.01,712.0,19,0.896,54031.29
89413.33,25094.57,1330.35,734.0,41,0.296,1004442.01
45406.95,16601.89,1055.57,754.0,52,0.389,512362.06
32856.31,6738.23,4961.54,655.0,51,0.356,402378.8
60744.9,49820.34,1192.02,790.0,67,0.84,219027.94
43996.14,26391.17,911.09,606.0,28,0.621,284681.65
97093.6,63005.03,3656.66,691.0,69,0.687,545203.1
41629.73,24775.94,2891.81,669.0,18,0.665,232817.57
25019.29,15913.9,2081.13,838.0,22,0.719,163407.68
15000.0,8425.67,997.26,777.0,44,0.628,100327.26
59230.34,34983.7,3530.2,683.0,24,0.65,365076.44
45951.75,26015.15,984.28,696.0,67,0.588,364187.76
24277.38,11136.31,113.27,803.0,54,0.463,281071.23
89730.66,48724.31,6283.41,620.0,69,0.613,574806.54
76681.13,45321.55,5648.23,517.0,55,0.665,407930.3
59294.55,33595.25,589.43,603.0,18,0.577,422562.31
94108.16,30898.92,5889.9,647.0,49,0.391,880738.08
76563.4,26663.36,17927.11,789.0,34,0.582,651001.7
39428.6,28089.97,365.97,763.0,35,0.722,197770.36
34019.5,17144.16,680.41,676.0,21,0.524,280639.38
80449.54,51303.38,4534.96,717.0,66,0.694,473521.67
69909.17,26997.67,8939.02,623.0,30,0.514,598588.38
64243.69,21137.98,777.78,847.0,22,0.341,1006530.38
38837.55,16446.17,2411.25,777.0,39,0.486,454801.59
75198.69,38848.79,8881.36,684.0,43,0.635,572827.6
41112.53,18510.05,2771.48,674.0,21,0.518,430653.78
57450.33,42748.22,526.71,736.0,40,0.753,310009.05
96173.6,55485.29,3314.96,675.0,22,0.611,565166.9
43479.14,35972.07,2657.47,534.0,26,0.888,83736.72
20675.27,12625.58,2465.85,803.0,30,0.73,113244.99
33686.32,6737.26,3661.93,773.0,26,0.309,461694.49
84857.47,60113.56,1089.92,710.0,21,0.721,416900.14
66368.28,21474.6,7895.38,646.0,43,0.443,541536.28
56778.07,33191.32,7497.31,681.0,31,0.717,276102.48
47272.65,20506.75,2929.92,468.0,19,0.496,345768.59
72134.0,62858.05,471.07,591.0,48,0.878,160681.03
38772.38,29697.3,1330.48,821.0,67,0.8,149604.56
67641.64,29676.21,5062.78,721.0,68,0.514,690052.37
41718.64,22148.27,668.6,524.0,43,0.547,361574.06
37558.52,22035.19,5777.02,614.0,19,0.741,155084.75
44062.81,29941.22,636.08,526.0,58,0.694,196097.22
50614.81,28059.48,4332.86,618.0,63,0.64,332278.74
58779.25,23292.21,4308.59,667.0,61,0.47,594799.54
65886.39,29145.91,10218.19,808.0,69,0.597,528806.9
15000.0,8239.92,112.7,743.0,54,0.557,111176.16
39808.74,29266.13,3245.83,656.0,19,0.817,134662.77
50210.75,30838.22,3705.06,660.0,57,0.688,274419.11
97626.55,42368.73,5325.32,616.0,45,0.489,927547.33
32999.93,21359.4,1072.72,767.0,40,0.68,198508.09
64069.92,31519.34,1358.19,777.0,24,0.513,653152.96
97375.76,66562.29,6356.55,573.0,56,0.749,446098.51
27175.79,24458.21,1321.12,542.0,57,0.949,21645.54
69849.38,34657.59,5544.26,655.0,69,0.576,568001.1
39943.2,26771.56,1305.52,664.0,39,0.703,224262.03
47384.16,20763.31,2270.1,701.0,53,0.486,440625.62
39922.23,21284.95,1853.54,546.0,18,0.58,310166.33
41703.57,23121.89,888.41,623.0,51,0.576,269314.02
128047.8,66706.18,11839.52,673.0,21,0.613,855760.84
81111.4,73000.26,2107.03,618.0,58,0.926,116542.46
87543.45,44122.86,7023.26,749.0,52,0.584,703739.95
72299.84,46129.3,1136.66,829.0,48,0.654,493389.27
19843.58,5168.99,1052.15,637.0,50,0.314,233525.39
69873.95,42958.47,3919.06,751.0,22,0.671,402603.82
86823.24,62626.31,1705.46,651.0,60,0.741,455642.96
38665.01,18205.82,2198.91,606.0,60,0.528,320522.45
84133.17,16826.63,13245.12,623.0,28,0.357,946623.92
77608.41,42234.67,7793.26,741.0,49,0.645,578767.77
106301.0,58739.55,1303.68,629.0,64,0.565,900815.87
49555.42,32637.76,8587.97,644.0,18,0.832,150939.29
32559.73,27729.02,1481.71,588.0,60,0.897,71102.41
50959.3,25122.52,3074.02,731.0,23,0.553,368366.01
95889.27,40422.77,16134.26,717.0,45,0.59,852721.41
15000.0,5624.43,358.62,796.0,34,0.399,185096.23
15000.0,8695.68,659.84,728.0,67,0.624,113798.8
62234.88,38704.07,1177.15,713.0,28,0.641,363842.73
48935.27,22909.13,3822.13,727.0,58,0.546,374360.26
60193.2,40136.97,9174.41,660.0,44,0.819,192757.09
83632.79,51836.24,2917.06,689.0,29,0.655,544882.45
46185.77,25701.67,510.27,754.0,30,0.568,393137.49
15000.0,6219.57,1010.72,614.0,48,0.482,132622.58
111112.04,53080.48,18128.64,816.0,52,0.641,740874.45
35069.29,7013.86,1109.17,731.0,42,0.232,512754.04
33524.07,19623.92,3163.39,842.0,47,0.68,176992.52
87593.0,48522.25,8683.08,586.0,53,0.653,627377.03
50387.77,29137.83,1673.73,586.0,38,0.611,327578.99
58415.25,36547.38,1979.91,710.0,65,0.66,339045.07
72069.75,43809.27,5527.74,690.0,53,0.685,385486.2
87089.58,46457.28,3740.12,643.0,45,0.576,579817.33
51663.48,28792.07,3275.87,578.0,44,0.621,365684.57
97998.8,33256.14,8374.54,659.0,29,0.425,1060280.72
15000.0,6936.63,1250.39,697.0,27,0.546,123578.67
78994.68,44045.12,4069.85,575.0,43,0.609,513285.81
39011.81,17150.45,6143.02,647.0,46,0.597,267802.11
94306.78,64036.44,9498.39,711.0,62,0.78,306838.68
63551.11,28674.59,3572.01,743.0,23,0.507,638587.74
43177.37,25148.48,6681.81,657.0,42,0.737,202859.34
76571.03,43452.9,7880.77,616.0,25,0.67,464402.87
82329.71,54497.46,1324.72,689.0,28,0.678,527965.77
76047.35,52101.46,10870.67,663.0,34,0.828,259268.8
34257.59,22408.06,413.38,563.0,55,0.666,194014.75
47899.57,11213.25,5089.75,644.0,64,0.34,567287.78
59898.18,43673.09,1212.59,633.0,30,0.749,293287.77
58968.51,45942.14,970.24,682.0,58,0.796,216791.53
78743.64,37614.37,7892.01,621.0,32,0.578,655591.83
15000.0,8782.46,1202.29,636.0,36,0.666,97916.08
68358.18,28462.65,1769.53,665.0,36,0.442,648591.44
52750.47,13596.08,261.95,731.0,27,0.263,680296.77
39037.48,17144.98,3350.92,687.0,45,0.525,300479.98
41437.83,19433.48,1744.51,850.0,54,0.511,446508.94
54636.56,27141.93,1702.5,579.0,42,0.528,319189.93
15000.0,6092.44,564.14,753.0,32,0.444,116610.5
42467.76,18685.23,5551.24,674.0,52,0.571,341858.63
38104.63,20894.64,1951.49,568.0,33,0.6,217533.63
73319.58,31854.86,1638.01,650.0,54,0.457,633643.27
39861.83,25173.89,2306.75,559.0,44,0.689,210038.21
54622.15,35627.25,4695.13,687.0,22,0.738,221154.82
98556.92,88701.22,6608.73,656.0,41,0.967,50169.88
84858.79,61000.91,4026.11,625.0,19,0.766,401463.38
82556.78,48416.7,5996.69,595.0,57,0.659,500470.59
47503.19,21707.07,1042.24,761.0,66,0.479,518133.94
73575.81,43708.6,1257.27,667.0,52,0.611,484111.08
54152.55,32436.81,1688.01,697.0,50,0.63,430818.81
55097.67,26061.37,6169.89,694.0,59,0.585,293266.5
70242.13,46890.82,4569.38,689.0,49,0.733,287606.61
45075.16,15338.41,915.26,654.0,49,0.361,425241.32
97325.08,49960.86,4952.82,801.0,33,0.564,756404.87
55996.75,35467.15,2030.29,850.0,62,0.67,418393.94
75459.01,38247.34,1975.91,796.0,55,0.533,824845.16
96390.01,50025.15,6284.02,682.0,62,0.584,738567.65
85791.34,45412.11,8608.59,676.0,61,0.63,607275.63
24777.02,10521.81,556.25,767.0,40,0.447,199840.3
71122.4,51640.92,6928.25,619.0,43,0.823,229639.08
81267.98,32287.31,1840.12,817.0,22,0.42,872542.21
82296.58,49190.63,5415.65,743.0,24,0.664,467286.05
32167.63,19688.11,907.94,658.0,51,0.64,197933.45
43574.12,17765.46,1359.25,703.0,67,0.439,442748.88
84863.96,47605.76,3611.06,730.0,27,0.604,712557.85
40955.99,16937.56,996.09,646.0,39,0.438,343435.14
52507.6,39835.22,7477.45,763.0,38,0.901,89225.46
99396.9,37689.57,7187.32,782.0,36,0.451,1184923.43
58805.02,26574.9,2055.65,659.0,69,0.487,472394.21
41830.65,15325.34,447.85,642.0,59,0.377,374380.13
38059.57,13181.75,4907.16,672.0,56,0.475,445216.0
68317.98,53881.18,5412.9,587.0,62,0.868,136257.41
26671.3,16840.69,2509.8,547.0,42,0.726,118872.36
53816.6,30731.65,2310.9,645.0,30,0.614,359970.97
68330.76,30852.26,3420.15,603.0,60,0.502,667077.89
92478.75,63453.53,4297.38,822.0,36,0.733,495628.94
76688.7,32697.5,5157.8,644.0,24,0.494,709127.38
42148.37,28199.2,3954.51,716.0,48,0.763,199623.13
89460.48,37494.97,1424.78,630.0,19,0.435,960669.4
52512.12,23805.0,5622.98,823.0,61,0.56,502229.36
29107.42,19319.83,1124.5,664.0,62,0.702,176856.56
55698.97,37851.57,6303.67,581.0,21,0.793,182092.61
95954.23,61374.33,11445.01,734.0,18,0.759,393454.46
64131.0,25174.55,3182.84,701.0,69,0.442,627330.32
60313.05,29130.66,750.11,776.0,64,0.495,543542.54
100930.29,57887.04,13123.88,668.0,67,0.704,581354.82
24216.13,10233.93,2883.58,689.0,40,0.542,160824.66
27860.02,21052.27,2030.66,559.0,64,0.829,90008.66
19603.84,3920.77,2400.51,747.0,34,0.322,263861.64
69316.2,30027.02,3924.46,685.0,39,0.49,536540.47
64162.33,30385.03,3086.74,670.0,52,0.522,555151.79
98568.41,19713.68,13098.63,662.0,25,0.333,1217925.25
66086.88,22506.92,1704.25,657.0,24,0.366,814968.39
49896.07,32122.76,3864.84,748.0,18,0.721,262604.69
60044.87,33297.44,8246.44,606.0,42,0.692,318928.54
62942.69,49471.09,1674.67,739.0,68,0.813,219937.13
18205.97,14233.13,296.86,552.0,41,0.798,67843.02
127758.29,78565.85,9821.4,527.0,67,0.692,761356.35
72996.78,43578.03,2569.71,793.0,50,0.632,540095.51
65250.21,36532.92,3644.32,598.0,28,0.616,404556.67
75379.1,15075.82,6710.69,688.0,49,0.289,1015575.93
77735.27,26493.43,10848.59,659.0,46,0.48,858319.81
56486.16,31920.41,982.84,708.0,18,0.583,436339.82
44218.97,28406.44,1137.45,684.0,64,0.668,248235.36
74986.27,44500.64,4822.13,763.0,25,0.658,570824.07
69642.77,28980.46,526.04,566.0,62,0.424,687854.77
39752.75,27453.68,1242.11,734.0,46,0.722,210088.71
95475.89,73742.39,11096.73,676.0,48,0.889,164022.68
67333.8,46507.35,3324.91,557.0,52,0.74,294706.63
78245.48,54649.77,5998.45,638.0,24,0.775,337333.78
94798.02,44186.89,2869.09,552.0,48,0.496,751857.59
60547.22,43072.69,4056.86,546.0,62,0.778,216375.04
67923.8,38843.16,1518.84,645.0,67,0.594,490408.19
80250.68,50295.78,5025.09,775.0,49,0.689,484959.56
41878.47,25328.72,4006.45,705.0,47,0.7,236217.74
61351.29,32625.2,5155.51,784.0,29,0.616,537912.86
63138.71,26581.38,2606.39,686.0,52,0.462,589437.14
36098.54,19409.44,3527.55,804.0,27,0.635,241814.1
117940.92,82324.44,9550.6,796.0,43,0.779,468596.98
24817.66,12006.26,1895.65,604.0,22,0.56,181889.03
27547.4,18842.48,3516.9,686.0,40,0.812,84247.98
92855.66,61336.79,12494.45,622.0,26,0.795,324410.78
77831.66,39317.39,7493.89,668.0,50,0.601,603605.83
34350.88,26048.96,3312.72,813.0,54,0.855,108627.14
75182.23,37340.61,10343.95,629.0,47,0.634,431069.13
96696.26,75078.07,2123.46,585.0,50,0.798,318811.0
59243.42,36441.76,1443.85,590.0,19,0.639,383687.37
124970.57,68436.4,12338.03,648.0,59,0.646,737697.16
16898.45,7043.78,728.31,850.0,21,0.46,202182.26
77345.59,41516.09,3300.22,798.0,43,0.579,626188.07
89163.21,46314.59,4398.99,450.0,47,0.569,492999.45
82283.6,29725.41,4697.77,677.0,52,0.418,899105.03
54891.11,28398.34,7143.95,630.0,27,0.648,365802.53
52738.96,22647.67,2638.74,759.0,48,0.479,479102.78
71103.63,45356.92,5166.11,586.0,32,0.711,331697.61
80393.86,59969.16,5070.07,597.0,38,0.809,246822.91
75061.84,27469.83,2858.55,634.0,23,0.404,811060.5
86001.45,69389.94,5529.57,625.0,18,0.871,177869.88
34528.25,18324.74,2501.08,732.0,27,0.603,252911.44
54305.73,21925.76,1280.18,653.0,19,0.427,495332.65
36499.6,24223.44,4301.26,760.0,26,0.782,149317.9
50347.18,24319.29,5032.73,615.0,34,0.583,362415.7
85380.52,45912.48,6343.81,749.0,33,0.612,598424.37
62699.6,30682.57,3167.88,587.0,19,0.54,405279.45
125171.48,53509.47,6573.51,729.0,33,0.48,1457861.61
64835.16,42700.41,5502.2,640.0,52,0.743,304868.53
61492.3,31179.96,2760.3,751.0,45,0.552,491316.05
62654.57,20958.09,6779.66,485.0,68,0.443,569385.52
44054.78,27871.66,1812.94,617.0,30,0.674,269580.54
58554.08,21615.98,5273.37,773.0,23,0.459,639745.09
88194.7,33250.37,10550.52,664.0,42,0.497,853531.52
62849.27,45810.26,2318.99,544.0,56,0.766,267722.15
40163.51,14882.55,4075.56,623.0,43,0.472,340072.89
36872.88,7467.99,1575.71,711.0,61,0.245,498915.38
48744.95,31363.93,4080.79,615.0,63,0.727,232614.04
61846.59,31196.68,5745.31,773.0,32,0.597,499726.49
89839.66,46478.71,2690.5,767.0,19,0.547,805742.04
26487.78,13318.72,1385.55,733.0,39,0.555,174798.89
52004.34,30409.57,3936.38,762.0,59,0.66,434507.96
63607.75,27802.45,89.56,639.0,45,0.439,735335.87
15000.0,11571.26,976.45,799.0,34,0.837,45414.13
39160.04,12866.64,1457.25,766.0,40,0.366,509062.15
43002.79,26521.16,2727.59,670.0,32,0.68,230530.63
40100.74,25917.84,5788.9,550.0,55,0.791,124758.06
64797.24,28254.98,4314.08,491.0,51,0.503,464719.45
55986.01,22195.08,1067.82,759.0,47,0.416,595880.24
46117.85,32401.3,3232.21,551.0,18,0.773,181546.35
70699.07,28376.55,1683.58,606.0,58,0.425,735983.81
103076.87,47312.32,7053.89,718.0,33,0.527,887640.68
100981.41,68980.03,5823.49,576.0,42,0.741,370735.63
15000.0,8328.17,1791.48,850.0,65,0.675,103121.57
74426.8,20871.39,10758.43,699.0,63,0.425,896364.63
55549.42,45109.4,3645.38,798.0,40,0.878,130231.21
63878.88,30054.91,646.49,763.0,50,0.481,631872.96
50042.92,24500.34,3285.58,477.0,51,0.555,421523.85
62939.72,37031.69,3541.14,740.0,26,0.645,459134.86
63785.18,41062.45,4455.21,679.0,33,0.714,300138.83
45526.21,38431.66,1267.71,675.0,54,0.872,93673.21
37590.81,11314.45,2469.84,678.0,67,0.367,378484.79
48782.61,32874.25,1489.41,764.0,65,0.704,287091.53
65856.48,43560.87,1382.37,812.0,22,0.682,479547.56
74974.91,39693.61,8408.49,585.0,66,0.642,482386.45
81333.72,54338.33,10254.92,686.0,59,0.794,275755.94
47645.25,32881.94,810.44,792.0,29,0.707,295720.31
67096.11,22994.21,3794.09,663.0,22,0.399,665821.84
84062.56,68297.89,1379.13,696.0,40,0.829,329829.16
89139.87,28184.75,17253.58,697.0,25,0.51,757533.79
58529.18,22223.68,5529.71,849.0,60,0.474,555918.45
54476.71,27822.99,306.35,740.0,52,0.516,512687.33
64778.11,54332.06,8531.97,846.0,33,0.97,42062.39
31257.31,15746.23,1595.82,819.0,37,0.555,286418.22
55159.76,30073.65,10473.94,662.0,45,0.735,270469.37
78614.66,60125.42,11064.4,704.0,47,0.906,146200.66
76048.68,38400.95,591.61,844.0,28,0.513,753424.52
53243.31,19872.24,1918.01,589.0,67,0.409,557219.92
65442.96,31897.86,8744.41,741.0,34,0.621,506105.28
39383.74,29759.09,2454.01,742.0,27,0.818,118957.44
77587.3,43497.75,4080.16,658.0,41,0.613,523191.37
58054.46,48742.45,6674.04,650.0,48,0.955,50256.99
53101.21,35083.45,1284.46,661.0,28,0.685,254186.71
50956.9,23097.68,2061.53,736.0,64,0.494,502957.43
58427.65,32582.85,2264.0,798.0,25,0.596,439666.49
48803.06,20595.73,1381.31,739.0,48,0.45,493628.56
76453.58,34383.85,5231.47,579.0,54,0.518,625001.63
50117.91,45106.12,72.52,800.0,54,0.901,81676.69
99824.1,70155.75,6005.44,775.0,50,0.763,431270.98
96630.26,65627.86,7359.55,660.0,26,0.755,478987.58
37711.41,17216.13,4191.1,628.0,63,0.568,229424.69
61742.61,48494.97,3667.69,607.0,20,0.845,191983.65
43733.58,31265.68,667.7,766.0,66,0.73,213581.96
51833.81,43138.34,3294.05,530.0,30,0.896,82934.53
110060.69,90796.45,4672.06,768.0,69,0.867,283265.15
52310.71,17165.06,5119.15,644.0,45,0.426,608229.95
69005.65,26465.33,7426.06,703.0,69,0.491,560119.16
73533.03,29371.43,11268.0,406.0,41,0.553,460701.4
34984.27,14287.89,2513.83,538.0,27,0.48,320294.27
38622.61,23116.32,5847.34,626.0,59,0.75,181923.19
29849.44,13879.38,649.12,607.0,54,0.487,312089.69
37850.73,32585.31,2194.51,741.0,32,0.919,51719.26
15000.0,12535.53,174.95,704.0,59,0.847,37250.92
73614.56,40416.66,4159.34,835.0,45,0.606,630519.31
111354.85,93905.42,10844.22,721.0,54,0.941,115074.46
63695.52,49250.66,3751.52,628.0,18,0.832,195573.93
24593.28,11863.65,2738.74,778.0,30,0.594,207062.71
43930.59,10921.92,3277.47,643.0,21,0.323,439872.37
48528.08,25103.81,2587.67,638.0,57,0.571,435022.15
34560.38,15666.45,4510.46,680.0,47,0.584,270341.7
81504.57,47352.18,5869.79,810.0,69,0.653,525690.24
80256.5,45215.25,3204.86,764.0,20,0.603,617145.6
31113.71,17406.64,698.92,762.0,37,0.582,254149.99
78127.03,49106.95,716.27,837.0,52,0.638,582546.28
98170.32,36138.62,4286.72,760.0,44,0.412,1201276.76
107563.96,65797.31,20767.21,582.0,65,0.805,335639.92
131630.3,63716.64,16897.53,723.0,29,0.612,968638.53
37450.18,21721.01,2703.41,810.0,62,0.652,249300.64
130605.51,90589.48,20510.39,559.0,68,0.851,336322.69
51144.84,18736.4,1607.78,679.0,58,0.398,567514.56
45188.36,22946.92,3933.09,595.0,33,0.595,249527.55
68176.81,36285.05,1943.15,690.0,49,0.561,511098.64
45448.47,21490.75,1236.4,771.0,68,0.5,358782.48
69976.1,47931.84,9581.01,787.0,50,0.822,285743.25
26998.07,11931.57,1699.93,665.0,33,0.505,262359.41
54031.18,25215.81,6524.18,733.0,46,0.587,366312.26
92139.56,40865.01,7171.16,560.0,44,0.521,797074.98
58573.47,41810.23,5908.74,540.0,48,0.815,170304.49
63539.89,30253.47,4742.76,770.0,68,0.551,559012.6
71881.47,44495.12,3681.9,438.0,41,0.67,286889.38
89266.54,75551.25,14209.53,625.0,48,1.006,0.0
18619.38,10031.7,635.37,734.0,26,0.573,155830.69
74613.1,53483.35,9139.25,698.0,62,0.839,180683.32
53296.52,42674.69,2819.03,453.0,53,0.854,135324.33
64165.95,45177.88,3448.9,722.0,23,0.758,323585.92
86498.75,47356.32,2427.42,611.0,47,0.576,647473.5
30145.33,19483.42,2499.41,690.0,43,0.729,143230.4
34683.89,12378.44,236.48,630.0,57,0.364,375650.01
15000.0,6494.9,575.57,625.0,24,0.471,161329.47
46271.03,21252.22,1007.02,536.0,25,0.481,465137.22
93260.81,82637.64,17273.92,651.0,28,1.071,0.0
56985.32,24396.12,7661.75,779.0,20,0.563,398547.37
26496.88,11284.45,2249.99,646.0,21,0.511,226685.79
47858.03,18827.92,309.66,650.0,50,0.4,575983.6
22803.46,14456.75,639.34,624.0,37,0.662,125730.77
31870.35,18210.5,635.96,577.0,22,0.591,197095.21
69720.47,49711.66,9550.32,600.0,51,0.85,213582.28
30653.17,19945.68,3796.13,698.0,31,0.775,108420.95
87815.86,30115.7,6681.71,850.0,30,0.419,1177421.93
58221.99,24971.9,2798.11,758.0,66,0.477,583910.78
62139.87,46903.13,4183.11,730.0,62,0.822,205961.98
53040.68,27554.91,2241.69,839.0,41,0.562,487807.4
79321.2,57756.84,7394.25,717.0,47,0.821,261222.09
79579.0,41981.73,2940.83,766.0,57,0.565,660619.86
68376.36,27682.27,2423.5,697.0,28,0.44,641222.77
74119.73,37394.21,6102.82,716.0,26,0.587,548699.04
54697.76,22141.24,2101.56,567.0,30,0.443,545499.07
73555.08,34215.4,2411.85,655.0,30,0.498,580176.6
51553.06,29907.93,158.59,635.0,49,0.583,411112.62
60055.79,37639.41,1420.92,631.0,24,0.65,361609.23
53133.91,16549.69,3649.13,626.0,28,0.38,506917.8
48569.54,26586.71,5821.97,794.0,66,0.667,312025.17
42772.21,19761.09,1786.7,651.0,59,0.504,393392.16
71692.25,32457.79,3613.68,668.0,18,0.503,590920.36
92765.15,52867.11,3400.3,850.0,45,0.607,842637.78
89277.55,41731.2,5627.05,742.0,25,0.53,864689.36
28585.87,21648.67,3531.47,681.0,32,0.881,65760.05
92230.08,67162.8,10126.17,765.0,22,0.838,279596.92
52046.04,37851.74,4860.15,626.0,39,0.821,177048.35
75018.33,35690.98,6567.07,646.0,37,0.563,647922.78
37344.62,15147.92,4693.71,651.0,21,0.531,292615.11
63549.5,35734.17,1554.06,700.0,62,0.587,482612.46
67843.08,35783.68,5840.75,717.0,42,0.614,479961.42
22884.88,10496.76,714.63,604.0,33,0.49,196880.77
75206.68,28100.21,1442.02,713.0,57,0.393,965785.09
93648.38,50923.39,5997.02,728.0,63,0.608,770487.89
55633.8,27226.6,2928.78,643.0,44,0.542,497020.08
94004.2,61408.44,2215.47,667.0,46,0.677,579199.95
55257.66,35904.55,4742.31,589.0,29,0.736,250097.47
81239.61,58096.07,8784.43,559.0,69,0.823,235403.62
15000.0,5416.59,393.22,588.0,24,0.387,163432.71
120469.44,73505.49,10869.23,738.0,41,0.7,574242.96
97386.46,42935.75,5461.88,722.0,22,0.497,995963.17
52884.36,19405.28,1431.6,834.0,64,0.394,704297.89
15000.0,7285.64,390.04,683.0,59,0.512,120942.0
67200.71,47733.05,6573.3,684.0,50,0.808,203012.01
23901.86,11811.16,649.78,707.0,55,0.521,223010.6
71121.34,55817.32,5528.65,595.0,57,0.863,141578.72
70289.14,44446.06,2519.32,752.0,60,0.668,457314.08
36464.92,17900.13,2348.41,711.0,23,0.555,277307.07
88024.18,63730.14,4505.32,604.0,25,0.775,292509.93
80139.37,49430.72,1915.18,710.0,39,0.641,571830.79
84395.58,34611.99,3487.93,741.0,67,0.451,997902.37
60221.44,49912.76,2649.46,573.0,31,0.873,123963.54
24611.9,14494.48,1516.95,765.0,26,0.651,178800.88
84446.81,46683.84,12307.33,644.0,30,0.699,416384.89
53240.72,22450.02,532.44,434.0,67,0.432,498979.06
25255.5,18359.0,4252.74,758.0,49,0.895,48056.85
93800.98,58868.68,12700.09,787.0,31,0.763,494768.24
112485.19,72483.85,10538.91,590.0,52,0.738,389417.01
58968.8,27943.56,669.77,546.0,42,0.485,475087.2
113978.03,76948.29,2068.76,786.0,48,0.693,655487.49
62282.87,42774.13,4075.96,631.0,66,0.752,228233.33
50488.6,22703.88,2199.91,788.0,60,0.493,533518.48
44238.54,14928.36,1305.29,537.0,62,0.367,457039.03
100927.06,64311.32,7169.85,792.0,69,0.708,619740.71
40496.4,12715.79,811.11,766.0,37,0.334,479588.18
78381.73,44897.24,6225.33,723.0,59,0.652,453236.68
46020.9,22224.1,7106.94,520.0,54,0.637,255158.79
48492.33,35535.17,3275.25,651.0,24,0.8,151521.04
85756.24,42112.61,14840.83,761.0,27,0.664,532970.02
50499.08,36161.93,307.7,545.0,23,0.722,262435.36
49880.12,23586.74,3308.05,638.0,42,0.539,416442.31
88320.12,61823.96,4281.88,712.0,67,0.748,439166.82
99934.93,85849.23,8742.92,587.0,23,0.947,86849.88
76117.25,29669.96,3443.57,784.0,62,0.435,757033.07
43630.76,25908.18,2433.12,768.0,34,0.65,299582.18
47234.79,42511.31,2266.2,699.0,39,0.948,45414.05
61997.88,34718.09,4254.21,715.0,40,0.629,474243.97
68023.25,38043.24,1464.83,637.0,46,0.581,565872.89
35303.35,23592.34,1317.5,727.0,24,0.706,213199.44
78075.95,43422.89,6135.25,632.0,52,0.635,605514.99
62137.83,18263.31,2548.69,664.0,56,0.335,746620.16
17107.29,12314.57,4234.08,641.0,69,0.967,10497.6
36776.84,9177.94,1063.75,795.0,37,0.278,582302.08
47396.78,23105.04,2082.1,777.0,43,0.531,465211.75
58178.56,42535.15,819.59,600.0,46,0.745,279902.5
107231.97,53242.67,3691.17,787.0,46,0.531,985824.98
65954.28,29412.02,3029.58,616.0,24,0.492,578164.53
38980.7,26580.54,1752.68,828.0,51,0.727,206268.08
65515.77,27669.46,5095.48,806.0,22,0.5,632231.66
51197.81,18772.5,7068.92,850.0,30,0.505,515463.47
68118.96,40270.37,8672.12,703.0,23,0.718,329901.09
74514.19,38938.25,14540.93,658.0,49,0.718,333993.09
90230.77,32794.28,14603.15,656.0,53,0.525,676630.51
59392.84,38340.62,11710.29,710.0,50,0.843,195159.46
100974.01,62570.88,2137.28,599.0,60,0.641,595667.55
82700.57,41022.52,6623.62,487.0,50,0.576,586642.17
42314.01,21423.59,1970.67,648.0,36,0.553,330985.06
115246.39,71517.18,3424.89,683.0,58,0.65,830329.05
68174.86,49669.08,1868.16,724.0,35,0.756,272004.75
39121.89,19857.53,3019.6,712.0,31,0.585,295832.42
101322.83,65677.79,5011.41,691.0,38,0.698,531268.24
111944.44,71060.1,8900.5,774.0,56,0.714,616700.94
